Date,Open,High,Low,Close,Adj Close,Volume
30 Dec 2025,272.81,274.08,272.28,273.08,272.34,22139600
29 Dec 2025,272.69,274.36,272.35,273.76,273.02,23715200
26 Dec 2025,274.16,275.37,272.86,273.40,272.66,21521800
24 Dec 2025,272.34,275.43,272.20,273.81,273.07,17910600
23 Dec 2025,270.84,272.50,269.56,272.36,271.62,29642000
22 Dec 2025,272.86,273.88,270.51,270.97,270.23,36571800
19 Dec 2025,272.15,274.60,269.90,273.67,272.93,144632000
18 Dec 2025,273.61,273.63,266.95,272.19,271.45,51630700
17 Dec 2025,275.01,276.16,271.64,271.84,271.10,50138700
16 Dec 2025,272.82,275.50,271.79,274.61,273.86,37648600
15 Dec 2025,280.15,280.15,272.84,274.11,273.37,50409100
12 Dec 2025,277.90,279.22,276.82,278.28,277.52,39532900
11 Dec 2025,279.10,279.59,273.81,278.03,277.28,33248000
10 Dec 2025,277.75,279.75,276.44,278.78,278.02,33038300
09 Dec 2025,278.16,280.03,276.92,277.18,276.43,32193300
08 Dec 2025,278.13,279.67,276.15,277.89,277.14,38211800
05 Dec 2025,280.54,281.14,278.05,278.78,278.02,47265800
04 Dec 2025,284.10,284.73,278.59,280.70,279.94,43989100
03 Dec 2025,286.20,288.62,283.30,284.15,283.38,43538700
02 Dec 2025,283.00,287.40,282.63,286.19,285.41,53669500
01 Dec 2025,278.01,283.42,276.14,283.10,282.33,46587700
28 Nov 2025,277.26,279.00,275.99,278.85,278.09,20135600
26 Nov 2025,276.96,279.53,276.63,277.55,276.80,33431400
25 Nov 2025,275.27,280.38,275.25,276.97,276.22,46914200
24 Nov 2025,270.90,277.00,270.90,275.92,275.17,65585800
21 Nov 2025,265.95,273.33,265.67,271.49,270.75,59030800
20 Nov 2025,270.83,275.43,265.92,266.25,265.53,45823600
19 Nov 2025,265.53,272.21,265.50,268.56,267.83,40424500
18 Nov 2025,269.99,270.71,265.32,267.44,266.71,45677300
17 Nov 2025,268.82,270.49,265.73,267.46,266.73,45018300
14 Nov 2025,271.05,275.96,269.60,272.41,271.67,47431300
13 Nov 2025,274.11,276.70,272.09,272.95,272.21,49602800
12 Nov 2025,275.00,275.73,271.70,273.47,272.73,48398000
11 Nov 2025,269.81,275.91,269.80,275.25,274.50,46208300
10 Nov 2025,268.96,273.73,267.46,269.43,268.70,41312400
07 Nov 2025,269.80,272.29,266.77,268.47,267.48,48227400
06 Nov 2025,267.89,273.40,267.89,269.77,268.78,51204000
05 Nov 2025,268.61,271.70,266.93,270.14,269.15,43683100
04 Nov 2025,268.33,271.49,267.62,270.04,269.05,49274800
03 Nov 2025,270.42,270.85,266.25,269.05,268.06,50194600
31 Oct 2025,276.99,277.32,269.16,270.37,269.37,86167100
30 Oct 2025,271.99,274.14,268.48,271.40,270.40,69886500
29 Oct 2025,269.28,271.41,267.11,269.70,268.71,51086700
28 Oct 2025,268.99,269.89,268.15,269.00,268.01,41534800
27 Oct 2025,264.88,269.12,264.65,268.81,267.82,44888200
24 Oct 2025,261.19,264.13,259.18,262.82,261.85,38253700
23 Oct 2025,259.94,260.62,258.01,259.58,258.62,32754900
22 Oct 2025,262.65,262.85,255.43,258.45,257.50,45015300
21 Oct 2025,261.88,265.29,261.83,262.77,261.80,46695900
20 Oct 2025,255.89,264.38,255.63,262.24,261.27,90483000
17 Oct 2025,248.02,253.38,247.27,252.29,251.36,49147000
16 Oct 2025,248.25,249.04,245.13,247.45,246.54,39777000
15 Oct 2025,249.49,251.82,247.47,249.34,248.42,33893600
14 Oct 2025,246.60,248.85,244.70,247.77,246.86,35478000
13 Oct 2025,249.38,249.69,245.56,247.66,246.75,38142900
10 Oct 2025,254.94,256.38,244.00,245.27,244.37,61999100
09 Oct 2025,257.81,258.00,253.14,254.04,253.11,38322000
08 Oct 2025,256.52,258.52,256.11,258.06,257.11,36496900
07 Oct 2025,256.81,257.40,255.43,256.48,255.54,31955800
06 Oct 2025,257.99,259.07,255.05,256.69,255.75,44664100
03 Oct 2025,254.67,259.24,253.95,258.02,257.07,49155600
02 Oct 2025,256.58,258.18,254.15,257.13,256.18,42630200
01 Oct 2025,255.04,258.79,254.93,255.45,254.51,48713900
30 Sep 2025,254.86,255.92,253.11,254.63,253.69,37704300
29 Sep 2025,254.56,255.00,253.01,254.43,253.49,40127700
26 Sep 2025,254.10,257.60,253.78,255.46,254.52,46076300
25 Sep 2025,253.21,257.17,251.71,256.87,255.92,55202100
24 Sep 2025,255.22,255.74,251.04,252.31,251.38,42303700
23 Sep 2025,255.88,257.34,253.58,254.43,253.49,60275200
22 Sep 2025,248.30,256.64,248.12,256.08,255.14,105517400
19 Sep 2025,241.23,246.30,240.21,245.50,244.60,163741300
18 Sep 2025,239.97,241.20,236.65,237.88,237.00,44249600
17 Sep 2025,238.97,240.10,237.73,238.99,238.11,46508000
16 Sep 2025,237.18,241.22,236.32,238.15,237.27,63421100
15 Sep 2025,237.00,238.19,235.03,236.70,235.83,42699500
12 Sep 2025,229.22,234.51,229.02,234.07,233.21,55824200
11 Sep 2025,226.88,230.45,226.65,230.03,229.18,50208600
10 Sep 2025,232.19,232.42,225.95,226.79,225.96,83440800
09 Sep 2025,237.00,238.78,233.36,234.35,233.49,66313900
08 Sep 2025,239.30,240.15,236.34,237.88,237.00,48999500
05 Sep 2025,240.00,241.32,238.49,239.69,238.81,54870400
04 Sep 2025,238.45,239.90,236.74,239.78,238.90,47549400
03 Sep 2025,237.21,238.85,234.36,238.47,237.59,66427800
02 Sep 2025,229.25,230.85,226.97,229.72,228.87,44075600
29 Aug 2025,232.51,233.38,231.37,232.14,231.29,39418400
28 Aug 2025,230.82,233.41,229.34,232.56,231.70,38074700
27 Aug 2025,228.61,230.90,228.26,230.49,229.64,31259500
26 Aug 2025,226.87,229.49,224.69,229.31,228.47,54575100
25 Aug 2025,226.48,229.30,226.23,227.16,226.32,30983100
22 Aug 2025,226.17,229.09,225.41,227.76,226.92,42477800
21 Aug 2025,226.27,226.52,223.78,224.90,224.07,30621200
20 Aug 2025,229.98,230.47,225.77,226.01,225.18,42263900
19 Aug 2025,231.28,232.87,229.35,230.56,229.71,39402600
18 Aug 2025,231.70,233.12,230.11,230.89,230.04,37476200
15 Aug 2025,234.00,234.28,229.34,231.59,230.74,56038700
14 Aug 2025,234.06,235.12,230.85,232.78,231.92,51916300
13 Aug 2025,231.07,235.00,230.43,233.33,232.47,69878500
12 Aug 2025,228.01,230.80,227.07,229.65,228.80,55626200
11 Aug 2025,227.92,229.56,224.76,227.18,226.34,61806100
08 Aug 2025,220.83,231.00,219.25,229.35,228.25,113854000
07 Aug 2025,218.88,220.85,216.58,220.03,218.97,90224800
06 Aug 2025,205.63,215.38,205.59,213.25,212.22,108483100
05 Aug 2025,203.40,205.34,202.16,202.92,201.94,44155100
04 Aug 2025,204.51,207.88,201.68,203.35,202.37,75109300
01 Aug 2025,210.87,213.58,201.50,202.38,201.41,104434500
31 Jul 2025,208.49,209.84,207.16,207.57,206.57,80698400
30 Jul 2025,211.90,212.39,207.72,209.05,208.04,45512500
29 Jul 2025,214.18,214.81,210.82,211.27,210.25,51411700
28 Jul 2025,214.03,214.85,213.06,214.05,213.02,37858000
25 Jul 2025,214.70,215.24,213.40,213.88,212.85,40268800
24 Jul 2025,213.90,215.69,213.53,213.76,212.73,46022600
23 Jul 2025,215.00,215.15,212.41,214.15,213.12,46989300
22 Jul 2025,213.14,214.95,212.23,214.40,213.37,46404100
21 Jul 2025,212.10,215.78,211.63,212.48,211.46,51377400
18 Jul 2025,210.87,211.79,209.70,211.18,210.16,48974600
17 Jul 2025,210.57,211.80,209.59,210.02,209.01,48068100
16 Jul 2025,210.30,212.40,208.64,210.16,209.15,47490500
15 Jul 2025,209.22,211.89,208.92,209.11,208.10,42296300
14 Jul 2025,209.93,210.91,207.54,208.62,207.62,38840100
11 Jul 2025,210.57,212.13,209.86,211.16,210.14,39765800
10 Jul 2025,210.51,213.48,210.03,212.41,211.39,44443600
09 Jul 2025,209.53,211.33,207.22,211.14,210.12,48749400
08 Jul 2025,210.10,211.43,208.45,210.01,209.00,42848900
07 Jul 2025,212.68,216.23,208.80,209.95,208.94,50229000
03 Jul 2025,212.15,214.65,211.81,213.55,212.52,34955800
02 Jul 2025,208.91,213.34,208.14,212.44,211.42,67941800
01 Jul 2025,206.67,210.19,206.14,207.82,206.82,78788900
30 Jun 2025,202.01,207.39,199.26,205.17,204.18,91912800
27 Jun 2025,201.89,203.22,200.00,201.08,200.11,73188600
26 Jun 2025,201.43,202.64,199.46,201.00,200.03,50799100
25 Jun 2025,201.45,203.67,200.62,201.56,200.59,39525700
24 Jun 2025,202.59,203.44,200.20,200.30,199.34,54064000
23 Jun 2025,201.63,202.30,198.96,201.50,200.53,55814300
20 Jun 2025,198.24,201.70,196.86,201.00,200.03,96813500
18 Jun 2025,195.94,197.57,195.07,196.58,195.63,45394700
17 Jun 2025,197.20,198.39,195.21,195.64,194.70,38856200
16 Jun 2025,197.30,198.69,196.56,198.42,197.47,43020700
13 Jun 2025,199.73,200.37,195.70,196.45,195.51,51447300
12 Jun 2025,199.08,199.68,197.36,199.20,198.24,43904600
11 Jun 2025,203.50,204.50,198.41,198.78,197.82,60989900
10 Jun 2025,200.60,204.35,200.57,202.67,201.70,54672600
09 Jun 2025,204.39,206.00,200.02,201.45,200.48,72862600
06 Jun 2025,203.00,205.70,202.05,203.92,202.94,46607700
05 Jun 2025,203.50,204.75,200.15,200.63,199.67,55126100
04 Jun 2025,202.91,206.24,202.10,202.82,201.84,43604000
03 Jun 2025,201.35,203.77,200.96,203.27,202.29,46381600
02 Jun 2025,200.28,202.13,200.12,201.70,200.73,35423300
30 May 2025,199.37,201.96,196.78,200.85,199.88,70819900
29 May 2025,203.58,203.81,198.51,199.95,198.99,51396800
28 May 2025,200.59,202.73,199.90,200.42,199.46,45339700
27 May 2025,198.30,200.74,197.43,200.21,199.25,56288500
23 May 2025,193.67,197.70,193.46,195.27,194.33,78432900
22 May 2025,200.71,202.75,199.70,201.36,200.39,46742400
21 May 2025,205.17,207.04,200.71,202.09,201.12,59211800
20 May 2025,207.67,208.47,205.03,206.86,205.87,42496600
19 May 2025,207.91,209.48,204.26,208.78,207.78,46140500
16 May 2025,212.36,212.57,209.77,211.26,210.24,54737900
15 May 2025,210.95,212.96,209.54,211.45,210.43,45029500
14 May 2025,212.43,213.94,210.58,212.33,211.31,49325800
13 May 2025,210.43,213.40,209.00,212.93,211.91,51909300
12 May 2025,210.97,211.27,206.75,210.79,209.78,63775800
09 May 2025,199.00,200.54,197.54,198.53,197.32,36453900
08 May 2025,197.72,200.05,194.68,197.49,196.28,50478900
07 May 2025,199.17,199.44,193.25,196.25,195.05,68536700
06 May 2025,198.21,200.65,197.02,198.51,197.30,51216500
05 May 2025,203.10,204.10,198.21,198.89,197.67,69018500
02 May 2025,206.09,206.99,202.16,205.35,204.09,101010600
01 May 2025,209.08,214.56,208.90,213.32,212.02,57365700
30 Apr 2025,209.30,213.58,206.67,212.50,211.20,52286500
29 Apr 2025,208.69,212.24,208.37,211.21,209.92,36827600
28 Apr 2025,210.00,211.50,207.46,210.14,208.86,38743100
25 Apr 2025,206.37,209.75,206.20,209.28,208.00,38222300
24 Apr 2025,204.89,208.83,202.94,208.37,207.10,47311000
23 Apr 2025,206.00,208.00,202.80,204.60,203.35,52929200
22 Apr 2025,196.12,201.59,195.97,199.74,198.52,52976400
21 Apr 2025,193.27,193.80,189.81,193.16,191.98,46742500
17 Apr 2025,197.20,198.83,194.42,196.98,195.78,52164700
16 Apr 2025,198.36,200.70,192.37,194.27,193.08,59732400
15 Apr 2025,201.86,203.51,199.80,202.14,200.90,51343900
14 Apr 2025,211.44,212.94,201.16,202.52,201.28,101352900
11 Apr 2025,186.10,199.54,186.06,198.15,196.94,87435900
10 Apr 2025,189.07,194.78,183.00,190.42,189.26,121880000
09 Apr 2025,171.95,200.61,171.89,198.85,197.63,184395900
08 Apr 2025,186.70,190.34,169.21,172.42,171.37,120859500
07 Apr 2025,177.20,194.15,174.62,181.46,180.35,160466300
04 Apr 2025,193.89,199.88,187.34,188.38,187.23,125910900
03 Apr 2025,205.54,207.49,201.25,203.19,201.95,103419000
02 Apr 2025,221.32,225.19,221.02,223.89,222.52,35905900
01 Apr 2025,219.81,223.68,218.90,223.19,221.83,36412700
31 Mar 2025,217.01,225.62,216.23,222.13,220.77,65299300
28 Mar 2025,221.67,223.81,217.68,217.90,216.57,39818600
27 Mar 2025,221.39,224.99,220.56,223.85,222.48,37094800
26 Mar 2025,223.51,225.02,220.47,221.53,220.18,34466100
25 Mar 2025,220.77,224.10,220.08,223.75,222.38,34493600
24 Mar 2025,221.00,221.48,218.58,220.73,219.38,44299500
21 Mar 2025,211.56,218.84,211.28,218.27,216.94,94127800
20 Mar 2025,213.99,217.49,212.22,214.10,212.79,48862900
19 Mar 2025,214.22,218.76,213.75,215.24,213.92,54385400
18 Mar 2025,214.16,215.15,211.49,212.69,211.39,42432400
17 Mar 2025,213.31,215.22,209.97,214.00,212.69,48073400
14 Mar 2025,211.25,213.95,209.58,213.49,212.18,60107600
13 Mar 2025,215.95,216.84,208.42,209.68,208.40,61368300
12 Mar 2025,220.14,221.75,214.91,216.98,215.65,62547500
11 Mar 2025,223.81,225.84,217.45,220.84,219.49,76137400
10 Mar 2025,235.54,236.16,224.22,227.48,226.09,72071200
07 Mar 2025,235.11,241.37,234.76,239.07,237.61,46273600
06 Mar 2025,234.44,237.86,233.16,235.33,233.89,45170400
05 Mar 2025,235.42,236.55,229.23,235.74,234.30,47227600
04 Mar 2025,237.71,240.07,234.68,235.93,234.49,53798100
03 Mar 2025,241.79,244.03,236.11,238.03,236.57,47184000
28 Feb 2025,236.95,242.09,230.20,241.84,240.36,56833400
27 Feb 2025,239.41,242.46,237.06,237.30,235.85,41153600
26 Feb 2025,244.33,244.98,239.13,240.36,238.89,44433600
25 Feb 2025,248.00,250.00,244.91,247.04,245.53,48013300
24 Feb 2025,244.93,248.86,244.42,247.10,245.59,51326400
21 Feb 2025,245.95,248.69,245.22,245.55,244.05,53197400
20 Feb 2025,244.94,246.78,244.29,245.83,244.33,32316900
19 Feb 2025,244.66,246.01,243.16,244.87,243.37,32204200
18 Feb 2025,244.15,245.18,241.84,244.47,242.98,48822500
14 Feb 2025,241.25,245.55,240.99,244.60,243.10,40896200
13 Feb 2025,236.91,242.34,235.57,241.53,240.05,53614100
12 Feb 2025,231.20,236.96,230.68,236.87,235.42,45243300
11 Feb 2025,228.20,235.23,228.13,232.62,231.20,53718400
10 Feb 2025,229.57,230.59,227.20,227.65,226.26,33115600
07 Feb 2025,232.60,234.00,227.26,227.63,225.99,39707200
06 Feb 2025,231.29,233.80,230.43,233.22,231.54,29925300
05 Feb 2025,228.53,232.67,228.27,232.47,230.80,39620300
04 Feb 2025,227.25,233.13,226.65,232.80,231.12,45067300
03 Feb 2025,229.99,231.83,225.70,228.01,226.37,73063300
31 Jan 2025,247.19,247.19,233.44,236.00,234.30,100959800
30 Jan 2025,238.67,240.79,237.21,237.59,235.88,55658300
29 Jan 2025,234.12,239.86,234.01,239.36,237.64,45486100
28 Jan 2025,230.85,240.19,230.81,238.26,236.54,75707600
27 Jan 2025,224.02,232.15,223.98,229.86,228.20,94863400
24 Jan 2025,224.78,225.63,221.41,222.78,221.17,54697900
23 Jan 2025,224.74,227.03,222.30,223.66,222.05,60234800
22 Jan 2025,219.79,224.12,219.79,223.83,222.22,64126500
21 Jan 2025,224.00,224.42,219.38,222.64,221.04,98070400
17 Jan 2025,232.12,232.29,228.48,229.98,228.32,68488300
16 Jan 2025,237.35,238.01,228.03,228.26,226.62,71759100
15 Jan 2025,234.64,238.96,234.43,237.87,236.16,39832000
14 Jan 2025,234.75,236.12,232.47,233.28,231.60,39435300
13 Jan 2025,233.53,234.67,229.72,234.40,232.71,49630700
10 Jan 2025,240.01,240.16,233.00,236.85,235.14,61710900
08 Jan 2025,241.92,243.71,240.05,242.70,240.95,37628900
07 Jan 2025,242.98,245.55,241.35,242.21,240.46,40856000
06 Jan 2025,244.31,247.33,243.20,245.00,243.23,45045600
03 Jan 2025,243.36,244.18,241.89,243.36,241.61,40244100
02 Jan 2025,248.93,249.10,241.82,243.85,242.09,55740700
31 Dec 2024,252.44,253.28,249.43,250.42,248.62,39480700
30 Dec 2024,252.23,253.50,250.75,252.20,250.38,35557500
27 Dec 2024,257.83,258.70,253.06,255.59,253.75,42355300
26 Dec 2024,258.19,260.10,257.63,259.02,257.15,27237100
24 Dec 2024,255.49,258.21,255.29,258.20,256.34,23234700
23 Dec 2024,254.77,255.65,253.45,255.27,253.43,40858800
20 Dec 2024,248.04,255.00,245.69,254.49,252.66,147495300
19 Dec 2024,247.50,252.00,247.09,249.79,247.99,60882300
18 Dec 2024,252.16,254.28,247.74,248.05,246.26,56774100
17 Dec 2024,250.08,253.83,249.78,253.48,251.65,51356400
16 Dec 2024,247.99,251.38,247.65,251.04,249.23,51694800
13 Dec 2024,247.82,249.29,246.24,248.13,246.34,33155300
12 Dec 2024,246.89,248.74,245.68,247.96,246.17,32777500
11 Dec 2024,247.96,250.80,246.26,246.49,244.71,45205800
10 Dec 2024,246.89,248.21,245.34,247.77,245.98,36914800
09 Dec 2024,241.83,247.24,241.75,246.75,244.97,44649200
06 Dec 2024,242.91,244.63,242.08,242.84,241.09,36870600
05 Dec 2024,243.99,244.54,242.13,243.04,241.29,40033900
04 Dec 2024,242.87,244.11,241.25,243.01,241.26,44383900
03 Dec 2024,239.81,242.76,238.90,242.65,240.90,38861000
02 Dec 2024,237.27,240.79,237.16,239.59,237.86,48137100
29 Nov 2024,234.81,237.81,233.97,237.33,235.62,28481400
27 Nov 2024,234.47,235.69,233.81,234.93,233.24,33498400
26 Nov 2024,233.33,235.57,233.33,235.06,233.37,45986200
25 Nov 2024,231.46,233.25,229.74,232.87,231.19,90152800
22 Nov 2024,228.06,230.72,228.06,229.87,228.21,38168300
21 Nov 2024,228.88,230.16,225.71,228.52,226.87,42108300
20 Nov 2024,228.06,229.93,225.89,229.00,227.35,35169600
19 Nov 2024,226.98,230.16,226.66,228.28,226.64,36211800
18 Nov 2024,225.25,229.74,225.17,228.02,226.38,44633700
15 Nov 2024,226.40,226.92,224.27,225.00,223.38,47923700
14 Nov 2024,225.02,228.87,225.00,228.22,226.58,44923900
13 Nov 2024,224.01,226.65,222.76,225.12,223.50,48566200
12 Nov 2024,224.55,225.59,223.36,224.23,222.61,40398300
11 Nov 2024,225.00,225.70,221.50,224.23,222.61,42005600
08 Nov 2024,227.17,228.66,226.41,226.96,225.32,38328800
07 Nov 2024,224.63,227.88,224.57,227.48,225.59,42137700
06 Nov 2024,222.61,226.07,221.19,222.72,220.87,54561100
05 Nov 2024,221.80,223.95,221.14,223.45,221.60,28111300
04 Nov 2024,220.99,222.79,219.71,222.01,220.17,44944500
01 Nov 2024,220.97,225.35,220.27,222.91,221.06,65276700
31 Oct 2024,229.34,229.83,225.37,225.91,224.04,64370100
30 Oct 2024,232.61,233.47,229.55,230.10,228.19,47070900
29 Oct 2024,233.10,234.33,232.32,233.67,231.73,35417200
28 Oct 2024,233.32,234.73,232.55,233.40,231.46,36087100
25 Oct 2024,229.74,233.22,229.57,231.41,229.49,38802300
24 Oct 2024,229.98,230.82,228.41,230.57,228.66,31109500
23 Oct 2024,234.08,235.14,227.76,230.76,228.85,52287000
22 Oct 2024,233.89,236.22,232.60,235.86,233.90,38846600
21 Oct 2024,234.45,236.85,234.45,236.48,234.52,36254500
18 Oct 2024,236.18,236.18,234.01,235.00,233.05,46431500
17 Oct 2024,233.43,233.85,230.52,232.15,230.22,32993800
16 Oct 2024,231.60,232.12,229.84,231.78,229.86,34082200
15 Oct 2024,233.61,237.49,232.37,233.85,231.91,64751400
14 Oct 2024,228.70,231.73,228.60,231.30,229.38,39882100
11 Oct 2024,229.30,229.41,227.34,227.55,225.66,31759200
10 Oct 2024,227.78,229.50,227.17,229.04,227.14,28183500
09 Oct 2024,225.23,229.75,224.83,229.54,227.64,33591100
08 Oct 2024,224.30,225.98,223.25,225.77,223.90,31855700
07 Oct 2024,224.50,225.69,221.33,221.69,219.85,39505400
04 Oct 2024,227.90,228.00,224.13,226.80,224.92,37245100
03 Oct 2024,225.14,226.81,223.32,225.67,223.80,34044200
02 Oct 2024,225.89,227.37,223.02,226.78,224.90,32880600
01 Oct 2024,229.52,229.65,223.74,226.21,224.33,63285000
30 Sep 2024,230.04,233.00,229.65,233.00,231.07,54541900
27 Sep 2024,228.46,229.52,227.30,227.79,225.90,34026000
26 Sep 2024,227.30,228.50,225.41,227.52,225.63,36636700
25 Sep 2024,224.93,227.29,224.02,226.37,224.49,42308700
24 Sep 2024,228.65,229.35,225.73,227.37,225.48,43556100
23 Sep 2024,227.34,229.45,225.81,226.47,224.59,54146000
20 Sep 2024,229.97,233.09,227.62,228.20,226.31,318679900
19 Sep 2024,224.99,229.82,224.63,228.87,226.97,66781300
18 Sep 2024,217.55,222.71,217.54,220.69,218.86,59894900
17 Sep 2024,215.75,216.90,214.50,216.79,214.99,45519300
16 Sep 2024,216.54,217.22,213.92,216.32,214.53,59357400
13 Sep 2024,223.58,224.04,221.91,222.50,220.65,36766600
12 Sep 2024,222.50,223.55,219.82,222.77,220.92,37455600
11 Sep 2024,221.46,223.09,217.89,222.66,220.81,44587100
10 Sep 2024,218.92,221.48,216.73,220.11,218.28,51591000
09 Sep 2024,220.82,221.27,216.71,220.91,219.08,67180000
06 Sep 2024,223.95,225.24,219.77,220.82,218.99,48423000
05 Sep 2024,221.63,225.48,221.52,222.38,220.54,36615400
04 Sep 2024,221.66,221.78,217.48,220.85,219.02,43840200
03 Sep 2024,228.55,229.00,221.17,222.77,220.92,50190600
30 Aug 2024,230.19,230.40,227.48,229.00,227.10,52990800
29 Aug 2024,230.10,232.92,228.88,229.79,227.88,51906300
28 Aug 2024,227.92,229.86,225.68,226.49,224.61,38052200
27 Aug 2024,226.00,228.85,224.89,228.03,226.14,35934600
26 Aug 2024,226.76,227.28,223.89,227.18,225.30,30602200
23 Aug 2024,225.66,228.22,224.33,226.84,224.96,38677300
22 Aug 2024,227.79,228.34,223.90,224.53,222.67,43695300
21 Aug 2024,226.52,227.98,225.05,226.40,224.52,34765500
20 Aug 2024,225.77,227.17,225.45,226.51,224.63,30299000
19 Aug 2024,225.72,225.99,223.04,225.89,224.02,40687800
16 Aug 2024,223.92,226.83,223.65,226.05,224.17,44340200
15 Aug 2024,224.60,225.35,222.76,224.72,222.86,46414000
14 Aug 2024,220.57,223.03,219.70,221.72,219.88,41960600
13 Aug 2024,219.01,221.89,219.01,221.27,219.43,44155300
12 Aug 2024,216.07,219.51,215.60,217.53,215.73,38028100
09 Aug 2024,212.10,216.78,211.97,216.24,214.20,42201600
08 Aug 2024,213.11,214.20,208.83,213.31,211.30,47161100
07 Aug 2024,206.90,213.64,206.39,209.82,207.84,63516400
06 Aug 2024,205.30,209.99,201.07,207.23,205.27,69660500
05 Aug 2024,199.09,213.50,196.00,209.27,207.29,119548600
02 Aug 2024,219.15,225.60,217.71,219.86,217.78,105568600
01 Aug 2024,224.37,224.48,217.02,218.36,216.30,62501000
31 Jul 2024,221.44,223.82,220.63,222.08,219.98,50036300
30 Jul 2024,219.19,220.33,216.12,218.80,216.73,41643800
29 Jul 2024,216.96,219.30,215.75,218.24,216.18,36311800
26 Jul 2024,218.70,219.49,216.01,217.96,215.90,41601300
25 Jul 2024,218.93,220.85,214.62,217.49,215.44,51391200
24 Jul 2024,224.00,224.80,217.13,218.54,216.48,61777600
23 Jul 2024,224.37,226.94,222.68,225.01,222.89,39960300
22 Jul 2024,227.01,227.78,223.09,223.96,221.85,48201800
19 Jul 2024,224.82,226.80,223.28,224.31,222.19,49151500
18 Jul 2024,230.28,230.44,222.27,224.18,222.06,66034600
17 Jul 2024,229.45,231.46,226.64,228.88,226.72,57345900
16 Jul 2024,235.00,236.27,232.33,234.82,232.60,43234300
15 Jul 2024,236.48,237.23,233.09,234.40,232.19,62631300
12 Jul 2024,228.92,232.64,228.68,230.54,228.36,53046500
11 Jul 2024,231.39,232.39,225.77,227.57,225.42,64710600
10 Jul 2024,229.30,233.08,229.25,232.98,230.78,62627700
09 Jul 2024,227.93,229.40,226.37,228.68,226.52,48076100
08 Jul 2024,227.09,227.85,223.25,227.82,225.67,59085900
05 Jul 2024,221.65,226.45,221.65,226.34,224.20,60412400
03 Jul 2024,220.00,221.55,219.03,221.55,219.46,37369800
02 Jul 2024,216.15,220.38,215.10,220.27,218.19,58046200
01 Jul 2024,212.09,217.51,211.92,216.75,214.70,60402900
28 Jun 2024,215.77,216.07,210.30,210.62,208.63,82542700
27 Jun 2024,214.69,215.74,212.35,214.10,212.08,49772700
26 Jun 2024,211.50,214.86,210.64,213.25,211.24,66213200
25 Jun 2024,209.15,211.38,208.61,209.07,207.10,55549700
24 Jun 2024,207.72,212.70,206.59,208.14,206.17,80727000
21 Jun 2024,210.39,211.89,207.11,207.49,205.53,241805100
20 Jun 2024,213.93,214.24,208.85,209.68,207.70,86172500
18 Jun 2024,217.59,218.63,213.00,214.29,212.27,79943300
17 Jun 2024,213.37,218.95,212.72,216.67,214.62,93728300
14 Jun 2024,213.85,215.17,211.30,212.49,210.48,70122700
13 Jun 2024,214.74,216.75,211.60,214.24,212.22,97862700
12 Jun 2024,207.37,220.20,206.90,213.07,211.06,198134300
11 Jun 2024,193.65,207.16,193.63,207.15,205.19,172373300
10 Jun 2024,196.90,197.30,192.15,193.12,191.30,97010200
07 Jun 2024,194.65,196.94,194.14,196.89,195.03,53103900
06 Jun 2024,195.69,196.50,194.17,194.48,192.64,41181800
05 Jun 2024,195.40,196.90,194.87,195.87,194.02,54156800
04 Jun 2024,194.64,195.32,193.03,194.35,192.51,47471400
03 Jun 2024,192.90,194.99,192.52,194.03,192.20,50080500
31 May 2024,191.44,192.57,189.91,192.25,190.43,75158300
30 May 2024,190.76,192.18,190.63,191.29,189.48,49889100
29 May 2024,189.61,192.25,189.51,190.29,188.49,53068000
28 May 2024,191.51,193.00,189.10,189.99,188.20,52280100
24 May 2024,188.82,190.58,188.04,189.98,188.19,36327000
23 May 2024,190.98,191.00,186.63,186.88,185.12,51005900
22 May 2024,192.27,192.82,190.27,190.90,189.10,34648500
21 May 2024,191.09,192.73,190.92,192.35,190.53,42309400
20 May 2024,189.33,191.92,189.01,191.04,189.24,44361300
17 May 2024,189.51,190.81,189.18,189.87,188.08,41282900
16 May 2024,190.47,191.10,189.66,189.84,188.05,52845200
15 May 2024,187.91,190.65,187.37,189.72,187.93,70400000
14 May 2024,187.51,188.30,186.29,187.43,185.66,52393600
13 May 2024,185.44,187.10,184.62,186.28,184.52,72044800
10 May 2024,184.90,185.09,182.13,183.05,181.32,50759500
09 May 2024,182.56,184.66,182.11,184.57,182.58,48983000
08 May 2024,182.85,183.07,181.45,182.74,180.77,45057100
07 May 2024,183.45,184.90,181.32,182.40,180.43,77305800
06 May 2024,182.35,184.20,180.42,181.71,179.75,78569700
03 May 2024,186.65,187.00,182.66,183.38,181.40,163224100
02 May 2024,172.51,173.42,170.89,173.03,171.16,94214900
01 May 2024,169.58,172.71,169.11,169.30,167.47,50383100
30 Apr 2024,173.33,174.99,170.00,170.33,168.49,65934800
29 Apr 2024,173.37,176.03,173.10,173.50,171.63,68169400
26 Apr 2024,169.88,171.34,169.18,169.30,167.47,44838400
25 Apr 2024,169.53,170.61,168.15,169.89,168.06,50558300
24 Apr 2024,166.54,169.30,166.21,169.02,167.20,48251800
23 Apr 2024,165.35,167.05,164.92,166.90,165.10,49537800
22 Apr 2024,165.52,167.26,164.77,165.84,164.05,48116400
19 Apr 2024,166.21,166.40,164.08,165.00,163.22,68149400
18 Apr 2024,168.03,168.64,166.55,167.04,165.24,43122900
17 Apr 2024,169.61,170.65,168.00,168.00,166.19,50901200
16 Apr 2024,171.75,173.76,168.27,169.38,167.55,73711200
15 Apr 2024,175.36,176.63,172.50,172.69,170.83,73531800
12 Apr 2024,174.26,178.36,174.21,176.55,174.65,101670900
11 Apr 2024,168.34,175.46,168.16,175.04,173.15,91070300
10 Apr 2024,168.80,169.09,167.11,167.78,165.97,49709300
09 Apr 2024,168.70,170.08,168.35,169.67,167.84,42373800
08 Apr 2024,169.03,169.20,168.24,168.45,166.63,37425500
05 Apr 2024,169.59,170.39,168.95,169.58,167.75,42104800
04 Apr 2024,170.29,171.92,168.82,168.82,167.00,53704400
03 Apr 2024,168.79,170.68,168.58,169.65,167.82,47691700
02 Apr 2024,169.08,169.34,168.23,168.84,167.02,49329500
01 Apr 2024,171.19,171.25,169.48,170.03,168.20,46240500
28 Mar 2024,171.75,172.23,170.51,171.48,169.63,65672700
27 Mar 2024,170.41,173.60,170.11,173.31,171.44,60273300
26 Mar 2024,170.00,171.42,169.58,169.71,167.88,57388400
25 Mar 2024,170.57,171.94,169.45,170.85,169.01,54288300
22 Mar 2024,171.76,173.05,170.06,172.28,170.42,71160100
21 Mar 2024,177.05,177.49,170.84,171.37,169.52,106181300
20 Mar 2024,175.72,178.67,175.09,178.67,176.74,53423100
19 Mar 2024,174.34,176.61,173.03,176.08,174.18,55215200
18 Mar 2024,175.57,177.71,173.52,173.72,171.85,75604200
15 Mar 2024,171.17,172.62,170.29,172.62,170.76,121752700
14 Mar 2024,172.91,174.31,172.05,173.00,171.13,72913500
13 Mar 2024,172.77,173.19,170.76,171.13,169.28,52488700
12 Mar 2024,173.15,174.03,171.01,173.23,171.36,59825400
11 Mar 2024,172.94,174.38,172.05,172.75,170.89,60139500
08 Mar 2024,169.00,173.70,168.94,170.73,168.89,76267000
07 Mar 2024,169.15,170.73,168.49,169.00,167.18,71765100
06 Mar 2024,171.06,171.24,168.68,169.12,167.30,68587700
05 Mar 2024,170.76,172.04,169.62,170.12,168.29,95132400
04 Mar 2024,176.15,176.90,173.79,175.10,173.21,81510100
01 Mar 2024,179.55,180.53,177.38,179.66,177.72,73563100
29 Feb 2024,181.27,182.57,179.53,180.75,178.80,136682600
28 Feb 2024,182.51,183.12,180.13,181.42,179.46,48953900
27 Feb 2024,181.10,183.92,179.56,182.63,180.66,54318900
26 Feb 2024,182.24,182.76,180.65,181.16,179.21,40867400
23 Feb 2024,185.01,185.04,182.23,182.52,180.55,45119700
22 Feb 2024,183.48,184.96,182.46,184.37,182.38,52292200
21 Feb 2024,181.94,182.89,180.66,182.32,180.35,41371400
20 Feb 2024,181.79,182.43,180.00,181.56,179.60,53665600
16 Feb 2024,183.42,184.85,181.67,182.31,180.34,49752500
15 Feb 2024,183.55,184.49,181.35,183.86,181.88,65434500
14 Feb 2024,185.32,185.53,182.44,184.15,182.16,54630500
13 Feb 2024,185.77,186.21,183.51,185.04,183.04,56529500
12 Feb 2024,188.42,188.67,186.79,187.15,185.13,41781900
09 Feb 2024,188.65,189.99,188.00,188.85,186.81,45155200
08 Feb 2024,189.39,189.54,187.35,188.32,186.05,40962000
07 Feb 2024,190.64,191.05,188.61,189.41,187.13,53439000
06 Feb 2024,186.86,189.31,186.77,189.30,187.02,43490800
05 Feb 2024,188.15,189.25,185.84,187.68,185.42,69668800
02 Feb 2024,179.86,187.33,179.25,185.85,183.61,102551700
01 Feb 2024,183.99,186.95,183.82,186.86,184.61,64885400
31 Jan 2024,187.04,187.10,184.35,184.40,182.18,55467800
30 Jan 2024,190.94,191.80,187.47,188.04,185.78,55859400
29 Jan 2024,192.01,192.20,189.58,191.73,189.42,47145600
26 Jan 2024,194.27,194.76,191.94,192.42,190.10,44594000
25 Jan 2024,195.22,196.27,193.11,194.17,191.83,54822100
24 Jan 2024,195.42,196.38,194.34,194.50,192.16,53631300
23 Jan 2024,195.02,195.75,193.83,195.18,192.83,42355600
22 Jan 2024,192.30,195.33,192.26,193.89,191.55,60133900
19 Jan 2024,189.33,191.95,188.82,191.56,189.25,68903000
18 Jan 2024,186.09,189.14,185.83,188.63,186.36,78005800
17 Jan 2024,181.27,182.93,180.30,182.68,180.48,47317400
16 Jan 2024,182.16,184.26,180.93,183.63,181.42,65603000
12 Jan 2024,186.06,186.74,185.19,185.92,183.68,40477800
11 Jan 2024,186.54,187.05,183.62,185.59,183.35,49128400
10 Jan 2024,184.35,186.40,183.92,186.19,183.95,46792900
09 Jan 2024,183.92,185.15,182.73,185.14,182.91,42841800
08 Jan 2024,182.09,185.60,181.50,185.56,183.32,59144500
05 Jan 2024,181.99,182.76,180.17,181.18,179.00,62379700
04 Jan 2024,182.15,183.09,180.88,181.91,179.72,71983600
03 Jan 2024,184.22,185.88,183.43,184.25,182.03,58414500
02 Jan 2024,187.15,188.44,183.89,185.64,183.40,82488700
29 Dec 2023,193.90,194.40,191.73,192.53,190.21,42672100
28 Dec 2023,194.14,194.66,193.17,193.58,191.25,34049900
27 Dec 2023,192.49,193.50,191.09,193.15,190.82,48087700
26 Dec 2023,193.61,193.89,192.83,193.05,190.72,28919300
22 Dec 2023,195.18,195.41,192.97,193.60,191.27,37149600
21 Dec 2023,196.10,197.08,193.50,194.68,192.34,46482500
20 Dec 2023,196.90,197.68,194.83,194.83,192.48,52242800
19 Dec 2023,196.16,196.95,195.89,196.94,194.57,40714100
18 Dec 2023,196.09,196.63,194.39,195.89,193.53,55751900
15 Dec 2023,197.53,198.40,197.00,197.57,195.19,128538400
14 Dec 2023,198.02,199.62,196.16,198.11,195.72,66831600
13 Dec 2023,195.09,198.00,194.85,197.96,195.58,70404200
12 Dec 2023,193.08,194.72,191.72,194.71,192.36,52696900
11 Dec 2023,193.11,193.49,191.42,193.18,190.85,60943700
08 Dec 2023,194.20,195.99,193.67,195.71,193.35,53406400
07 Dec 2023,193.63,195.00,193.59,194.27,191.93,47477700
06 Dec 2023,194.45,194.76,192.11,192.32,190.00,41089700
05 Dec 2023,190.21,194.40,190.18,193.42,191.09,66628400
04 Dec 2023,189.98,190.05,187.45,189.43,187.15,43389500
01 Dec 2023,190.33,191.56,189.23,191.24,188.94,45704800
30 Nov 2023,189.84,190.32,188.19,189.95,187.66,48794400
29 Nov 2023,190.90,192.09,188.97,189.37,187.09,43014200
28 Nov 2023,189.78,191.08,189.40,190.40,188.11,38415400
27 Nov 2023,189.92,190.67,188.90,189.79,187.50,40552600
24 Nov 2023,190.87,190.90,189.25,189.97,187.68,24048300
22 Nov 2023,191.49,192.93,190.83,191.31,189.01,39617700
21 Nov 2023,191.41,191.52,189.74,190.64,188.34,38134500
20 Nov 2023,189.89,191.91,189.88,191.45,189.14,46505100
17 Nov 2023,190.25,190.38,188.57,189.69,187.41,50922700
16 Nov 2023,189.57,190.96,188.65,189.71,187.43,54412900
15 Nov 2023,187.85,189.50,187.78,188.01,185.75,53790500
14 Nov 2023,187.70,188.11,186.30,187.44,185.18,60108400
13 Nov 2023,185.82,186.03,184.21,184.80,182.57,43627500
10 Nov 2023,183.97,186.57,183.53,186.40,184.15,66133400
09 Nov 2023,182.96,184.12,181.81,182.41,179.98,53763500
08 Nov 2023,182.35,183.45,181.59,182.89,180.45,49340300
07 Nov 2023,179.18,182.44,178.97,181.82,179.39,70530000
06 Nov 2023,176.38,179.43,176.21,179.23,176.84,63841300
03 Nov 2023,174.24,176.82,173.35,176.65,174.29,79829200
02 Nov 2023,175.52,177.78,175.46,177.57,175.20,77334800
01 Nov 2023,171.00,174.23,170.12,173.97,171.65,56934900
31 Oct 2023,169.35,170.90,167.90,170.77,168.49,44846000
30 Oct 2023,169.02,171.17,168.87,170.29,168.02,51131000
27 Oct 2023,166.91,168.96,166.83,168.22,165.98,58499100
26 Oct 2023,170.37,171.38,165.67,166.89,164.66,70625300
25 Oct 2023,171.88,173.06,170.65,171.10,168.82,57157000
24 Oct 2023,173.05,173.67,171.45,173.44,171.13,43816600
23 Oct 2023,170.91,174.01,169.93,173.00,170.69,55980100
20 Oct 2023,175.31,175.42,172.64,172.88,170.57,64244000
19 Oct 2023,176.04,177.84,175.19,175.46,173.12,59302900
18 Oct 2023,175.58,177.58,175.11,175.84,173.49,54764400
17 Oct 2023,176.65,178.42,174.80,177.15,174.79,57549400
16 Oct 2023,176.75,179.08,176.51,178.72,176.34,52517000
13 Oct 2023,181.42,181.93,178.14,178.85,176.46,51427100
12 Oct 2023,180.07,182.34,179.04,180.71,178.30,56743100
11 Oct 2023,178.20,179.85,177.60,179.80,177.40,47551100
10 Oct 2023,178.10,179.72,177.95,178.39,176.01,43698000
09 Oct 2023,176.81,179.05,175.80,178.99,176.60,42390800
06 Oct 2023,173.80,177.99,173.18,177.49,175.12,57266700
05 Oct 2023,173.79,175.45,172.68,174.91,172.58,48527900
04 Oct 2023,171.09,174.21,170.97,173.66,171.34,53020300
03 Oct 2023,172.26,173.63,170.82,172.40,170.10,49594600
02 Oct 2023,171.22,174.30,170.93,173.75,171.43,52164500
29 Sep 2023,172.02,173.07,170.34,171.21,168.93,51861100
28 Sep 2023,169.34,172.03,167.62,170.69,168.41,56294400
27 Sep 2023,172.62,173.04,169.05,170.43,168.16,66921800
26 Sep 2023,174.82,175.20,171.66,171.96,169.67,64588900
25 Sep 2023,174.20,176.97,174.15,176.08,173.73,46172700
22 Sep 2023,174.67,177.08,174.05,174.79,172.46,56725400
21 Sep 2023,174.55,176.30,173.86,173.93,171.61,63149100
20 Sep 2023,179.26,179.70,175.40,175.49,173.15,58436200
19 Sep 2023,177.52,179.63,177.13,179.07,176.68,51826900
18 Sep 2023,176.48,179.38,176.17,177.97,175.60,67257600
15 Sep 2023,176.48,176.50,173.82,175.01,172.67,109259500
14 Sep 2023,174.00,176.10,173.58,175.74,173.39,60895800
13 Sep 2023,176.51,177.30,173.98,174.21,171.89,84267900
12 Sep 2023,179.49,180.13,174.82,176.30,173.95,90370200
11 Sep 2023,180.07,180.30,177.34,179.36,176.97,58953100
08 Sep 2023,178.35,180.24,177.79,178.18,175.80,65551300
07 Sep 2023,175.18,178.21,173.54,177.56,175.19,112488800
06 Sep 2023,188.40,188.85,181.47,182.91,180.47,81755800
05 Sep 2023,188.28,189.98,187.61,189.70,187.17,45280000
01 Sep 2023,189.49,189.92,188.28,189.46,186.93,45766500
31 Aug 2023,187.84,189.12,187.48,187.87,185.36,60794500
30 Aug 2023,184.94,187.85,184.74,187.65,185.15,60813900
29 Aug 2023,179.70,184.90,179.50,184.12,181.66,53003900
28 Aug 2023,180.09,180.59,178.55,180.19,177.79,43820700
25 Aug 2023,177.38,179.15,175.82,178.61,176.23,51449600
24 Aug 2023,180.67,181.10,176.01,176.38,174.03,54945800
23 Aug 2023,178.52,181.55,178.33,181.12,178.70,52722800
22 Aug 2023,177.06,177.68,176.25,177.23,174.86,42038900
21 Aug 2023,175.07,176.13,173.74,175.84,173.49,46311900
18 Aug 2023,172.30,175.10,171.96,174.49,172.16,61172200
17 Aug 2023,177.14,177.51,173.48,174.00,171.68,66062900
16 Aug 2023,177.13,178.54,176.50,176.57,174.21,46964900
15 Aug 2023,178.88,179.48,177.05,177.45,175.08,43622600
14 Aug 2023,177.97,179.69,177.31,179.46,177.07,43675600
11 Aug 2023,177.32,178.62,176.55,177.79,175.42,52036700
10 Aug 2023,179.48,180.75,177.60,177.97,175.36,54686900
09 Aug 2023,180.87,180.93,177.01,178.19,175.58,60378500
08 Aug 2023,179.69,180.27,177.58,179.80,177.16,67823000
07 Aug 2023,182.13,183.13,177.35,178.85,176.23,97576100
04 Aug 2023,185.52,187.38,181.92,181.99,179.32,115956800
03 Aug 2023,191.57,192.37,190.69,191.17,188.36,61235200
02 Aug 2023,195.04,195.18,191.85,192.58,189.75,50389300
01 Aug 2023,196.24,196.73,195.28,195.61,192.74,35175100
31 Jul 2023,196.06,196.49,195.26,196.45,193.57,38824100
28 Jul 2023,194.67,196.63,194.14,195.83,192.96,48291400
27 Jul 2023,196.02,197.20,192.55,193.22,190.38,47460200
26 Jul 2023,193.67,195.64,193.32,194.50,191.65,47471900
25 Jul 2023,193.33,194.44,192.92,193.62,190.78,37283200
24 Jul 2023,193.41,194.91,192.25,192.75,189.92,45377800
21 Jul 2023,194.10,194.97,191.23,191.94,189.12,71951700
20 Jul 2023,195.09,196.47,192.50,193.13,190.30,59581200
19 Jul 2023,193.10,198.23,192.65,195.10,192.24,80507300
18 Jul 2023,193.35,194.33,192.42,193.73,190.89,48288200
17 Jul 2023,191.90,194.32,191.81,193.99,191.14,50520200
14 Jul 2023,190.23,191.18,189.63,190.69,187.89,41616200
13 Jul 2023,190.50,191.19,189.78,190.54,187.74,41342300
12 Jul 2023,189.68,191.70,188.47,189.77,186.99,60750200
11 Jul 2023,189.16,189.30,186.60,188.08,185.32,46638100
10 Jul 2023,189.26,189.99,187.04,188.61,185.84,59922200
07 Jul 2023,191.41,192.67,190.24,190.68,187.88,46815000
06 Jul 2023,189.84,192.02,189.20,191.81,189.00,45094300
05 Jul 2023,191.57,192.98,190.62,191.33,188.52,46920300
03 Jul 2023,193.78,193.88,191.76,192.46,189.64,31458200
30 Jun 2023,191.63,194.48,191.26,193.97,191.12,85213200
29 Jun 2023,189.08,190.07,188.94,189.59,186.81,46347300
28 Jun 2023,187.93,189.90,187.60,189.25,186.47,51216800
27 Jun 2023,185.89,188.39,185.67,188.06,185.30,50730800
26 Jun 2023,186.83,188.05,185.23,185.27,182.55,48088700
23 Jun 2023,185.55,187.56,185.01,186.68,183.94,53117000
22 Jun 2023,183.74,187.05,183.67,187.00,184.26,51245300
21 Jun 2023,184.90,185.41,182.59,183.96,181.26,49515700
20 Jun 2023,184.41,186.10,184.41,185.01,182.29,49799100
16 Jun 2023,186.73,186.99,184.27,184.92,182.21,101256200
15 Jun 2023,183.96,186.52,183.78,186.01,183.28,65433200
14 Jun 2023,183.37,184.39,182.02,183.95,181.25,57462900
13 Jun 2023,182.80,184.15,182.44,183.31,180.62,54929100
12 Jun 2023,181.27,183.89,180.97,183.79,181.09,54274900
09 Jun 2023,181.50,182.23,180.63,180.96,178.30,48900000
08 Jun 2023,177.90,180.84,177.46,180.57,177.92,50214900
07 Jun 2023,178.44,181.21,177.32,177.82,175.21,61944600
06 Jun 2023,179.97,180.12,177.43,179.21,176.58,64848400
05 Jun 2023,182.63,184.95,178.04,179.58,176.94,121946500
02 Jun 2023,181.03,181.78,179.26,180.95,178.29,61996900
01 Jun 2023,177.70,180.12,176.93,180.09,177.45,68901800
31 May 2023,177.33,179.35,176.76,177.25,174.65,99625300
30 May 2023,176.96,178.99,176.57,177.30,174.70,55964400
26 May 2023,173.32,175.77,173.11,175.43,172.86,54835000
25 May 2023,172.41,173.90,171.69,172.99,170.45,56058300
24 May 2023,171.09,172.42,170.52,171.84,169.32,45143500
23 May 2023,173.13,173.38,171.28,171.56,169.04,50747300
22 May 2023,173.98,174.71,173.45,174.20,171.64,43570900
19 May 2023,176.39,176.39,174.94,175.16,172.59,55809500
18 May 2023,173.00,175.24,172.58,175.05,172.48,65496700
17 May 2023,171.71,172.93,170.42,172.69,170.16,57951600
16 May 2023,171.99,173.14,171.80,172.07,169.54,42110300
15 May 2023,173.16,173.21,171.47,172.07,169.54,37266700
12 May 2023,173.62,174.06,171.00,172.57,170.04,45533100
11 May 2023,173.85,174.59,172.17,173.75,170.96,49514700
10 May 2023,173.02,174.03,171.90,173.56,170.78,53724500
09 May 2023,173.05,173.54,171.60,171.77,169.02,45326900
08 May 2023,172.48,173.85,172.11,173.50,170.72,55962800
05 May 2023,170.98,174.30,170.76,173.57,170.79,113453200
04 May 2023,164.89,167.04,164.31,165.79,163.13,81235400
03 May 2023,169.50,170.92,167.16,167.45,164.76,65136000
02 May 2023,170.09,170.35,167.54,168.54,165.84,48425700
01 May 2023,169.28,170.45,168.64,169.59,166.87,52472900
28 Apr 2023,168.49,169.85,167.88,169.68,166.96,55275900
27 Apr 2023,165.19,168.56,165.19,168.41,165.71,64902300
26 Apr 2023,163.06,165.28,162.80,163.76,161.13,45498800
25 Apr 2023,165.19,166.31,163.73,163.77,161.14,48714100
24 Apr 2023,165.00,165.60,163.89,165.33,162.68,41949600
21 Apr 2023,165.05,166.45,164.49,165.02,162.37,58337300
20 Apr 2023,166.09,167.87,165.56,166.65,163.98,52456400
19 Apr 2023,165.80,168.16,165.54,167.63,164.94,47720200
18 Apr 2023,166.10,167.41,165.65,166.47,163.80,49923000
17 Apr 2023,165.09,165.39,164.03,165.23,162.58,41516200
14 Apr 2023,164.59,166.32,163.82,165.21,162.56,49386500
13 Apr 2023,161.63,165.80,161.42,165.56,162.91,68445600
12 Apr 2023,161.22,162.06,159.78,160.10,157.53,50133100
11 Apr 2023,162.35,162.36,160.51,160.80,158.22,47644200
10 Apr 2023,161.42,162.03,160.08,162.03,159.43,47716900
06 Apr 2023,162.43,164.96,162.00,164.66,162.02,45390100
05 Apr 2023,164.74,165.05,161.80,163.76,161.13,51511700
04 Apr 2023,166.60,166.84,165.11,165.63,162.97,46278300
03 Apr 2023,164.27,166.29,164.22,166.17,163.51,56976200
31 Mar 2023,162.44,165.00,161.91,164.90,162.26,68749800
30 Mar 2023,161.53,162.47,161.27,162.36,159.76,49501700
29 Mar 2023,159.37,161.05,159.35,160.77,158.19,51305700
28 Mar 2023,157.97,158.49,155.98,157.65,155.12,45992200
27 Mar 2023,159.94,160.77,157.87,158.28,155.74,52390300
24 Mar 2023,158.86,160.34,157.85,160.25,157.68,59196500
23 Mar 2023,158.83,161.55,157.68,158.93,156.38,67622100
22 Mar 2023,159.30,162.14,157.81,157.83,155.30,75701800
21 Mar 2023,157.32,159.40,156.54,159.28,156.73,73938300
20 Mar 2023,155.07,157.82,154.15,157.40,154.88,73641400
17 Mar 2023,156.08,156.74,154.28,155.00,152.51,98944600
16 Mar 2023,152.16,156.46,151.64,155.85,153.35,76161100
15 Mar 2023,151.19,153.25,149.92,152.99,150.54,77167900
14 Mar 2023,151.28,153.40,150.10,152.59,150.14,73695900
13 Mar 2023,147.81,153.14,147.70,150.47,148.06,84457100
10 Mar 2023,150.21,150.94,147.61,148.50,146.12,68572400
09 Mar 2023,153.56,154.54,150.23,150.59,148.18,53833600
08 Mar 2023,152.81,153.47,151.83,152.87,150.42,47204800
07 Mar 2023,153.70,154.03,151.13,151.60,149.17,56182000
06 Mar 2023,153.79,156.30,153.46,153.83,151.36,87558000
03 Mar 2023,148.04,151.11,147.33,151.03,148.61,70732300
02 Mar 2023,144.38,146.71,143.90,145.91,143.57,52238100
01 Mar 2023,146.83,147.23,145.01,145.31,142.98,55479000
28 Feb 2023,147.05,149.08,146.83,147.41,145.05,50547000
27 Feb 2023,147.71,149.17,147.45,147.92,145.55,44998500
24 Feb 2023,147.11,147.19,145.72,146.71,144.36,55469600
23 Feb 2023,150.09,150.34,147.24,149.40,147.00,48394200
22 Feb 2023,148.87,149.95,147.16,148.91,146.52,51011300
21 Feb 2023,150.20,151.30,148.41,148.48,146.10,58867200
17 Feb 2023,152.35,153.00,150.85,152.55,150.10,59144100
16 Feb 2023,153.51,156.33,153.35,153.71,151.25,68167900
15 Feb 2023,153.11,155.50,152.88,155.33,152.84,65573800
14 Feb 2023,152.12,153.77,150.86,153.20,150.74,61707600
13 Feb 2023,150.95,154.26,150.92,153.85,151.38,62199000
10 Feb 2023,149.46,151.34,149.22,151.01,148.59,57450700
09 Feb 2023,153.78,154.33,150.42,150.87,148.22,56007100
08 Feb 2023,153.88,154.58,151.17,151.92,149.26,64120100
07 Feb 2023,150.64,155.23,150.64,154.65,151.94,83322600
06 Feb 2023,152.57,153.10,150.78,151.73,149.07,69858300
03 Feb 2023,148.03,157.38,147.83,154.50,151.79,154357300
02 Feb 2023,148.90,151.18,148.17,150.82,148.18,118339000
01 Feb 2023,143.97,146.61,141.32,145.43,142.88,77663600
31 Jan 2023,142.70,144.34,142.28,144.29,141.76,65874500
30 Jan 2023,144.96,145.55,142.85,143.00,140.49,64015300
27 Jan 2023,143.16,147.23,143.08,145.93,143.37,70555800
26 Jan 2023,143.17,144.25,141.90,143.96,141.44,54105100
25 Jan 2023,140.89,142.43,138.81,141.86,139.37,65799300
24 Jan 2023,140.31,143.16,140.30,142.53,140.03,66435100
23 Jan 2023,138.12,143.32,137.90,141.11,138.64,81760300
20 Jan 2023,135.28,138.02,134.22,137.87,135.45,80223600
19 Jan 2023,134.08,136.25,133.77,135.27,132.90,58280400
18 Jan 2023,136.82,138.61,135.03,135.21,132.84,69672800
17 Jan 2023,134.83,137.29,134.13,135.94,133.56,63646600
13 Jan 2023,132.03,134.92,131.66,134.76,132.40,57809700
12 Jan 2023,133.88,134.26,131.44,133.41,131.07,71379600
11 Jan 2023,131.25,133.51,130.46,133.49,131.15,69458900
10 Jan 2023,130.26,131.26,128.12,130.73,128.44,63896200
09 Jan 2023,130.47,133.41,129.89,130.15,127.87,70790800
06 Jan 2023,126.01,130.29,124.89,129.62,127.35,87754700
05 Jan 2023,127.13,127.77,124.76,125.02,122.83,80962700
04 Jan 2023,126.89,128.66,125.08,126.36,124.14,89113600
03 Jan 2023,130.28,130.90,124.17,125.07,122.88,112117500
30 Dec 2022,128.41,129.95,127.43,129.93,127.65,77034200
29 Dec 2022,127.99,130.48,127.73,129.61,127.34,75703700
28 Dec 2022,129.67,131.03,125.87,126.04,123.83,85438400
27 Dec 2022,131.38,131.41,128.72,130.03,127.75,69007800
23 Dec 2022,130.92,132.42,129.64,131.86,129.55,63814900
22 Dec 2022,134.35,134.56,130.30,132.23,129.91,77852100
21 Dec 2022,132.98,136.81,132.75,135.45,133.07,85928000
20 Dec 2022,131.39,133.25,129.89,132.30,129.98,77432800
19 Dec 2022,135.11,135.20,131.32,132.37,130.05,79592600
16 Dec 2022,136.69,137.65,133.73,134.51,132.15,160156900
15 Dec 2022,141.11,141.80,136.03,136.50,134.11,98931900
14 Dec 2022,145.35,146.66,141.16,143.21,140.70,82291200
13 Dec 2022,149.50,149.97,144.24,145.47,142.92,93886200
12 Dec 2022,142.70,144.50,141.06,144.49,141.96,70462700
09 Dec 2022,142.34,145.57,140.90,142.16,139.67,76097000
08 Dec 2022,142.36,143.52,141.10,142.65,140.15,62128300
07 Dec 2022,142.19,143.37,140.00,140.94,138.47,69721100
06 Dec 2022,147.07,147.30,141.92,142.91,140.40,64727200
05 Dec 2022,147.77,150.92,145.77,146.63,144.06,68826400
02 Dec 2022,145.96,148.00,145.65,147.81,145.22,65447400
01 Dec 2022,148.21,149.13,146.61,148.31,145.71,71250400
30 Nov 2022,141.40,148.72,140.55,148.03,145.43,111380900
29 Nov 2022,144.29,144.81,140.35,141.17,138.69,83763800
28 Nov 2022,145.14,146.64,143.38,144.22,141.69,69246000
25 Nov 2022,148.31,148.88,147.12,148.11,145.51,35195900
23 Nov 2022,149.45,151.83,149.34,151.07,148.42,58301400
22 Nov 2022,148.13,150.42,146.93,150.18,147.55,51804100
21 Nov 2022,150.16,150.37,147.72,148.01,145.41,58724100
18 Nov 2022,152.31,152.70,149.97,151.29,148.64,74829600
17 Nov 2022,146.43,151.48,146.15,150.72,148.08,80389400
16 Nov 2022,149.13,149.87,147.29,148.79,146.18,64218300
15 Nov 2022,152.22,153.59,148.56,150.04,147.41,89868300
14 Nov 2022,148.97,150.28,147.43,148.28,145.68,73374100
11 Nov 2022,145.82,150.01,144.37,149.70,147.07,93979700
10 Nov 2022,141.24,146.87,139.50,146.87,144.29,118854000
09 Nov 2022,138.50,138.55,134.59,134.87,132.50,74917800
08 Nov 2022,140.41,141.43,137.49,139.50,137.05,89908500
07 Nov 2022,137.11,139.15,135.67,138.92,136.48,83374600
04 Nov 2022,142.09,142.67,134.38,138.38,135.95,140814800
03 Nov 2022,142.06,142.80,138.75,138.88,136.22,97918500
02 Nov 2022,148.95,152.17,145.00,145.03,142.25,93604600
01 Nov 2022,155.08,155.45,149.13,150.65,147.76,80379300
31 Oct 2022,153.16,154.24,151.92,153.34,150.40,97943200
28 Oct 2022,148.20,157.50,147.82,155.74,152.76,164762400
27 Oct 2022,148.07,149.05,144.13,144.80,142.03,109180200
26 Oct 2022,150.96,151.99,148.04,149.35,146.49,88194300
25 Oct 2022,150.09,152.49,149.36,152.34,149.42,74732300
24 Oct 2022,147.19,150.23,146.00,149.45,146.59,75981900
21 Oct 2022,142.87,147.85,142.65,147.27,144.45,86548600
20 Oct 2022,143.02,145.89,142.65,143.39,140.64,64522000
19 Oct 2022,141.69,144.95,141.50,143.86,141.10,61758300
18 Oct 2022,145.49,146.70,140.61,143.75,141.00,99136600
17 Oct 2022,141.07,142.90,140.27,142.41,139.68,85250900
14 Oct 2022,144.31,144.52,138.19,138.38,135.73,88598000
13 Oct 2022,134.99,143.59,134.37,142.99,140.25,113224000
12 Oct 2022,139.13,140.36,138.16,138.34,135.69,70433700
11 Oct 2022,139.90,141.35,138.22,138.98,136.32,77033700
10 Oct 2022,140.42,141.89,138.57,140.42,137.73,74899000
07 Oct 2022,142.54,143.10,139.45,140.09,137.41,85925600
06 Oct 2022,145.81,147.54,145.22,145.43,142.64,68402200
05 Oct 2022,144.07,147.38,143.01,146.40,143.59,79471000
04 Oct 2022,145.03,146.22,144.26,146.10,143.30,87830100
03 Oct 2022,138.21,143.07,137.69,142.45,139.72,114311700
30 Sep 2022,141.28,143.10,138.00,138.20,135.55,124925300
29 Sep 2022,146.10,146.72,140.68,142.48,139.75,128138200
28 Sep 2022,147.64,150.64,144.84,149.84,146.97,146691400
27 Sep 2022,152.74,154.72,149.95,151.76,148.85,84442700
26 Sep 2022,149.66,153.77,149.64,150.77,147.88,93339400
23 Sep 2022,151.19,151.47,148.56,150.43,147.55,96029900
22 Sep 2022,152.38,154.47,150.91,152.74,149.81,86652500
21 Sep 2022,157.34,158.74,153.60,153.72,150.77,101696800
20 Sep 2022,153.40,158.08,153.08,156.90,153.89,107689800
19 Sep 2022,149.31,154.56,149.10,154.48,151.52,81474200
16 Sep 2022,151.21,151.35,148.37,150.70,147.81,162278800
15 Sep 2022,154.65,155.24,151.38,152.37,149.45,90481100
14 Sep 2022,154.79,157.10,153.61,155.31,152.33,87965400
13 Sep 2022,159.90,160.54,153.37,153.84,150.89,122656600
12 Sep 2022,159.59,164.26,159.30,163.43,160.30,104956000
09 Sep 2022,155.47,157.82,154.75,157.37,154.35,68028800
08 Sep 2022,154.64,156.36,152.68,154.46,151.50,84923800
07 Sep 2022,154.82,156.67,153.61,155.96,152.97,87449600
06 Sep 2022,156.47,157.09,153.69,154.53,151.57,73714800
02 Sep 2022,159.75,160.36,154.97,155.81,152.82,76957800
01 Sep 2022,156.64,158.42,154.67,157.96,154.93,74229900
31 Aug 2022,160.31,160.58,157.14,157.22,154.21,87991100
30 Aug 2022,162.13,162.56,157.72,158.91,155.86,77906200
29 Aug 2022,161.15,162.90,159.82,161.38,158.29,73314000
26 Aug 2022,170.57,171.05,163.56,163.62,160.48,78961000
25 Aug 2022,168.78,170.14,168.35,170.03,166.77,51218200
24 Aug 2022,167.32,168.11,166.25,167.53,164.32,53841500
23 Aug 2022,167.08,168.71,166.65,167.23,164.03,54147100
22 Aug 2022,169.69,169.86,167.14,167.57,164.36,69026800
19 Aug 2022,173.03,173.74,171.31,171.52,168.23,70346300
18 Aug 2022,173.75,174.90,173.12,174.15,170.81,62290100
17 Aug 2022,172.77,176.15,172.57,174.55,171.21,79542000
16 Aug 2022,172.78,173.71,171.66,173.03,169.71,56377100
15 Aug 2022,171.52,173.39,171.35,173.19,169.87,54091700
12 Aug 2022,169.82,172.17,169.40,172.10,168.80,68039400
11 Aug 2022,170.06,170.99,168.19,168.49,165.26,57149200
10 Aug 2022,167.68,169.34,166.90,169.24,166.00,70170500
09 Aug 2022,164.02,165.82,163.25,164.92,161.76,63135500
08 Aug 2022,166.37,167.81,164.20,164.87,161.71,60276900
05 Aug 2022,163.21,165.85,163.00,165.35,162.18,56697000
04 Aug 2022,166.01,167.19,164.43,165.81,162.41,55474100
03 Aug 2022,160.84,166.59,160.75,166.13,162.72,82507500
02 Aug 2022,160.10,162.41,159.63,160.01,156.73,59907000
01 Aug 2022,161.01,163.59,160.89,161.51,158.20,67829400
29 Jul 2022,161.24,163.63,159.50,162.51,159.17,101786900
28 Jul 2022,156.98,157.64,154.41,157.35,154.12,81378700
27 Jul 2022,152.58,157.33,152.16,156.79,153.57,78620700
26 Jul 2022,152.26,153.09,150.80,151.60,148.49,55138700
25 Jul 2022,154.01,155.04,152.28,152.95,149.81,53623900
22 Jul 2022,155.39,156.28,153.41,154.09,150.93,66675400
21 Jul 2022,154.50,155.57,151.94,155.35,152.16,65086600
20 Jul 2022,151.12,153.72,150.37,153.04,149.90,64823400
19 Jul 2022,147.92,151.23,146.91,151.00,147.90,82982400
18 Jul 2022,150.74,151.57,146.70,147.07,144.05,81420900
15 Jul 2022,149.78,150.86,148.20,150.17,147.09,76259900
14 Jul 2022,144.08,148.95,143.25,148.47,145.42,78140700
13 Jul 2022,142.99,146.45,142.12,145.49,142.50,71185600
12 Jul 2022,145.76,148.45,145.05,145.86,142.87,77588800
11 Jul 2022,145.67,146.64,143.78,144.87,141.90,63141600
08 Jul 2022,145.26,147.55,145.00,147.04,144.02,64547800
07 Jul 2022,143.29,146.55,143.28,146.35,143.35,66253700
06 Jul 2022,141.35,144.12,141.08,142.92,139.99,74064300
05 Jul 2022,137.77,141.61,136.93,141.56,138.65,73353800
01 Jul 2022,136.04,139.04,135.66,138.93,136.08,71051600
30 Jun 2022,137.25,138.37,133.77,136.72,133.91,98964500
29 Jun 2022,137.46,140.67,136.67,139.23,136.37,66242400
28 Jun 2022,142.13,143.42,137.32,137.44,134.62,67083400
27 Jun 2022,142.70,143.49,140.97,141.66,138.75,70207900
24 Jun 2022,139.90,141.91,139.77,141.66,138.75,89116800
23 Jun 2022,136.82,138.59,135.63,138.27,135.43,72433800
22 Jun 2022,134.79,137.76,133.91,135.35,132.57,73409200
21 Jun 2022,133.42,137.06,133.32,135.87,133.08,81000500
17 Jun 2022,130.07,133.08,129.81,131.56,128.86,134520300
16 Jun 2022,132.08,132.39,129.04,130.06,127.39,108123900
15 Jun 2022,134.29,137.34,132.16,135.43,132.65,91533000
14 Jun 2022,133.13,133.89,131.48,132.76,130.04,84784300
13 Jun 2022,132.87,135.20,131.44,131.88,129.17,122207100
10 Jun 2022,140.28,140.76,137.06,137.13,134.32,91437900
09 Jun 2022,147.08,147.95,142.53,142.64,139.71,69473000
08 Jun 2022,148.58,149.87,147.46,147.96,144.92,53950200
07 Jun 2022,144.35,149.00,144.10,148.71,145.66,67808200
06 Jun 2022,147.03,148.57,144.90,146.14,143.14,71598400
03 Jun 2022,146.90,147.97,144.46,145.38,142.40,88570300
02 Jun 2022,147.83,151.27,146.86,151.21,148.11,72348100
01 Jun 2022,149.90,151.74,147.68,148.71,145.66,74286600
31 May 2022,149.07,150.66,146.84,148.84,145.79,103718400
27 May 2022,145.39,149.68,145.26,149.64,146.57,90978500
26 May 2022,137.39,144.34,137.14,143.78,140.83,90601500
25 May 2022,138.43,141.79,138.34,140.52,137.64,92482700
24 May 2022,140.81,141.97,137.33,140.36,137.48,104132700
23 May 2022,137.79,143.26,137.65,143.11,140.17,117726300
20 May 2022,139.09,140.70,132.61,137.59,134.77,137426100
19 May 2022,139.88,141.66,136.60,137.35,134.53,136095600
18 May 2022,146.85,147.36,139.90,140.82,137.93,109742900
17 May 2022,148.86,149.77,146.68,149.24,146.18,78336300
16 May 2022,145.55,147.52,144.18,145.54,142.55,86643800
13 May 2022,144.59,148.10,143.11,147.11,144.09,113990900
12 May 2022,142.77,146.20,138.80,142.56,139.63,182602000
11 May 2022,153.50,155.45,145.81,146.50,143.49,142689800
10 May 2022,155.52,156.74,152.93,154.51,151.34,115366700
09 May 2022,154.93,155.83,151.49,152.06,148.94,131577900
06 May 2022,156.01,159.44,154.18,157.28,154.05,116124600
05 May 2022,163.85,164.08,154.95,156.77,153.33,130525300
04 May 2022,159.67,166.48,159.26,166.02,162.37,108256500
03 May 2022,158.15,160.71,156.32,159.48,155.98,88966500
02 May 2022,156.71,158.23,153.27,157.96,154.49,123055300
29 Apr 2022,161.84,166.20,157.25,157.65,154.19,131747600
28 Apr 2022,159.25,164.52,158.93,163.64,160.05,130216800
27 Apr 2022,155.91,159.79,155.38,156.57,153.13,88063200
26 Apr 2022,162.25,162.34,156.72,156.80,153.36,95623200
25 Apr 2022,161.12,163.17,158.46,162.88,159.30,96046400
22 Apr 2022,166.46,167.87,161.50,161.79,158.24,84882400
21 Apr 2022,168.91,171.53,165.91,166.42,162.77,87227800
20 Apr 2022,168.76,168.88,166.10,167.23,163.56,67929800
19 Apr 2022,165.02,167.82,163.91,167.40,163.72,67723800
18 Apr 2022,163.92,166.60,163.57,165.07,161.44,69023900
14 Apr 2022,170.62,171.27,165.04,165.29,161.66,75329400
13 Apr 2022,167.39,171.04,166.77,170.40,166.66,70618900
12 Apr 2022,168.02,169.87,166.64,167.66,163.98,79265200
11 Apr 2022,168.71,169.03,165.50,165.75,162.11,72246700
08 Apr 2022,171.78,171.78,169.20,170.09,166.35,76575500
07 Apr 2022,171.16,173.36,169.85,172.14,168.36,77594700
06 Apr 2022,172.36,173.63,170.13,171.83,168.06,89058800
05 Apr 2022,177.50,178.30,174.42,175.06,171.22,73401800
04 Apr 2022,174.57,178.49,174.44,178.44,174.52,76468400
01 Apr 2022,174.03,174.88,171.94,174.31,170.48,78751300
31 Mar 2022,177.84,178.03,174.40,174.61,170.78,103049300
30 Mar 2022,178.55,179.61,176.70,177.77,173.87,92633200
29 Mar 2022,176.69,179.01,176.34,178.96,175.03,100589400
28 Mar 2022,172.17,175.73,172.00,175.60,171.74,90371900
25 Mar 2022,173.88,175.28,172.75,174.72,170.88,80546200
24 Mar 2022,171.06,174.14,170.21,174.07,170.25,90131400
23 Mar 2022,167.99,172.64,167.65,170.21,166.47,98062700
22 Mar 2022,165.51,169.42,164.91,168.82,165.11,81532000
21 Mar 2022,163.51,166.35,163.01,165.38,161.75,95811400
18 Mar 2022,160.51,164.48,159.76,163.98,160.38,123511700
17 Mar 2022,158.61,161.00,157.63,160.62,157.09,75615400
16 Mar 2022,157.05,160.00,154.46,159.59,156.09,102300200
15 Mar 2022,150.90,155.57,150.38,155.09,151.68,92964300
14 Mar 2022,151.45,154.12,150.10,150.62,147.31,108732100
11 Mar 2022,158.93,159.28,154.50,154.73,151.33,96970100
10 Mar 2022,160.20,160.39,155.98,158.52,155.04,105342000
09 Mar 2022,161.48,163.41,159.41,162.95,159.37,91454900
08 Mar 2022,158.82,162.88,155.80,157.44,153.98,131148300
07 Mar 2022,163.36,165.02,159.04,159.30,155.80,96418800
04 Mar 2022,164.49,165.55,162.10,163.17,159.59,83737200
03 Mar 2022,168.47,168.91,165.55,166.23,162.58,76678400
02 Mar 2022,164.39,167.36,162.95,166.56,162.90,79724800
01 Mar 2022,164.70,166.60,161.97,163.20,159.62,83474400
28 Feb 2022,163.06,165.42,162.43,165.12,161.49,95056600
25 Feb 2022,163.84,165.12,160.87,164.85,161.23,91974200
24 Feb 2022,152.58,162.85,152.00,162.74,159.17,141147500
23 Feb 2022,165.54,166.15,159.75,160.07,156.55,90009200
22 Feb 2022,164.98,166.69,162.15,164.32,160.71,91162800
18 Feb 2022,169.82,170.54,166.19,167.30,163.63,82772700
17 Feb 2022,171.03,171.91,168.47,168.88,165.17,69589300
16 Feb 2022,171.85,173.34,170.05,172.55,168.76,61177400
15 Feb 2022,170.97,172.95,170.25,172.79,169.00,62527400
14 Feb 2022,167.37,169.58,166.56,168.88,165.17,86185500
11 Feb 2022,172.33,173.08,168.04,168.64,164.94,98670700
10 Feb 2022,174.14,175.48,171.55,172.12,168.34,90865900
09 Feb 2022,176.05,176.65,174.90,176.28,172.41,71285000
08 Feb 2022,171.73,175.35,171.43,174.83,170.99,74829200
07 Feb 2022,172.86,173.95,170.95,171.66,167.89,77251200
04 Feb 2022,171.68,174.10,170.68,172.39,168.60,82465400
03 Feb 2022,174.48,176.24,172.12,172.90,168.89,89418100
02 Feb 2022,174.75,175.88,173.33,175.84,171.76,84914300
01 Feb 2022,174.01,174.84,172.31,174.61,170.56,86213900
31 Jan 2022,170.16,175.00,169.51,174.78,170.72,115541600
28 Jan 2022,165.71,170.35,162.80,170.33,166.38,179935700
27 Jan 2022,162.45,163.84,158.28,159.22,155.53,121954600
26 Jan 2022,163.50,164.39,157.82,159.69,155.98,108275300
25 Jan 2022,158.98,162.76,157.02,159.78,156.07,115798400
24 Jan 2022,160.02,162.30,154.70,161.62,157.87,162294600
21 Jan 2022,164.42,166.33,162.30,162.41,158.64,122848900
20 Jan 2022,166.98,169.68,164.18,164.51,160.69,91420500
19 Jan 2022,170.00,171.08,165.94,166.23,162.37,94815000
18 Jan 2022,171.51,172.54,169.41,169.80,165.86,90956700
14 Jan 2022,171.34,173.78,171.09,173.07,169.05,80440800
13 Jan 2022,175.78,176.62,171.79,172.19,168.19,84505800
12 Jan 2022,176.12,177.18,174.82,175.53,171.46,74805200
11 Jan 2022,172.32,175.18,170.82,175.08,171.02,76138300
10 Jan 2022,169.08,172.50,168.17,172.19,168.19,106765600
07 Jan 2022,172.89,174.14,171.03,172.17,168.17,86709100
06 Jan 2022,172.70,175.30,171.64,172.00,168.01,96904000
05 Jan 2022,179.61,180.17,174.64,174.92,170.86,94537600
04 Jan 2022,182.63,182.94,179.12,179.70,175.53,99310400
03 Jan 2022,177.83,182.88,177.71,182.01,177.79,104487900
31 Dec 2021,178.09,179.23,177.26,177.57,173.45,64062300
30 Dec 2021,179.47,180.57,178.09,178.20,174.06,59773000
29 Dec 2021,179.33,180.63,178.14,179.38,175.22,62348900
28 Dec 2021,180.16,181.33,178.53,179.29,175.13,79144300
27 Dec 2021,177.09,180.42,177.07,180.33,176.15,74919600
23 Dec 2021,175.85,176.85,175.27,176.28,172.19,68356600
22 Dec 2021,173.04,175.86,172.15,175.64,171.56,92135300
21 Dec 2021,171.56,173.20,169.12,172.99,168.98,91185900
20 Dec 2021,168.28,170.58,167.46,169.75,165.81,107499100
17 Dec 2021,169.93,173.47,169.69,171.14,167.17,195432700
16 Dec 2021,179.28,181.14,170.75,172.26,168.26,150185800
15 Dec 2021,175.11,179.50,172.31,179.30,175.14,131063300
14 Dec 2021,175.25,177.74,172.21,174.33,170.28,139380400
13 Dec 2021,181.12,182.13,175.53,175.74,171.66,153237000
10 Dec 2021,175.21,179.63,174.69,179.45,175.29,115402700
09 Dec 2021,174.91,176.75,173.92,174.56,170.51,108923700
08 Dec 2021,172.13,175.96,170.70,175.08,171.02,116998900
07 Dec 2021,169.08,171.58,168.34,171.18,167.21,120405400
06 Dec 2021,164.29,167.88,164.28,165.32,161.48,107497000
03 Dec 2021,164.02,164.96,159.72,161.84,158.08,118023100
02 Dec 2021,158.74,164.20,157.80,163.76,159.96,136739200
01 Dec 2021,167.48,170.30,164.53,164.77,160.95,152052500
30 Nov 2021,159.99,165.52,159.92,165.30,161.46,174048100
29 Nov 2021,159.37,161.19,158.79,160.24,156.52,88748200
26 Nov 2021,159.57,160.45,156.36,156.81,153.17,76959800
24 Nov 2021,160.75,162.14,159.64,161.94,158.18,69463600
23 Nov 2021,161.12,161.80,159.06,161.41,157.66,96041900
22 Nov 2021,161.68,165.70,161.00,161.02,157.28,117467900
19 Nov 2021,157.65,161.02,156.53,160.55,156.82,117305600
18 Nov 2021,153.71,158.67,153.05,157.87,154.21,137827700
17 Nov 2021,151.00,155.00,150.99,153.49,149.93,88807000
16 Nov 2021,149.94,151.49,149.34,151.00,147.50,59256200
15 Nov 2021,150.37,151.88,149.43,150.00,146.52,59222800
12 Nov 2021,148.43,150.40,147.48,149.99,146.51,63804000
11 Nov 2021,148.96,149.43,147.68,147.87,144.44,41000000
10 Nov 2021,150.02,150.13,147.85,147.92,144.49,65187100
09 Nov 2021,150.20,151.43,150.06,150.81,147.31,56787900
08 Nov 2021,151.41,151.57,150.16,150.44,146.95,55020900
05 Nov 2021,151.89,152.20,150.06,151.28,147.77,65463900
04 Nov 2021,151.58,152.43,150.64,150.96,147.24,60394600
03 Nov 2021,150.39,151.97,149.82,151.49,147.76,54511500
02 Nov 2021,148.66,151.57,148.65,150.02,146.33,69122000
01 Nov 2021,148.99,149.70,147.80,148.96,145.29,74588300
29 Oct 2021,147.22,149.94,146.41,149.80,146.11,124953200
28 Oct 2021,149.82,153.17,149.72,152.57,148.81,100077900
27 Oct 2021,149.36,149.73,148.49,148.85,145.18,56094900
26 Oct 2021,149.33,150.84,149.01,149.32,145.64,60893400
25 Oct 2021,148.68,149.37,147.62,148.64,144.98,50720600
22 Oct 2021,149.69,150.18,148.64,148.69,145.03,58883400
21 Oct 2021,148.81,149.64,147.87,149.48,145.80,61421000
20 Oct 2021,148.70,149.75,148.12,149.26,145.58,58418800
19 Oct 2021,147.01,149.17,146.55,148.76,145.10,76378900
18 Oct 2021,143.45,146.84,143.16,146.55,142.94,85589200
15 Oct 2021,143.77,144.90,143.51,144.84,141.27,67940300
14 Oct 2021,142.11,143.88,141.51,143.76,140.22,69907100
13 Oct 2021,141.24,141.40,139.20,140.91,137.44,78762700
12 Oct 2021,143.23,143.25,141.04,141.51,138.02,73035900
11 Oct 2021,142.27,144.81,141.81,142.81,139.29,64452200
08 Oct 2021,144.03,144.18,142.56,142.90,139.38,58773200
07 Oct 2021,143.06,144.22,142.72,143.29,139.76,61732700
06 Oct 2021,139.47,142.15,138.37,142.00,138.50,83221100
05 Oct 2021,139.49,142.24,139.36,141.11,137.63,80861100
04 Oct 2021,141.76,142.21,138.27,139.14,135.71,98322000
01 Oct 2021,141.90,142.92,139.11,142.65,139.14,94639600
30 Sep 2021,143.66,144.38,141.28,141.50,138.02,89056700
29 Sep 2021,142.47,144.45,142.03,142.83,139.31,74602000
28 Sep 2021,143.25,144.75,141.69,141.91,138.41,108972300
27 Sep 2021,145.47,145.96,143.82,145.37,141.79,74150700
24 Sep 2021,145.66,147.47,145.56,146.92,143.30,53477900
23 Sep 2021,146.65,147.08,145.64,146.83,143.21,64838200
22 Sep 2021,144.45,146.43,143.70,145.85,142.26,76404300
21 Sep 2021,143.93,144.60,142.78,143.43,139.90,75834000
20 Sep 2021,143.80,144.84,141.27,142.94,139.42,123478900
17 Sep 2021,148.82,148.82,145.76,146.06,142.46,129868800
16 Sep 2021,148.44,148.97,147.22,148.79,145.13,68034100
15 Sep 2021,148.56,149.44,146.37,149.03,145.36,83281300
14 Sep 2021,150.35,151.07,146.91,148.12,144.47,109296300
13 Sep 2021,150.63,151.42,148.75,149.55,145.87,102404300
10 Sep 2021,155.00,155.48,148.70,148.97,145.30,140893200
09 Sep 2021,155.49,156.11,153.95,154.07,150.28,57305700
08 Sep 2021,156.98,157.04,153.98,155.11,151.29,74420200
07 Sep 2021,154.97,157.26,154.39,156.69,152.83,82278300
03 Sep 2021,153.76,154.63,153.09,154.30,150.50,57808700
02 Sep 2021,153.87,154.72,152.40,153.65,149.87,71115500
01 Sep 2021,152.83,154.98,152.34,152.51,148.75,80313700
31 Aug 2021,152.66,152.80,151.29,151.83,148.09,86453100
30 Aug 2021,149.00,153.49,148.61,153.12,149.35,90956700
27 Aug 2021,147.48,148.75,146.83,148.60,144.94,55802400
26 Aug 2021,148.35,149.12,147.51,147.54,143.91,48597200
25 Aug 2021,149.81,150.32,147.80,148.36,144.71,58991300
24 Aug 2021,149.45,150.86,149.15,149.62,145.94,48606400
23 Aug 2021,148.31,150.19,147.89,149.71,146.02,60131800
20 Aug 2021,147.44,148.50,146.78,148.19,144.54,60549600
19 Aug 2021,145.03,148.00,144.50,146.70,143.09,86960300
18 Aug 2021,149.80,150.72,146.15,146.36,142.76,86326000
17 Aug 2021,150.23,151.68,149.09,150.19,146.49,92229700
16 Aug 2021,148.54,151.19,146.47,151.12,147.40,103296000
13 Aug 2021,148.97,149.44,148.27,149.10,145.43,59375000
12 Aug 2021,146.19,149.05,145.84,148.89,145.22,72282600
11 Aug 2021,146.05,146.72,145.53,145.86,142.27,48493500
10 Aug 2021,146.44,147.71,145.30,145.60,142.01,69023100
09 Aug 2021,146.20,146.70,145.52,146.09,142.49,48908700
06 Aug 2021,146.35,147.11,145.63,146.14,142.54,54126800
05 Aug 2021,146.98,147.84,146.17,147.06,143.22,46397700
04 Aug 2021,147.27,147.79,146.28,146.95,143.12,56368300
03 Aug 2021,145.81,148.04,145.18,147.36,143.52,64786600
02 Aug 2021,146.36,146.95,145.25,145.52,141.72,62880000
30 Jul 2021,144.38,146.33,144.11,145.86,142.05,70440600
29 Jul 2021,144.69,146.55,144.58,145.64,141.84,56699500
28 Jul 2021,144.81,146.97,142.54,144.98,141.20,118931200
27 Jul 2021,149.12,149.21,145.55,146.77,142.94,104818600
26 Jul 2021,148.27,149.83,147.70,148.99,145.10,72434100
23 Jul 2021,147.55,148.72,146.92,148.56,144.68,71447400
22 Jul 2021,145.94,148.20,145.81,146.80,142.97,77338200
21 Jul 2021,145.53,146.13,144.63,145.40,141.61,74993500
20 Jul 2021,143.46,147.10,142.96,146.15,142.34,96350000
19 Jul 2021,143.75,144.07,141.67,142.45,138.73,121434600
16 Jul 2021,148.46,149.76,145.88,146.39,142.57,93251400
15 Jul 2021,149.24,150.00,147.09,148.48,144.61,106820300
14 Jul 2021,148.10,149.57,147.68,149.15,145.26,127050800
13 Jul 2021,144.03,147.46,143.63,145.64,141.84,100827100
12 Jul 2021,146.21,146.32,144.00,144.50,140.73,76299700
09 Jul 2021,142.75,145.65,142.65,145.11,141.32,99890800
08 Jul 2021,141.58,144.06,140.67,143.24,139.50,105575500
07 Jul 2021,143.54,144.89,142.66,144.57,140.80,104911600
06 Jul 2021,140.07,143.15,140.07,142.02,138.32,108181800
02 Jul 2021,137.90,140.00,137.75,139.96,136.31,78852600
01 Jul 2021,136.60,137.33,135.76,137.27,133.69,52485800
30 Jun 2021,136.17,137.41,135.87,136.96,133.39,63261400
29 Jun 2021,134.80,136.49,134.35,136.33,132.77,64556100
28 Jun 2021,133.41,135.25,133.35,134.78,131.26,62111300
25 Jun 2021,133.46,133.89,132.81,133.11,129.64,70783700
24 Jun 2021,134.45,134.64,132.93,133.41,129.93,68711000
23 Jun 2021,133.77,134.32,133.23,133.70,130.21,60214200
22 Jun 2021,132.13,134.08,131.62,133.98,130.48,74783600
21 Jun 2021,130.30,132.41,129.21,132.30,128.85,79663300
18 Jun 2021,130.71,131.51,130.24,130.46,127.06,108953300
17 Jun 2021,129.80,132.55,129.65,131.79,128.35,96721700
16 Jun 2021,130.37,130.89,128.46,130.15,126.75,91815000
15 Jun 2021,129.94,130.60,129.39,129.64,126.26,62746300
14 Jun 2021,127.82,130.54,127.07,130.48,127.08,96906500
11 Jun 2021,126.53,127.44,126.10,127.35,124.03,53522400
10 Jun 2021,127.02,128.19,125.94,126.11,122.82,71186400
09 Jun 2021,127.21,127.75,126.52,127.13,123.81,56877900
08 Jun 2021,126.60,128.46,126.21,126.74,123.43,74403800
07 Jun 2021,126.17,126.32,124.83,125.90,122.62,71057600
04 Jun 2021,124.07,126.16,123.85,125.89,122.61,75169300
03 Jun 2021,124.68,124.85,123.13,123.54,120.32,76229200
02 Jun 2021,124.28,125.24,124.05,125.06,121.80,59278900
01 Jun 2021,125.08,125.35,123.94,124.28,121.04,67637100
28 May 2021,125.57,125.80,124.55,124.61,121.36,71311100
27 May 2021,126.44,127.64,125.08,125.28,122.01,94625600
26 May 2021,126.96,127.39,126.42,126.85,123.54,56575900
25 May 2021,127.82,128.32,126.32,126.90,123.59,72009500
24 May 2021,126.01,127.94,125.94,127.10,123.78,63092900
21 May 2021,127.82,128.00,125.21,125.43,122.16,79295400
20 May 2021,125.23,127.72,125.10,127.31,123.99,76857100
19 May 2021,123.16,124.92,122.86,124.69,121.44,92612000
18 May 2021,126.56,126.99,124.78,124.85,121.59,63342900
17 May 2021,126.82,126.93,125.17,126.27,122.98,74244600
14 May 2021,126.25,127.89,125.85,127.45,124.13,81918000
13 May 2021,124.58,126.15,124.26,124.97,121.71,105861300
12 May 2021,123.40,124.64,122.25,122.77,119.57,112172300
11 May 2021,123.50,126.27,122.77,125.91,122.63,126142800
10 May 2021,129.41,129.54,126.81,126.85,123.54,88071200
07 May 2021,130.85,131.26,129.48,130.21,126.81,78973300
06 May 2021,127.89,129.75,127.13,129.74,126.14,78128300
05 May 2021,129.20,130.45,127.97,128.10,124.55,84000900
04 May 2021,131.19,131.49,126.70,127.85,124.30,137564700
03 May 2021,132.04,134.07,131.83,132.54,128.86,75135100
30 Apr 2021,131.78,133.56,131.07,131.46,127.81,109839500
29 Apr 2021,136.47,137.07,132.45,133.48,129.78,151101000
28 Apr 2021,134.31,135.02,133.08,133.58,129.87,107760100
27 Apr 2021,135.01,135.41,134.11,134.39,130.66,66015800
26 Apr 2021,134.83,135.06,133.56,134.72,130.98,66905100
23 Apr 2021,132.16,135.12,132.16,134.32,130.59,78657500
22 Apr 2021,133.04,134.15,131.41,131.94,128.28,84566500
21 Apr 2021,132.36,133.75,131.30,133.50,129.80,68847100
20 Apr 2021,135.02,135.53,131.81,133.11,129.42,94812300
19 Apr 2021,133.51,135.47,133.34,134.84,131.10,94264200
16 Apr 2021,134.30,134.67,133.28,134.16,130.44,84922400
15 Apr 2021,133.82,135.00,133.64,134.50,130.77,89347100
14 Apr 2021,134.94,135.00,131.66,132.03,128.37,87222800
13 Apr 2021,132.44,134.66,131.93,134.43,130.70,91266500
12 Apr 2021,132.52,132.85,130.63,131.24,127.60,91420000
09 Apr 2021,129.80,133.04,129.47,133.00,129.31,106686700
08 Apr 2021,128.95,130.39,128.52,130.36,126.74,88844600
07 Apr 2021,125.83,127.92,125.14,127.90,124.35,83466700
06 Apr 2021,126.50,127.13,125.65,126.21,122.71,80171300
05 Apr 2021,123.87,126.16,123.07,125.90,122.41,88651200
01 Apr 2021,123.66,124.18,122.49,123.00,119.59,75089100
31 Mar 2021,121.65,123.52,121.15,122.15,118.76,118323800
30 Mar 2021,120.11,120.40,118.86,119.90,116.57,85671900
29 Mar 2021,121.65,122.58,120.73,121.39,118.02,80819200
26 Mar 2021,120.35,121.48,118.92,121.21,117.85,94071200
25 Mar 2021,119.54,121.66,119.00,120.59,117.24,98844700
24 Mar 2021,122.82,122.90,120.07,120.09,116.76,88530500
23 Mar 2021,123.33,124.24,122.14,122.54,119.14,95467100
22 Mar 2021,120.33,123.87,120.26,123.39,119.97,111912300
19 Mar 2021,119.90,121.43,119.68,119.99,116.66,185549500
18 Mar 2021,122.88,123.18,120.32,120.53,117.19,121229700
17 Mar 2021,124.05,125.86,122.34,124.76,121.30,111932600
16 Mar 2021,125.70,127.22,124.72,125.57,122.09,115227900
15 Mar 2021,121.41,124.00,120.42,123.99,120.55,92403800
12 Mar 2021,120.40,121.17,119.16,121.03,117.67,88105100
11 Mar 2021,122.54,123.21,121.26,121.96,118.58,103026500
10 Mar 2021,121.69,122.17,119.45,119.98,116.65,111943300
09 Mar 2021,119.03,122.06,118.79,121.09,117.73,129525800
08 Mar 2021,120.93,121.00,116.21,116.36,113.13,154376600
05 Mar 2021,120.98,121.94,117.57,121.42,118.05,153766600
04 Mar 2021,121.75,123.60,118.62,120.13,116.80,178155000
03 Mar 2021,124.81,125.71,121.84,122.06,118.67,112966300
02 Mar 2021,128.41,128.72,125.01,125.12,121.65,102260900
01 Mar 2021,123.75,127.93,122.79,127.79,124.25,116307900
26 Feb 2021,122.59,124.85,121.20,121.26,117.90,164560400
25 Feb 2021,124.68,126.46,120.54,120.99,117.63,148199500
24 Feb 2021,124.94,125.56,122.23,125.35,121.87,111039900
23 Feb 2021,123.76,126.71,118.39,125.86,122.37,158273000
22 Feb 2021,128.01,129.72,125.60,126.00,122.50,103916400
19 Feb 2021,130.24,130.71,128.80,129.87,126.27,87668800
18 Feb 2021,129.20,130.00,127.41,129.71,126.11,96856700
17 Feb 2021,131.25,132.22,129.47,130.84,127.21,97918500
16 Feb 2021,135.49,136.01,132.79,133.19,129.50,80576300
12 Feb 2021,134.35,135.53,133.69,135.37,131.61,60145100
11 Feb 2021,135.90,136.39,133.77,135.13,131.38,64280000
10 Feb 2021,136.48,136.99,134.40,135.39,131.63,73046600
09 Feb 2021,136.62,137.88,135.85,136.01,132.24,76774200
08 Feb 2021,136.03,136.96,134.92,136.91,133.11,71297200
05 Feb 2021,137.35,137.42,135.86,136.76,132.97,75693800
04 Feb 2021,136.30,137.40,134.59,137.39,133.38,84183100
03 Feb 2021,135.76,135.77,133.61,133.94,130.03,89880900
02 Feb 2021,135.73,136.31,134.61,134.99,131.05,83305400
01 Feb 2021,133.75,135.38,130.93,134.14,130.22,106239800
29 Jan 2021,135.83,136.74,130.21,131.96,128.11,177523800
28 Jan 2021,139.52,141.99,136.70,137.09,133.09,142621100
27 Jan 2021,143.43,144.30,140.41,142.06,137.91,140843800
26 Jan 2021,143.60,144.30,141.37,143.16,138.98,98390600
25 Jan 2021,143.07,145.09,136.54,142.92,138.75,157611700
22 Jan 2021,136.28,139.85,135.02,139.07,135.01,114459400
21 Jan 2021,133.80,139.67,133.59,136.87,132.87,120150900
20 Jan 2021,128.66,132.49,128.55,132.03,128.18,104319500
19 Jan 2021,127.78,128.71,126.94,127.83,124.10,90757300
15 Jan 2021,128.78,130.22,127.00,127.14,123.43,111598500
14 Jan 2021,130.80,131.00,128.76,128.91,125.15,90221800
13 Jan 2021,128.76,131.45,128.49,130.89,127.07,88636800
12 Jan 2021,128.50,129.69,126.86,128.80,125.04,91951100
11 Jan 2021,129.19,130.17,128.50,128.98,125.22,100384500
08 Jan 2021,132.43,132.63,130.23,132.05,128.20,105158200
07 Jan 2021,128.36,131.63,127.86,130.92,127.10,109578200
06 Jan 2021,127.72,131.05,126.38,126.60,122.90,155088000
05 Jan 2021,128.89,131.74,128.43,131.01,127.19,97664900
04 Jan 2021,133.52,133.61,126.76,129.41,125.63,143301900
31 Dec 2020,134.08,134.74,131.72,132.69,128.82,99116600
30 Dec 2020,135.58,135.99,133.40,133.72,129.82,96452100
29 Dec 2020,138.05,138.79,134.34,134.87,130.93,121047300
28 Dec 2020,133.99,137.34,133.51,136.69,132.70,124486200
24 Dec 2020,131.32,133.46,131.10,131.97,128.12,54930100
23 Dec 2020,132.16,132.43,130.78,130.96,127.14,88223700
22 Dec 2020,131.61,134.41,129.65,131.88,128.03,168904800
21 Dec 2020,125.02,128.31,123.45,128.23,124.49,121251600
18 Dec 2020,128.96,129.10,126.12,126.66,122.96,192541500
17 Dec 2020,128.90,129.58,128.04,128.70,124.94,94359800
16 Dec 2020,127.41,128.37,126.56,127.81,124.08,98208600
15 Dec 2020,124.34,127.90,124.13,127.88,124.15,157243700
14 Dec 2020,122.60,123.35,121.54,121.78,118.23,79184500
11 Dec 2020,122.43,122.76,120.55,122.41,118.84,86939800
10 Dec 2020,120.50,123.87,120.15,123.24,119.64,81312200
09 Dec 2020,124.53,125.95,121.00,121.78,118.23,115089200
08 Dec 2020,124.37,124.98,123.09,124.38,120.75,82225500
07 Dec 2020,122.31,124.57,122.25,123.75,120.14,86712000
04 Dec 2020,122.60,122.86,121.52,122.25,118.68,78260400
03 Dec 2020,123.52,123.78,122.21,122.94,119.35,78967600
02 Dec 2020,122.02,123.37,120.89,123.08,119.49,89004200
01 Dec 2020,121.01,123.47,120.01,122.72,119.14,127728200
30 Nov 2020,116.97,120.97,116.81,119.05,115.57,169410200
27 Nov 2020,116.57,117.49,116.22,116.59,113.19,46691300
25 Nov 2020,115.55,116.75,115.17,116.03,112.64,76499200
24 Nov 2020,113.91,115.85,112.59,115.17,111.81,113874200
23 Nov 2020,117.18,117.62,113.75,113.85,110.53,127959300
20 Nov 2020,118.64,118.77,117.29,117.34,113.91,73604300
19 Nov 2020,117.59,119.06,116.81,118.64,115.18,74113000
18 Nov 2020,118.61,119.82,118.00,118.03,114.58,76322100
17 Nov 2020,119.55,120.67,118.96,119.39,115.90,74271000
16 Nov 2020,118.92,120.99,118.15,120.30,116.79,91183000
13 Nov 2020,119.44,119.67,117.87,119.26,115.78,81581900
12 Nov 2020,119.62,120.53,118.57,119.21,115.73,103162300
11 Nov 2020,117.19,119.63,116.44,119.49,116.00,112295000
10 Nov 2020,115.55,117.59,114.13,115.97,112.58,138023400
09 Nov 2020,120.50,121.99,116.05,116.32,112.92,154515300
06 Nov 2020,118.32,119.20,116.13,118.69,115.23,114457900
05 Nov 2020,117.95,119.62,116.87,119.03,115.36,126387100
04 Nov 2020,114.14,115.59,112.35,114.95,111.40,138235500
03 Nov 2020,109.66,111.49,108.73,110.44,107.03,107624400
02 Nov 2020,109.11,110.68,107.32,108.77,105.41,122866900
30 Oct 2020,111.06,111.99,107.72,108.86,105.50,190272600
29 Oct 2020,112.37,116.93,112.20,115.32,111.76,146129200
28 Oct 2020,115.05,115.43,111.10,111.20,107.77,143937800
27 Oct 2020,115.49,117.28,114.54,116.60,113.00,92276800
26 Oct 2020,114.01,116.55,112.88,115.05,111.50,111850700
23 Oct 2020,116.39,116.55,114.28,115.04,111.49,82572600
22 Oct 2020,117.45,118.04,114.59,115.75,112.18,101988000
21 Oct 2020,116.67,118.71,116.45,116.87,113.26,89946000
20 Oct 2020,116.20,118.98,115.63,117.51,113.88,124423700
19 Oct 2020,119.96,120.42,115.66,115.98,112.40,120639300
16 Oct 2020,121.28,121.55,118.81,119.02,115.35,115393800
15 Oct 2020,118.72,121.20,118.15,120.71,116.98,112559200
14 Oct 2020,121.00,123.03,119.62,121.19,117.45,150712000
13 Oct 2020,125.27,125.39,119.65,121.10,117.36,262330500
12 Oct 2020,120.06,125.18,119.28,124.40,120.56,240226800
09 Oct 2020,115.28,117.00,114.92,116.97,113.36,100506900
08 Oct 2020,116.25,116.40,114.59,114.97,111.42,83477200
07 Oct 2020,114.62,115.55,114.13,115.08,111.53,96849000
06 Oct 2020,115.70,116.12,112.25,113.16,109.67,161498200
05 Oct 2020,113.91,116.65,113.55,116.50,112.90,106243800
02 Oct 2020,112.89,115.37,112.22,113.02,109.53,144712000
01 Oct 2020,117.64,117.72,115.83,116.79,113.19,116120400
30 Sep 2020,113.79,117.26,113.62,115.81,112.24,142675200
29 Sep 2020,114.55,115.31,113.57,114.09,110.57,99382200
28 Sep 2020,115.01,115.32,112.78,114.96,111.41,137672400
25 Sep 2020,108.43,112.44,107.67,112.28,108.81,149981400
24 Sep 2020,105.17,110.25,105.00,108.22,104.88,167743300
23 Sep 2020,111.62,112.11,106.77,107.12,103.81,150718700
22 Sep 2020,112.68,112.86,109.16,111.81,108.36,183055400
21 Sep 2020,104.54,110.19,103.10,110.08,106.68,195713800
18 Sep 2020,110.40,110.88,106.09,106.84,103.54,287104900
17 Sep 2020,109.72,112.20,108.71,110.34,106.93,178011000
16 Sep 2020,115.23,116.00,112.04,112.13,108.67,154679000
15 Sep 2020,118.33,118.83,113.61,115.54,111.97,184642000
14 Sep 2020,114.72,115.93,112.80,115.36,111.80,140150100
11 Sep 2020,114.57,115.23,110.00,112.00,108.54,180860300
10 Sep 2020,120.36,120.50,112.50,113.49,109.99,182274400
09 Sep 2020,117.26,119.14,115.26,117.32,113.70,176940500
08 Sep 2020,113.95,118.99,112.68,112.82,109.34,231366600
04 Sep 2020,120.07,123.70,110.89,120.96,117.23,332607200
03 Sep 2020,126.91,128.84,120.50,120.88,117.15,257599600
02 Sep 2020,137.59,137.98,127.00,131.40,127.34,200119000
01 Sep 2020,132.76,134.80,130.53,134.18,130.04,151948100
31 Aug 2020,127.58,131.00,126.00,129.04,125.06,225702700
28 Aug 2020,126.01,126.44,124.58,124.81,120.96,187630000
27 Aug 2020,127.14,127.49,123.83,125.01,121.15,155552400
26 Aug 2020,126.18,126.99,125.08,126.52,122.62,163022400
25 Aug 2020,124.70,125.18,123.05,124.82,120.97,211495600
24 Aug 2020,128.70,128.79,123.94,125.86,121.97,345937600
21 Aug 2020,119.26,124.87,119.25,124.37,120.53,338054800
20 Aug 2020,115.75,118.39,115.73,118.28,114.62,126907200
19 Aug 2020,115.98,117.16,115.61,115.71,112.14,145538000
18 Aug 2020,114.35,116.00,114.01,115.56,112.00,105633600
17 Aug 2020,116.06,116.09,113.96,114.61,111.07,119561600
14 Aug 2020,114.83,115.00,113.04,114.91,111.36,165565200
13 Aug 2020,114.43,116.04,113.93,115.01,111.46,210082000
12 Aug 2020,110.50,113.28,110.30,113.01,109.52,165598000
11 Aug 2020,111.97,112.48,109.11,109.38,106.00,187902400
10 Aug 2020,112.60,113.78,110.00,112.73,109.25,212403600
07 Aug 2020,113.21,113.68,110.29,111.11,107.68,198045600
06 Aug 2020,110.40,114.41,109.80,113.90,110.19,202428800
05 Aug 2020,109.38,110.39,108.90,110.06,106.47,121776800
04 Aug 2020,109.13,110.79,108.39,109.67,106.09,173071600
03 Aug 2020,108.20,111.64,107.89,108.94,105.39,308151200
31 Jul 2020,102.89,106.42,100.82,106.26,102.80,374336800
30 Jul 2020,94.19,96.30,93.77,96.19,93.05,158130000
29 Jul 2020,93.75,95.23,93.71,95.04,91.94,90329200
28 Jul 2020,94.37,94.55,93.25,93.25,90.21,103625600
27 Jul 2020,93.71,94.90,93.48,94.81,91.72,121214000
24 Jul 2020,90.99,92.97,89.14,92.61,89.60,185438800
23 Jul 2020,97.00,97.08,92.01,92.85,89.82,197004400
22 Jul 2020,96.69,97.97,96.60,97.27,94.10,89001600
21 Jul 2020,99.17,99.25,96.74,97.00,93.84,103433200
20 Jul 2020,96.42,98.50,96.06,98.36,95.15,90318000
17 Jul 2020,96.99,97.15,95.84,96.33,93.19,92186800
16 Jul 2020,96.56,97.40,95.90,96.52,93.38,110577600
15 Jul 2020,98.99,99.25,96.49,97.72,94.54,153198000
14 Jul 2020,94.84,97.25,93.88,97.06,93.89,170989200
13 Jul 2020,97.26,99.96,95.26,95.48,92.36,191649200
10 Jul 2020,95.33,95.98,94.71,95.92,92.79,90257200
09 Jul 2020,96.26,96.32,94.67,95.75,92.63,125642800
08 Jul 2020,94.18,95.38,94.09,95.34,92.23,117092000
07 Jul 2020,93.85,94.65,93.06,93.17,90.13,112424400
06 Jul 2020,92.50,93.94,92.47,93.46,90.42,118655600
02 Jul 2020,91.96,92.62,90.91,91.03,88.06,114041600
01 Jul 2020,91.28,91.84,90.98,91.03,88.06,110737200
30 Jun 2020,90.02,91.50,90.00,91.20,88.23,140223200
29 Jun 2020,88.31,90.54,87.82,90.44,87.50,130646000
26 Jun 2020,91.10,91.33,88.25,88.41,85.52,205256800
25 Jun 2020,90.18,91.25,89.39,91.21,88.24,137522400
24 Jun 2020,91.25,92.20,89.63,90.01,87.08,192623200
23 Jun 2020,91.00,93.10,90.57,91.63,88.64,212155600
22 Jun 2020,87.83,89.86,87.79,89.72,86.79,135445200
19 Jun 2020,88.66,89.14,86.29,87.43,84.58,264476000
18 Jun 2020,87.85,88.36,87.31,87.93,85.07,96820400
17 Jun 2020,88.79,88.85,87.77,87.90,85.03,114406400
16 Jun 2020,87.86,88.30,86.18,88.02,85.15,165428800
15 Jun 2020,83.31,86.42,83.14,85.75,82.95,138808800
12 Jun 2020,86.18,86.95,83.56,84.70,81.94,200146000
11 Jun 2020,87.33,87.76,83.87,83.97,81.24,201662400
10 Jun 2020,86.97,88.69,86.52,88.21,85.33,166651600
09 Jun 2020,83.04,86.40,83.00,86.00,83.19,147712400
08 Jun 2020,82.56,83.40,81.83,83.36,80.65,95654400
05 Jun 2020,80.84,82.94,80.81,82.88,80.17,137250400
04 Jun 2020,81.10,81.40,80.19,80.58,77.95,87560400
03 Jun 2020,81.17,81.55,80.57,81.28,78.63,104491200
02 Jun 2020,80.19,80.86,79.73,80.83,78.20,87642800
01 Jun 2020,79.44,80.59,79.30,80.46,77.84,80791200
29 May 2020,79.81,80.29,79.12,79.49,76.89,153532400
28 May 2020,79.19,80.86,78.91,79.56,76.97,133560800
27 May 2020,79.04,79.68,78.27,79.53,76.93,112945200
26 May 2020,80.88,81.06,79.12,79.18,76.60,125522000
22 May 2020,78.94,79.81,78.84,79.72,77.12,81803200
21 May 2020,79.67,80.22,78.97,79.21,76.63,102688800
20 May 2020,79.17,79.88,79.13,79.81,77.21,111504800
19 May 2020,78.76,79.63,78.25,78.29,75.73,101729600
18 May 2020,78.29,79.12,77.58,78.74,76.17,135178400
15 May 2020,75.09,76.97,75.05,76.93,74.42,166348400
14 May 2020,76.13,77.45,75.38,77.39,74.86,158929200
13 May 2020,78.04,78.99,75.80,76.91,74.40,200622400
12 May 2020,79.46,79.92,77.73,77.85,75.31,162301200
11 May 2020,77.03,79.26,76.81,78.75,76.18,145946400
08 May 2020,76.41,77.59,76.07,77.53,75.00,133838400
07 May 2020,75.81,76.29,75.49,75.93,73.26,115215200
06 May 2020,75.11,75.81,74.72,75.16,72.51,142333600
05 May 2020,73.76,75.25,73.61,74.39,71.77,147751200
04 May 2020,72.29,73.42,71.58,73.29,70.71,133568000
01 May 2020,71.56,74.75,71.46,72.27,69.72,240616800
30 Apr 2020,72.49,73.63,72.09,73.45,70.86,183064000
29 Apr 2020,71.18,72.42,70.97,71.93,69.40,137280800
28 Apr 2020,71.27,71.46,69.55,69.64,67.19,112004800
27 Apr 2020,70.45,71.14,69.99,70.79,68.30,117087600
24 Apr 2020,69.30,70.75,69.25,70.74,68.25,126161200
23 Apr 2020,68.97,70.44,68.72,68.76,66.34,124814400
22 Apr 2020,68.40,69.47,68.05,69.03,66.59,116862400
21 Apr 2020,69.07,69.31,66.36,67.09,64.73,180991600
20 Apr 2020,69.49,70.42,69.21,69.23,66.79,130015200
17 Apr 2020,71.17,71.74,69.21,70.70,68.21,215250000
16 Apr 2020,71.85,72.05,70.59,71.67,69.15,157125200
15 Apr 2020,70.60,71.58,70.16,71.11,68.60,131154400
14 Apr 2020,70.00,72.06,69.51,71.76,69.24,194994800
13 Apr 2020,67.08,68.43,66.46,68.31,65.91,131022800
09 Apr 2020,67.18,67.52,66.18,67.00,64.64,161834800
08 Apr 2020,65.68,66.84,65.31,66.52,64.17,168895200
07 Apr 2020,67.70,67.93,64.75,64.86,62.57,202887200
06 Apr 2020,62.72,65.78,62.35,65.62,63.31,201820400
03 Apr 2020,60.70,61.42,59.74,60.35,58.23,129880000
02 Apr 2020,60.08,61.29,59.22,61.23,59.08,165934000
01 Apr 2020,61.62,62.18,59.78,60.23,58.11,176218400
31 Mar 2020,63.90,65.62,63.00,63.57,61.33,197002000
30 Mar 2020,62.69,63.88,62.35,63.70,61.46,167976400
27 Mar 2020,63.19,63.97,61.76,61.94,59.75,204216800
26 Mar 2020,61.63,64.67,61.59,64.61,62.33,252087200
25 Mar 2020,62.69,64.56,61.08,61.38,59.22,303602000
24 Mar 2020,59.09,61.92,58.58,61.72,59.55,287531200
23 Mar 2020,57.02,57.12,53.15,56.09,54.12,336752800
20 Mar 2020,61.79,62.96,57.00,57.31,55.29,401693200
19 Mar 2020,61.85,63.21,60.65,61.19,59.04,271857200
18 Mar 2020,59.94,62.50,59.28,61.67,59.50,300233600
17 Mar 2020,61.88,64.40,59.60,63.22,60.99,324056000
16 Mar 2020,60.49,64.77,60.00,60.55,58.42,322423600
13 Mar 2020,66.22,69.98,63.24,69.49,67.05,370732000
12 Mar 2020,63.99,67.50,62.00,62.06,59.87,418474000
11 Mar 2020,69.35,70.31,67.96,68.86,66.43,255598800
10 Mar 2020,69.29,71.61,67.34,71.33,68.82,285290000
09 Mar 2020,65.94,69.52,65.75,66.54,64.20,286744800
06 Mar 2020,70.50,72.71,70.31,72.26,69.71,226176800
05 Mar 2020,73.88,74.89,72.85,73.23,70.65,187572800
04 Mar 2020,74.11,75.85,73.28,75.68,73.02,219178400
03 Mar 2020,75.92,76.00,71.45,72.33,69.78,319475600
02 Mar 2020,70.57,75.36,69.43,74.70,72.07,341397200
28 Feb 2020,64.32,69.60,64.09,68.34,65.93,426510000
27 Feb 2020,70.28,71.50,68.24,68.38,65.97,320605600
26 Feb 2020,71.63,74.47,71.62,73.16,70.59,198054800
25 Feb 2020,75.24,75.63,71.53,72.02,69.48,230673600
24 Feb 2020,74.32,76.04,72.31,74.54,71.92,222195200
21 Feb 2020,79.65,80.11,77.62,78.26,75.51,129554000
20 Feb 2020,80.66,81.16,79.55,80.07,77.25,100566000
19 Feb 2020,80.00,81.14,80.00,80.90,78.06,93984000
18 Feb 2020,78.84,79.94,78.65,79.75,76.94,152531200
14 Feb 2020,81.18,81.50,80.71,81.24,78.38,80113600
13 Feb 2020,81.05,81.56,80.84,81.22,78.36,94747600
12 Feb 2020,80.37,81.81,80.37,81.80,78.92,113730400
11 Feb 2020,80.90,80.97,79.68,79.90,77.09,94323200
10 Feb 2020,78.54,80.39,78.46,80.39,77.56,109348800
07 Feb 2020,80.59,80.85,79.50,80.01,77.19,117684000
06 Feb 2020,80.64,81.31,80.07,81.30,78.25,105425600
05 Feb 2020,80.88,81.19,79.74,80.36,77.35,118826800
04 Feb 2020,78.83,79.91,78.41,79.71,76.72,136616400
03 Feb 2020,76.07,78.37,75.56,77.17,74.27,173788400
31 Jan 2020,80.23,80.67,77.07,77.38,74.48,199588400
30 Jan 2020,80.14,81.02,79.69,80.97,77.93,126743200
29 Jan 2020,81.11,81.96,80.35,81.08,78.04,216229200
28 Jan 2020,78.15,79.60,78.05,79.42,76.44,162234000
27 Jan 2020,77.51,77.94,76.22,77.24,74.34,161940000
24 Jan 2020,80.06,80.83,79.38,79.58,76.59,146537600
23 Jan 2020,79.48,79.89,78.91,79.81,76.81,104472000
22 Jan 2020,79.64,80.00,79.33,79.43,76.45,101832400
21 Jan 2020,79.30,79.75,79.00,79.14,76.17,110843200
17 Jan 2020,79.07,79.68,78.75,79.68,76.69,137816400
16 Jan 2020,78.40,78.93,78.02,78.81,75.85,108829200
15 Jan 2020,77.96,78.88,77.39,77.83,74.92,121923600
14 Jan 2020,79.18,79.39,78.04,78.17,75.24,161954400
13 Jan 2020,77.91,79.27,77.79,79.24,76.27,121532000
10 Jan 2020,77.65,78.17,77.06,77.58,74.67,140644800
09 Jan 2020,76.81,77.61,76.55,77.41,74.50,170108400
08 Jan 2020,74.29,76.11,74.29,75.80,72.95,132079200
07 Jan 2020,74.96,75.22,74.37,74.60,71.80,108872000
06 Jan 2020,73.45,74.99,73.19,74.95,72.14,118387200
03 Jan 2020,74.29,75.14,74.12,74.36,71.57,146322800
02 Jan 2020,74.06,75.15,73.80,75.09,72.27,135480400
31 Dec 2019,72.48,73.42,72.38,73.41,70.66,100805600
30 Dec 2019,72.36,73.17,71.31,72.88,70.15,144114400
27 Dec 2019,72.78,73.49,72.03,72.45,69.73,146266000
26 Dec 2019,71.21,72.50,71.18,72.48,69.76,93121200
24 Dec 2019,71.17,71.22,70.73,71.07,68.40,48478800
23 Dec 2019,70.13,71.06,70.09,71.00,68.34,98572000
20 Dec 2019,70.56,70.66,69.64,69.86,67.24,275978000
19 Dec 2019,69.88,70.29,69.74,70.00,67.38,98369200
18 Dec 2019,69.95,70.47,69.78,69.93,67.31,116028400
17 Dec 2019,69.89,70.44,69.70,70.10,67.47,114158400
16 Dec 2019,69.25,70.20,69.25,69.96,67.34,128186000
13 Dec 2019,67.86,68.82,67.73,68.79,66.21,133587600
12 Dec 2019,66.94,68.14,66.83,67.86,65.32,137310400
11 Dec 2019,67.20,67.78,67.12,67.69,65.15,78756800
10 Dec 2019,67.15,67.52,66.46,67.12,64.60,90420400
09 Dec 2019,67.50,67.70,66.23,66.73,64.23,128042400
06 Dec 2019,66.87,67.75,66.82,67.68,65.14,106075600
05 Dec 2019,65.95,66.47,65.68,66.39,63.91,74424400
04 Dec 2019,65.27,65.83,65.17,65.43,62.98,67181600
03 Dec 2019,64.58,64.88,64.07,64.86,62.43,114430400
02 Dec 2019,66.82,67.06,65.86,66.04,63.56,94487200
29 Nov 2019,66.65,67.00,66.47,66.81,64.31,46617600
27 Nov 2019,66.39,67.00,66.33,66.96,64.45,65235600
26 Nov 2019,66.74,66.79,65.62,66.07,63.59,105207600
25 Nov 2019,65.68,66.61,65.63,66.59,64.10,84020400
22 Nov 2019,65.65,65.79,65.21,65.44,62.99,65325200
21 Nov 2019,65.92,66.00,65.29,65.50,63.05,121395200
20 Nov 2019,66.39,66.52,65.10,65.80,63.33,106234400
19 Nov 2019,66.97,67.00,66.35,66.57,64.08,76167200
18 Nov 2019,66.45,66.86,66.06,66.78,64.27,86703200
15 Nov 2019,65.92,66.44,65.75,66.44,63.95,100206400
14 Nov 2019,65.94,66.22,65.53,65.66,63.20,89182800
13 Nov 2019,65.28,66.19,65.27,66.12,63.64,102734400
12 Nov 2019,65.39,65.70,65.23,65.49,63.03,87388800
11 Nov 2019,64.57,65.62,64.57,65.55,63.09,81821200
08 Nov 2019,64.67,65.11,64.21,65.04,62.60,69986400
07 Nov 2019,64.68,65.09,64.53,64.86,62.43,94940400
06 Nov 2019,64.19,64.37,63.84,64.31,61.71,75864400
05 Nov 2019,64.26,64.55,64.08,64.28,61.69,79897600
04 Nov 2019,64.33,64.46,63.85,64.38,61.78,103272000
01 Nov 2019,62.38,63.98,62.29,63.96,61.37,151125200
31 Oct 2019,61.81,62.29,59.31,62.19,59.68,139162000
30 Oct 2019,61.19,61.33,60.30,60.81,58.36,124522000
29 Oct 2019,62.24,62.44,60.64,60.82,58.37,142839600
28 Oct 2019,61.85,62.31,61.68,62.26,59.75,96572800
25 Oct 2019,60.79,61.68,60.72,61.65,59.16,73477200
24 Oct 2019,61.13,61.20,60.45,60.90,58.44,69275200
23 Oct 2019,60.53,60.81,60.31,60.79,58.34,75828800
22 Oct 2019,60.29,60.55,59.90,59.99,57.57,82293600
21 Oct 2019,59.38,60.25,59.33,60.13,57.70,87247200
18 Oct 2019,58.65,59.40,58.57,59.10,56.72,97433600
17 Oct 2019,58.77,59.04,58.38,58.82,56.44,67585200
16 Oct 2019,58.34,58.81,58.30,58.59,56.23,73903200
15 Oct 2019,59.10,59.41,58.72,58.83,56.45,87360000
14 Oct 2019,58.72,59.53,58.67,58.97,56.59,96427600
11 Oct 2019,58.24,59.41,58.08,59.05,56.67,166795600
10 Oct 2019,56.98,57.61,56.83,57.52,55.20,113013600
09 Oct 2019,56.76,56.95,56.41,56.76,54.47,74770400
08 Oct 2019,56.46,57.01,56.08,56.10,53.83,111820000
07 Oct 2019,56.57,57.48,56.46,56.76,54.47,122306000
04 Oct 2019,56.41,56.87,55.97,56.75,54.46,138478800
03 Oct 2019,54.61,55.24,53.78,55.21,52.98,114426000
02 Oct 2019,55.76,55.90,54.48,54.74,52.53,138449200
01 Oct 2019,56.27,57.06,56.05,56.15,53.88,139223200
30 Sep 2019,55.22,56.15,55.20,55.99,53.73,103909600
27 Sep 2019,55.13,55.24,54.32,54.71,52.50,101408000
26 Sep 2019,55.00,55.24,54.71,54.97,52.75,75334000
25 Sep 2019,54.64,55.38,54.28,55.26,53.03,87613600
24 Sep 2019,55.26,55.62,54.30,54.42,52.22,124763200
23 Sep 2019,54.74,54.96,54.41,54.68,52.47,76662000
20 Sep 2019,55.35,55.64,54.37,54.43,52.23,221652400
19 Sep 2019,55.50,55.94,55.09,55.24,53.01,88242400
18 Sep 2019,55.26,55.71,54.86,55.69,53.44,101360000
17 Sep 2019,54.99,55.21,54.78,55.17,52.95,73274800
16 Sep 2019,54.43,55.03,54.39,54.97,52.75,84632400
13 Sep 2019,55.00,55.20,54.26,54.69,52.48,159053200
12 Sep 2019,56.20,56.60,55.72,55.77,53.52,128906800
11 Sep 2019,54.52,55.93,54.43,55.90,53.64,177158400
10 Sep 2019,53.47,54.19,52.93,54.17,51.99,127111600
09 Sep 2019,53.71,54.11,52.77,53.54,51.38,109237600
06 Sep 2019,53.51,53.60,53.13,53.31,51.16,77449200
05 Sep 2019,53.00,53.49,52.88,53.32,51.17,95654800
04 Sep 2019,52.10,52.37,51.83,52.30,50.19,76752400
03 Sep 2019,51.61,51.74,51.06,51.42,49.35,80092000
30 Aug 2019,52.54,52.61,51.80,52.19,50.08,84573600
29 Aug 2019,52.12,52.33,51.67,52.25,50.14,83962000
28 Aug 2019,51.03,51.43,50.83,51.38,49.31,63755200
27 Aug 2019,51.97,52.14,50.88,51.04,48.98,103493200
26 Aug 2019,51.47,51.80,51.26,51.62,49.54,104174400
23 Aug 2019,52.36,53.01,50.25,50.66,48.61,187272000
22 Aug 2019,53.30,53.61,52.69,53.12,50.97,89014800
21 Aug 2019,53.25,53.41,52.90,53.16,51.01,86141600
20 Aug 2019,52.72,53.34,52.58,52.59,50.47,107537200
19 Aug 2019,52.65,53.18,52.51,52.59,50.46,97654400
16 Aug 2019,51.07,51.79,50.96,51.62,49.54,110481600
15 Aug 2019,50.87,51.28,49.92,50.44,48.40,108909600
14 Aug 2019,50.79,51.61,50.65,50.69,48.64,146189600
13 Aug 2019,50.26,53.03,50.12,52.24,50.13,188874000
12 Aug 2019,49.90,50.51,49.79,50.12,48.10,89927600
09 Aug 2019,50.33,50.69,49.82,50.25,48.22,98478800
08 Aug 2019,50.05,50.88,49.85,50.86,48.62,108038000
07 Aug 2019,48.85,49.89,48.46,49.76,47.57,133457600
06 Aug 2019,49.08,49.52,48.51,49.25,47.08,143299200
05 Aug 2019,49.50,49.66,48.15,48.33,46.21,209572000
02 Aug 2019,51.38,51.61,50.41,51.01,48.76,163448400
01 Aug 2019,53.47,54.51,51.69,52.11,49.81,216071600
31 Jul 2019,54.10,55.34,52.83,53.26,50.92,277125600
30 Jul 2019,52.19,52.54,51.83,52.19,49.90,135742800
29 Jul 2019,52.12,52.66,52.11,52.42,50.11,86693600
26 Jul 2019,51.87,52.43,51.78,51.94,49.65,70475600
25 Jul 2019,52.22,52.31,51.68,51.76,49.48,55638400
24 Jul 2019,51.92,52.29,51.79,52.17,49.87,59966400
23 Jul 2019,52.12,52.23,51.82,52.21,49.91,73420800
22 Jul 2019,50.91,51.81,50.90,51.81,49.52,89111600
19 Jul 2019,51.45,51.62,50.59,50.65,48.42,83717200
18 Jul 2019,51.00,51.47,50.92,51.42,49.15,74162400
17 Jul 2019,51.01,51.27,50.82,50.84,48.60,56430000
16 Jul 2019,51.15,51.53,50.88,51.12,48.87,67467200
15 Jul 2019,51.02,51.47,51.00,51.30,49.04,67789600
12 Jul 2019,50.61,51.00,50.55,50.83,48.59,70380800
11 Jul 2019,50.83,51.10,50.43,50.44,48.22,80767200
10 Jul 2019,50.46,50.93,50.39,50.81,48.57,71588400
09 Jul 2019,49.80,50.38,49.70,50.31,48.10,82312000
08 Jul 2019,50.20,50.35,49.60,50.01,47.80,101354400
05 Jul 2019,50.84,51.27,50.72,51.06,48.81,69062000
03 Jul 2019,50.82,51.11,50.67,51.10,48.85,45448000
02 Jul 2019,50.35,50.78,50.34,50.68,48.45,67740800
01 Jul 2019,50.79,51.12,50.16,50.39,48.17,109012000
28 Jun 2019,49.67,49.88,49.26,49.48,47.30,124442400
27 Jun 2019,50.07,50.39,49.89,49.94,47.74,83598800
26 Jun 2019,49.44,50.25,49.34,49.95,47.75,104270000
25 Jun 2019,49.61,49.81,48.82,48.89,46.74,84281200
24 Jun 2019,49.63,50.04,49.54,49.65,47.46,72881600
21 Jun 2019,49.70,50.21,49.54,49.69,47.51,191202400
20 Jun 2019,50.09,50.15,49.51,49.87,47.67,86056000
19 Jun 2019,49.92,49.97,49.33,49.47,47.29,84496800
18 Jun 2019,49.01,50.07,48.80,49.61,47.43,106204000
17 Jun 2019,48.22,48.74,48.04,48.47,46.34,58676400
14 Jun 2019,47.89,48.40,47.58,48.19,46.06,75046000
13 Jun 2019,48.67,49.20,48.40,48.54,46.40,86698400
12 Jun 2019,48.49,48.99,48.35,48.55,46.41,73012800
11 Jun 2019,48.72,49.00,48.40,48.70,46.56,107731600
10 Jun 2019,47.95,48.84,47.90,48.15,46.03,104883600
07 Jun 2019,46.63,47.98,46.44,47.54,45.45,122737600
06 Jun 2019,45.77,46.37,45.54,46.31,44.27,90105200
05 Jun 2019,46.07,46.25,45.28,45.63,43.63,119093600
04 Jun 2019,43.86,44.96,43.63,44.91,42.93,123872000
03 Jun 2019,43.90,44.48,42.57,43.33,41.42,161584400
31 May 2019,44.06,44.50,43.75,43.77,41.84,108174400
30 May 2019,44.49,44.81,44.17,44.58,42.61,84873600
29 May 2019,44.10,44.84,44.00,44.35,42.39,113924800
28 May 2019,44.73,45.15,44.48,44.56,42.60,111792800
24 May 2019,45.05,45.53,44.65,44.74,42.77,94858800
23 May 2019,44.95,45.13,44.45,44.92,42.94,146118800
22 May 2019,46.17,46.43,45.64,45.69,43.68,118994400
21 May 2019,46.31,47.00,46.17,46.65,44.60,113459200
20 May 2019,45.88,46.09,45.07,45.77,43.76,154449200
17 May 2019,46.73,47.72,46.69,47.25,45.17,131516400
16 May 2019,47.48,48.12,47.21,47.52,45.43,132125600
15 May 2019,46.57,47.94,46.51,47.73,45.63,106178800
14 May 2019,46.60,47.42,46.35,47.17,45.09,146118800
13 May 2019,46.93,47.37,45.71,46.43,44.39,229722400
10 May 2019,49.35,49.71,48.19,49.29,47.13,164834800
09 May 2019,50.10,50.42,49.17,50.18,47.79,139634400
08 May 2019,50.47,51.33,50.44,50.72,48.31,105358000
07 May 2019,51.47,51.85,50.21,50.72,48.30,155054800
06 May 2019,51.07,52.21,50.88,52.12,49.63,129772400
03 May 2019,52.72,52.96,52.56,52.94,50.41,83569600
02 May 2019,52.46,53.16,52.03,52.29,49.79,127985200
01 May 2019,52.47,53.83,52.31,52.63,50.12,259309200
30 Apr 2019,50.76,50.85,49.78,50.17,47.78,186139600
29 Apr 2019,51.10,51.49,50.97,51.15,48.71,88818800
26 Apr 2019,51.22,51.25,50.53,51.08,48.64,74596400
25 Apr 2019,51.71,51.94,51.28,51.32,48.87,74172800
24 Apr 2019,51.84,52.12,51.76,51.79,49.32,70162400
23 Apr 2019,51.11,51.94,50.97,51.87,49.40,93292000
22 Apr 2019,50.71,51.24,50.58,51.13,48.69,77758000
18 Apr 2019,50.78,51.04,50.63,50.97,48.53,96783200
17 Apr 2019,49.88,50.85,49.65,50.78,48.36,115627200
16 Apr 2019,49.87,50.34,49.64,49.81,47.44,102785600
15 Apr 2019,49.65,49.96,49.50,49.81,47.43,70146400
12 Apr 2019,49.80,50.03,49.05,49.72,47.35,111042800
11 Apr 2019,50.21,50.25,49.61,49.74,47.37,83603200
10 Apr 2019,49.67,50.19,49.54,50.15,47.76,86781200
09 Apr 2019,50.08,50.71,49.81,49.88,47.50,143072800
08 Apr 2019,49.10,50.06,49.08,50.03,47.64,103526800
05 Apr 2019,49.11,49.28,48.98,49.25,46.90,74106400
04 Apr 2019,48.70,49.09,48.28,48.92,46.59,76457200
03 Apr 2019,48.31,49.12,48.29,48.84,46.51,93087200
02 Apr 2019,47.77,48.62,47.76,48.51,46.19,91062800
01 Apr 2019,47.91,47.92,47.10,47.81,45.53,111448000
29 Mar 2019,47.46,47.52,47.13,47.49,45.22,94256000
28 Mar 2019,47.24,47.39,46.88,47.18,44.93,83121600
27 Mar 2019,47.19,47.44,46.64,47.12,44.87,119393600
26 Mar 2019,47.92,48.22,46.15,46.70,44.47,199202000
25 Mar 2019,47.88,47.99,46.65,47.19,44.94,175381200
22 Mar 2019,48.83,49.42,47.69,47.76,45.49,169630800
21 Mar 2019,47.51,49.08,47.45,48.77,46.45,204136800
20 Mar 2019,46.56,47.37,46.18,47.04,44.80,124140800
19 Mar 2019,47.09,47.25,46.48,46.63,44.41,126585600
18 Mar 2019,46.45,47.10,46.45,47.01,44.76,104879200
15 Mar 2019,46.21,46.83,45.94,46.53,44.31,156171600
14 Mar 2019,45.97,46.03,45.64,45.93,43.74,94318000
13 Mar 2019,45.56,45.83,45.23,45.43,43.26,124130000
12 Mar 2019,45.00,45.67,44.84,45.23,43.07,129870400
11 Mar 2019,43.87,44.78,43.84,44.72,42.59,128044000
08 Mar 2019,42.58,43.27,42.38,43.23,41.17,95997600
07 Mar 2019,43.47,43.61,43.01,43.12,41.07,99185600
06 Mar 2019,43.67,43.87,43.49,43.63,41.55,83241600
05 Mar 2019,43.99,44.00,43.63,43.88,41.79,78949600
04 Mar 2019,43.92,44.44,43.49,43.96,41.87,109744800
01 Mar 2019,43.57,43.79,43.22,43.74,41.66,103544800
28 Feb 2019,43.58,43.73,43.23,43.29,41.22,112861600
27 Feb 2019,43.30,43.75,43.18,43.72,41.63,111341600
26 Feb 2019,43.43,43.83,43.29,43.58,41.50,68280800
25 Feb 2019,43.54,43.97,43.49,43.56,41.48,87493600
22 Feb 2019,42.90,43.25,42.85,43.24,41.18,75652800
21 Feb 2019,42.95,43.09,42.58,42.76,40.73,68998800
20 Feb 2019,42.80,43.33,42.75,43.01,40.96,104457600
19 Feb 2019,42.43,42.86,42.37,42.73,40.69,75891200
15 Feb 2019,42.81,42.92,42.44,42.60,40.57,98507200
14 Feb 2019,42.43,42.81,42.35,42.70,40.66,87342800
13 Feb 2019,42.85,43.12,42.48,42.54,40.52,89960800
12 Feb 2019,42.53,42.75,42.42,42.72,40.69,89134000
11 Feb 2019,42.76,42.80,42.31,42.36,40.34,83973600
08 Feb 2019,42.25,42.67,42.10,42.60,40.57,95280000
07 Feb 2019,43.10,43.49,42.58,42.74,40.52,126966800
06 Feb 2019,43.66,43.89,43.21,43.56,41.31,112958400
05 Feb 2019,43.22,43.77,43.09,43.54,41.29,144406400
04 Feb 2019,41.85,42.92,41.82,42.81,40.60,125982000
01 Feb 2019,41.74,42.24,41.48,41.63,39.48,130672400
31 Jan 2019,41.53,42.25,41.14,41.61,39.46,162958400
30 Jan 2019,40.81,41.54,40.06,41.31,39.17,244439200
29 Jan 2019,39.06,39.53,38.53,38.67,36.67,166348800
28 Jan 2019,38.95,39.08,38.42,39.08,37.05,104768400
25 Jan 2019,38.87,39.53,38.58,39.44,37.40,134142000
24 Jan 2019,38.53,38.62,37.94,38.17,36.20,101766000
23 Jan 2019,38.54,38.78,37.92,38.48,36.49,92522400
22 Jan 2019,39.10,39.18,38.15,38.33,36.34,121576000
18 Jan 2019,39.38,39.47,38.99,39.21,37.18,135004000
17 Jan 2019,38.55,39.42,38.31,38.97,36.95,119284800
16 Jan 2019,38.27,38.97,38.25,38.74,36.73,122278800
15 Jan 2019,37.57,38.35,37.51,38.27,36.29,114843600
14 Jan 2019,37.71,37.82,37.31,37.50,35.56,129756800
11 Jan 2019,38.22,38.42,37.88,38.07,36.10,108092800
10 Jan 2019,38.12,38.49,37.72,38.45,36.46,143122800
09 Jan 2019,37.82,38.63,37.41,38.33,36.34,180396400
08 Jan 2019,37.39,37.96,37.13,37.69,35.74,164101200
07 Jan 2019,37.17,37.21,36.47,36.98,35.07,219111200
04 Jan 2019,36.13,37.14,35.95,37.06,35.15,234428400
03 Jan 2019,35.99,36.43,35.50,35.55,33.71,365248800
02 Jan 2019,38.72,39.71,38.56,39.48,37.44,148158800
31 Dec 2018,39.63,39.84,39.12,39.44,37.39,140014000
28 Dec 2018,39.38,39.63,38.64,39.06,37.04,169165600
27 Dec 2018,38.96,39.19,37.52,39.04,37.02,212468400
26 Dec 2018,37.08,39.31,36.68,39.29,37.26,234330000
24 Dec 2018,37.04,37.89,36.65,36.71,34.81,148676800
21 Dec 2018,39.22,39.54,37.41,37.68,35.73,382978400
20 Dec 2018,40.10,40.53,38.83,39.21,37.18,259092000
19 Dec 2018,41.50,41.86,39.77,40.22,38.14,196189200
18 Dec 2018,41.35,41.88,41.10,41.52,39.37,135366000
17 Dec 2018,41.36,42.09,40.68,40.99,38.86,177151600
14 Dec 2018,42.25,42.27,41.32,41.37,39.23,162814800
13 Dec 2018,42.62,43.14,42.39,42.74,40.53,127594400
12 Dec 2018,42.60,42.98,42.26,42.28,40.09,142510800
11 Dec 2018,42.92,42.95,41.75,42.16,39.98,189126800
10 Dec 2018,41.25,42.52,40.83,42.40,40.21,248104000
07 Dec 2018,43.37,43.62,42.08,42.12,39.94,169126400
06 Dec 2018,42.94,43.69,42.60,43.68,41.42,172393600
04 Dec 2018,45.24,45.60,44.07,44.17,41.89,165377200
03 Dec 2018,46.12,46.24,45.30,46.21,43.81,163210000
30 Nov 2018,45.07,45.08,44.26,44.65,42.33,158126000
29 Nov 2018,45.67,45.70,44.42,44.89,42.56,167080000
28 Nov 2018,44.18,45.32,43.73,45.24,42.89,184250000
27 Nov 2018,42.88,43.69,42.72,43.56,41.31,165549600
26 Nov 2018,43.56,43.74,42.56,43.65,41.40,179994000
23 Nov 2018,43.74,44.15,43.03,43.07,40.84,94496000
21 Nov 2018,44.93,45.07,44.14,44.19,41.91,124496800
20 Nov 2018,44.59,45.37,43.88,44.24,41.96,271300800
19 Nov 2018,47.50,47.67,46.25,46.47,44.06,167701200
16 Nov 2018,47.62,48.74,47.37,48.38,45.88,147713200
15 Nov 2018,47.10,47.99,46.72,47.85,45.38,185915200
14 Nov 2018,48.47,48.62,46.48,46.70,44.28,243204000
13 Nov 2018,47.91,49.29,47.86,48.06,45.57,187531600
12 Nov 2018,49.75,49.96,48.45,48.54,46.03,204542000
09 Nov 2018,51.39,51.50,50.56,51.12,48.47,137463200
08 Nov 2018,52.49,52.53,51.69,52.12,49.43,101450400
07 Nov 2018,51.49,52.51,51.03,52.49,49.60,133697600
06 Nov 2018,50.48,51.18,50.42,50.94,48.14,127531600
05 Nov 2018,51.08,51.10,49.54,50.40,47.62,264654800
02 Nov 2018,52.39,53.41,51.36,51.87,49.01,365314800
01 Nov 2018,54.76,55.59,54.20,55.56,52.50,233292800
31 Oct 2018,54.22,55.11,54.15,54.72,51.70,153435600
30 Oct 2018,52.79,53.79,52.32,53.33,50.39,146640000
29 Oct 2018,54.80,54.92,51.52,53.06,50.14,183742000
26 Oct 2018,53.97,55.05,53.17,54.08,51.10,189033600
25 Oct 2018,54.43,55.35,54.19,54.95,51.93,119423200
24 Oct 2018,55.65,56.06,53.63,53.77,50.81,163702000
23 Oct 2018,53.96,55.81,53.67,55.68,52.62,155071200
22 Oct 2018,54.95,55.84,54.74,55.16,52.13,115168400
19 Oct 2018,54.51,55.31,54.36,54.83,51.81,132314800
18 Oct 2018,54.47,54.94,53.25,54.01,51.03,130325200
17 Oct 2018,55.58,55.66,54.83,55.30,52.25,91541600
16 Oct 2018,54.73,55.75,54.19,55.54,52.48,116736000
15 Oct 2018,55.29,55.46,54.32,54.34,51.35,123164000
12 Oct 2018,55.10,55.72,54.21,55.53,52.47,161351600
11 Oct 2018,53.63,54.88,53.08,53.61,50.66,212497600
10 Oct 2018,56.37,56.59,54.01,54.09,51.11,167962400
09 Oct 2018,55.91,56.82,55.56,56.72,53.60,107564000
08 Oct 2018,55.55,56.20,55.05,55.94,52.86,118655600
05 Oct 2018,56.99,57.10,55.15,56.07,52.99,134322000
04 Oct 2018,57.69,58.09,56.68,57.00,53.86,128168000
03 Oct 2018,57.51,58.37,57.44,58.02,54.82,114619200
02 Oct 2018,56.81,57.50,56.66,57.32,54.16,99152800
01 Oct 2018,56.99,57.35,56.59,56.81,53.69,94403200
28 Sep 2018,56.20,56.46,56.01,56.44,53.33,91717600
27 Sep 2018,55.96,56.61,55.88,56.24,53.14,120724800
26 Sep 2018,55.25,55.94,54.94,55.10,52.07,95938800
25 Sep 2018,54.94,55.71,54.92,55.55,52.49,98217600
24 Sep 2018,54.21,55.31,54.16,55.20,52.16,110773600
21 Sep 2018,55.19,55.34,54.32,54.42,51.42,384986800
20 Sep 2018,55.06,55.57,54.79,55.01,51.98,106435200
19 Sep 2018,54.62,54.90,53.83,54.59,51.59,108495200
18 Sep 2018,54.45,55.46,54.28,54.56,51.56,126286800
17 Sep 2018,55.54,55.74,54.32,54.47,51.47,148780400
14 Sep 2018,56.44,56.71,55.63,55.96,52.88,127997200
13 Sep 2018,55.88,57.09,55.64,56.60,53.49,166825600
12 Sep 2018,56.24,56.25,54.96,55.27,52.23,197114800
11 Sep 2018,54.50,56.08,54.14,55.96,52.88,142996000
10 Sep 2018,55.24,55.46,54.12,54.58,51.58,158066000
07 Sep 2018,55.46,56.34,55.18,55.33,52.28,150479200
06 Sep 2018,56.56,56.84,55.33,55.78,52.70,137160000
05 Sep 2018,57.25,57.42,56.28,56.72,53.60,133332000
04 Sep 2018,57.10,57.29,56.66,57.09,53.95,109560400
31 Aug 2018,56.63,57.22,56.50,56.91,53.77,173360400
30 Aug 2018,55.81,57.06,55.60,56.26,53.16,195175200
29 Aug 2018,55.04,55.87,54.85,55.74,52.68,109019200
28 Aug 2018,54.75,55.13,54.73,54.92,51.90,91107200
27 Aug 2018,54.29,54.69,54.08,54.49,51.49,82100400
24 Aug 2018,54.15,54.22,53.78,54.04,51.07,73905600
23 Aug 2018,53.66,54.26,53.65,53.87,50.91,75532800
22 Aug 2018,53.53,54.09,53.46,53.76,50.80,76072400
21 Aug 2018,54.20,54.30,53.51,53.76,50.80,104639200
20 Aug 2018,54.53,54.79,53.78,53.87,50.90,121150800
17 Aug 2018,53.36,54.49,53.29,54.40,51.40,141708000
16 Aug 2018,52.94,53.45,52.87,53.33,50.39,114001600
15 Aug 2018,52.31,52.69,52.08,52.56,49.67,115230400
14 Aug 2018,52.54,52.64,52.06,52.44,49.55,82992000
13 Aug 2018,52.33,52.74,51.92,52.22,49.34,103563600
10 Aug 2018,51.84,52.28,51.67,51.88,49.03,98444800
09 Aug 2018,52.38,52.44,51.80,52.22,49.17,93970400
08 Aug 2018,51.51,51.95,51.13,51.81,48.79,90102000
07 Aug 2018,52.33,52.38,51.69,51.78,48.76,102349600
06 Aug 2018,52.00,52.31,51.77,52.27,49.22,101701600
03 Aug 2018,51.76,52.19,51.37,52.00,48.96,133789600
02 Aug 2018,50.15,52.10,50.09,51.85,48.82,249616000
01 Aug 2018,49.78,50.44,49.33,50.38,47.44,271742800
31 Jul 2018,47.58,48.03,47.33,47.57,44.80,157492000
30 Jul 2018,47.97,48.05,47.27,47.48,44.71,84118000
27 Jul 2018,48.75,48.80,47.53,47.74,44.96,96096000
26 Jul 2018,48.65,48.99,48.40,48.55,45.72,76304000
25 Jul 2018,48.26,48.71,48.11,48.71,45.86,66839600
24 Jul 2018,48.11,48.42,48.01,48.25,45.43,74791600
23 Jul 2018,47.67,47.99,47.39,47.90,45.11,63957600
20 Jul 2018,47.94,48.11,47.54,47.86,45.07,82704800
19 Jul 2018,47.42,48.14,47.42,47.97,45.17,81147200
18 Jul 2018,47.94,47.95,47.48,47.60,44.82,65573600
17 Jul 2018,47.44,47.97,47.30,47.86,45.07,62138000
16 Jul 2018,47.88,48.16,47.60,47.73,44.94,60172400
13 Jul 2018,47.77,47.96,47.72,47.83,45.04,50055600
12 Jul 2018,47.38,47.85,47.33,47.76,44.97,72164400
11 Jul 2018,47.12,47.44,46.90,46.97,44.23,75326000
10 Jul 2018,47.68,47.82,47.54,47.59,44.81,63756400
09 Jul 2018,47.38,47.67,47.33,47.65,44.86,79026400
06 Jul 2018,46.35,47.11,46.30,46.99,44.25,69940800
05 Jul 2018,46.31,46.60,46.07,46.35,43.65,66416800
03 Jul 2018,46.95,46.99,45.88,45.98,43.30,55819200
02 Jul 2018,45.96,46.83,45.85,46.79,44.06,70925200
29 Jun 2018,46.57,46.80,45.73,46.28,43.58,90950800
28 Jun 2018,46.03,46.55,45.95,46.38,43.67,69460800
27 Jun 2018,46.31,46.82,46.01,46.04,43.35,101141200
26 Jun 2018,45.75,46.63,45.63,46.11,43.42,98276800
25 Jun 2018,45.85,46.23,45.18,45.54,42.89,126652400
22 Jun 2018,46.53,46.54,46.17,46.23,43.53,108801600
21 Jun 2018,46.81,47.09,46.24,46.37,43.66,102847600
20 Jun 2018,46.59,46.80,46.43,46.62,43.90,82514800
19 Jun 2018,46.28,46.58,45.86,46.42,43.71,134314000
18 Jun 2018,46.97,47.31,46.80,47.19,44.43,73939600
15 Jun 2018,47.51,47.54,47.06,47.21,44.46,246876800
14 Jun 2018,47.89,47.89,47.56,47.70,44.92,86440400
13 Jun 2018,48.10,48.22,47.61,47.67,44.89,86553600
12 Jun 2018,47.85,48.15,47.79,48.07,45.27,67644400
11 Jun 2018,47.84,47.99,47.55,47.81,45.02,73234000
08 Jun 2018,47.79,48.00,47.44,47.92,45.13,106627200
07 Jun 2018,48.53,48.55,48.08,48.37,45.54,85388800
06 Jun 2018,48.41,48.52,47.98,48.49,45.67,83734400
05 Jun 2018,48.27,48.49,48.09,48.33,45.51,86264000
04 Jun 2018,47.91,48.35,47.84,47.96,45.16,105064800
01 Jun 2018,47.00,47.56,46.94,47.56,44.78,93770000
31 May 2018,46.81,47.06,46.53,46.72,43.99,109931200
30 May 2018,46.93,47.00,46.69,46.88,44.14,74762000
29 May 2018,46.90,47.19,46.72,46.97,44.23,90056400
25 May 2018,47.06,47.41,46.91,47.15,44.39,69844000
24 May 2018,47.19,47.21,46.55,47.04,44.29,92936000
23 May 2018,46.59,47.12,46.44,47.09,44.34,80233600
22 May 2018,47.10,47.22,46.69,46.79,44.06,60962800
21 May 2018,47.00,47.32,46.73,46.91,44.17,73603200
18 May 2018,46.80,46.95,46.53,46.58,43.86,73190800
17 May 2018,47.00,47.23,46.59,46.75,44.02,69176000
16 May 2018,46.52,47.12,46.50,47.04,44.30,76732400
15 May 2018,46.69,46.77,46.28,46.61,43.89,94780800
14 May 2018,47.25,47.38,46.97,47.04,44.29,83115200
11 May 2018,47.37,47.51,46.86,47.15,44.40,104848800
10 May 2018,46.94,47.59,46.91,47.51,44.57,111957200
09 May 2018,46.64,46.85,46.31,46.84,43.94,92844800
08 May 2018,46.25,46.56,45.92,46.51,43.63,113611200
07 May 2018,46.29,46.92,46.19,46.29,43.42,169805600
04 May 2018,44.56,46.06,44.54,45.96,43.11,224805200
03 May 2018,43.97,44.38,43.61,44.22,41.48,136272800
02 May 2018,43.81,44.44,43.45,44.14,41.41,266157600
01 May 2018,41.60,42.30,41.32,42.28,39.66,214277600
30 Apr 2018,40.53,41.81,40.46,41.31,38.75,169709600
27 Apr 2018,41.00,41.08,40.16,40.58,38.07,142623200
26 Apr 2018,41.03,41.43,40.84,41.06,38.51,111852000
25 Apr 2018,40.65,41.35,40.60,40.91,38.38,113528400
24 Apr 2018,41.42,41.58,40.31,40.74,38.21,134768000
23 Apr 2018,41.71,41.73,41.02,41.31,38.75,146062000
20 Apr 2018,42.65,42.81,41.36,41.43,38.86,261964400
19 Apr 2018,43.44,43.85,43.17,43.20,40.52,139235200
18 Apr 2018,44.45,44.71,44.22,44.46,41.70,83018000
17 Apr 2018,44.12,44.74,44.10,44.56,41.80,106421600
16 Apr 2018,43.76,44.05,43.71,43.96,41.23,86313600
13 Apr 2018,43.69,43.96,43.46,43.68,40.98,100497200
12 Apr 2018,43.35,43.75,43.26,43.53,40.84,91557200
11 Apr 2018,43.06,43.48,42.92,43.11,40.44,89726400
10 Apr 2018,43.25,43.50,42.88,43.31,40.63,113634400
09 Apr 2018,42.47,43.27,42.46,42.51,39.88,116070800
06 Apr 2018,42.74,43.12,42.05,42.10,39.49,140021200
05 Apr 2018,43.15,43.56,43.02,43.20,40.52,107732800
04 Apr 2018,41.22,43.00,41.19,42.90,40.24,138422000
03 Apr 2018,41.91,42.19,41.22,42.10,39.49,121112000
02 Apr 2018,41.66,42.24,41.12,41.67,39.09,150347200
29 Mar 2018,41.95,42.94,41.72,41.94,39.35,153594000
28 Mar 2018,41.81,42.51,41.30,41.62,39.04,166674000
27 Mar 2018,43.42,43.79,41.73,42.08,39.48,163690400
26 Mar 2018,42.02,43.28,41.61,43.19,40.52,150164800
23 Mar 2018,42.10,42.48,41.24,41.24,38.68,164115200
22 Mar 2018,42.50,43.17,42.15,42.21,39.60,165963200
21 Mar 2018,43.76,43.77,42.81,42.82,40.16,148219600
20 Mar 2018,43.81,44.20,43.74,43.81,41.10,78597600
19 Mar 2018,44.33,44.37,43.42,43.83,41.11,133787200
16 Mar 2018,44.66,44.78,44.40,44.51,41.75,157618800
15 Mar 2018,44.62,45.06,44.52,44.66,41.89,90975200
14 Mar 2018,45.08,45.13,44.45,44.61,41.85,117473600
13 Mar 2018,45.65,45.88,44.81,44.99,42.20,126774000
12 Mar 2018,45.07,45.60,45.05,45.43,42.61,128828400
09 Mar 2018,44.49,45.00,44.35,44.99,42.21,128740800
08 Mar 2018,43.87,44.28,43.77,44.24,41.49,95096400
07 Mar 2018,43.74,43.96,43.57,43.76,41.05,126814000
06 Mar 2018,44.48,44.56,44.03,44.17,41.43,95154000
05 Mar 2018,43.80,44.44,43.63,44.21,41.47,113605600
02 Mar 2018,43.20,44.08,43.11,44.05,41.32,153816000
01 Mar 2018,44.63,44.94,43.17,43.75,41.04,195208000
28 Feb 2018,44.81,45.15,44.51,44.53,41.77,151128400
27 Feb 2018,44.78,45.12,44.54,44.60,41.83,155712400
26 Feb 2018,44.09,44.85,44.05,44.74,41.97,152648800
23 Feb 2018,43.42,43.91,43.38,43.88,41.16,135249600
22 Feb 2018,42.95,43.49,42.93,43.12,40.45,123967600
21 Feb 2018,43.21,43.53,42.75,42.77,40.12,149886400
20 Feb 2018,43.01,43.56,42.85,42.96,40.30,135722000
16 Feb 2018,43.09,43.71,42.94,43.11,40.44,160704400
15 Feb 2018,42.45,43.27,42.25,43.25,40.57,204588800
14 Feb 2018,40.76,41.88,40.72,41.84,39.25,162579600
13 Feb 2018,40.49,41.19,40.41,41.08,38.54,130196800
12 Feb 2018,39.62,40.97,39.38,40.68,38.16,243278000
09 Feb 2018,39.27,39.47,37.56,39.10,36.68,282690400
08 Feb 2018,40.07,40.25,38.76,38.79,36.24,217562000
07 Feb 2018,40.77,40.85,39.77,39.88,37.26,206434400
06 Feb 2018,38.71,40.93,38.50,40.76,38.08,272975200
05 Feb 2018,39.78,40.97,39.00,39.12,36.55,290954000
02 Feb 2018,41.50,41.70,40.03,40.12,37.49,346375200
01 Feb 2018,41.79,42.15,41.69,41.94,39.19,188923200
31 Jan 2018,41.72,42.11,41.62,41.86,39.10,129915600
30 Jan 2018,41.38,41.84,41.17,41.74,39.00,184192800
29 Jan 2018,42.54,42.54,41.77,41.99,39.23,202561600
26 Jan 2018,43.00,43.00,42.51,42.88,40.06,156572000
25 Jan 2018,43.63,43.74,42.63,42.78,39.96,166116000
24 Jan 2018,44.31,44.33,43.30,43.56,40.69,204420400
23 Jan 2018,44.33,44.86,44.21,44.26,41.35,130756400
22 Jan 2018,44.33,44.44,44.15,44.25,41.34,108434400
19 Jan 2018,44.65,44.90,44.35,44.62,41.68,129700400
18 Jan 2018,44.84,45.03,44.56,44.81,41.87,124773600
17 Jan 2018,44.04,44.81,43.77,44.78,41.83,137547200
16 Jan 2018,44.47,44.85,44.03,44.05,41.15,118263600
12 Jan 2018,44.04,44.34,43.91,44.27,41.36,101672400
11 Jan 2018,43.65,43.87,43.62,43.82,40.94,74670800
10 Jan 2018,43.29,43.58,43.25,43.57,40.71,95839600
09 Jan 2018,43.64,43.76,43.35,43.58,40.72,86336000
08 Jan 2018,43.59,43.90,43.48,43.59,40.72,82271200
05 Jan 2018,43.36,43.84,43.26,43.75,40.87,94640000
04 Jan 2018,43.13,43.37,43.02,43.26,40.41,89738400
03 Jan 2018,43.13,43.64,42.99,43.06,40.23,118071600
02 Jan 2018,42.54,43.08,42.31,43.06,40.23,102223600
