Date,Open,High,Low,Close,Adj Close,Volume
30 Dec 2025,44.80,45.39,44.70,45.10,44.26,4171339
29 Dec 2025,45.90,46.03,45.45,45.45,44.60,4680346
24 Dec 2025,45.78,45.78,45.50,45.62,44.77,2112731
23 Dec 2025,45.60,45.71,45.30,45.58,44.73,4534942
22 Dec 2025,44.85,45.17,44.72,45.07,44.23,5527196
19 Dec 2025,44.55,44.84,44.13,44.36,43.53,23705950
18 Dec 2025,44.40,44.88,44.38,44.88,44.04,9640423
17 Dec 2025,44.16,44.44,43.96,44.41,43.58,7866827
16 Dec 2025,44.30,44.60,44.06,44.24,43.41,9553809
15 Dec 2025,45.01,45.14,44.06,44.27,43.44,8496021
12 Dec 2025,45.68,45.98,45.45,45.59,44.74,7547616
11 Dec 2025,45.31,45.49,44.80,45.10,44.26,7930105
10 Dec 2025,44.39,44.81,44.13,44.54,43.71,6608310
09 Dec 2025,44.15,44.79,44.10,44.30,43.47,7148967
08 Dec 2025,44.82,44.84,44.35,44.47,43.64,5324347
05 Dec 2025,44.55,44.84,44.36,44.84,44.00,9843381
04 Dec 2025,43.85,44.60,43.75,44.50,43.67,11656068
03 Dec 2025,42.84,43.04,42.56,42.96,42.16,7357811
02 Dec 2025,42.90,42.90,42.39,42.56,41.77,7321330
01 Dec 2025,41.99,42.30,41.81,42.08,41.30,6152730
28 Nov 2025,41.35,41.76,41.29,41.67,40.89,8041166
27 Nov 2025,41.73,41.95,41.56,41.74,40.96,4450872
26 Nov 2025,41.62,41.84,41.49,41.82,41.04,7359870
25 Nov 2025,40.93,41.03,40.62,41.01,40.25,8020389
24 Nov 2025,40.78,40.89,40.17,40.62,39.86,14778037
21 Nov 2025,40.50,40.75,40.21,40.37,39.62,10232751
20 Nov 2025,41.10,41.80,41.03,41.72,40.94,8072596
19 Nov 2025,41.40,41.46,40.95,40.95,40.19,7407413
18 Nov 2025,42.00,42.11,40.80,40.90,40.14,12252545
17 Nov 2025,42.13,42.56,42.01,42.48,41.69,5526619
14 Nov 2025,42.77,42.90,42.37,42.75,41.95,6262461
13 Nov 2025,43.33,43.45,42.83,43.33,42.52,7686716
12 Nov 2025,42.85,43.29,42.77,43.06,42.26,5169069
11 Nov 2025,43.00,43.00,42.57,42.79,41.99,5884672
10 Nov 2025,42.62,42.79,42.47,42.65,41.85,5094784
07 Nov 2025,42.88,42.94,42.43,42.65,41.85,6125961
06 Nov 2025,42.86,43.33,42.66,43.00,42.20,6475644
05 Nov 2025,42.35,42.45,41.91,42.34,41.55,7637826
04 Nov 2025,43.00,43.12,42.51,42.54,41.75,6834944
03 Nov 2025,43.45,43.65,43.07,43.37,42.56,5473353
31 Oct 2025,43.60,44.09,43.45,43.45,42.64,7562306
30 Oct 2025,44.28,44.55,43.81,43.88,43.06,7203994
29 Oct 2025,43.42,43.93,43.35,43.89,43.07,6122873
28 Oct 2025,43.35,43.68,42.95,43.34,42.53,8925277
27 Oct 2025,43.05,43.63,42.95,43.54,42.73,6414129
24 Oct 2025,42.75,43.24,42.67,43.24,42.43,7404860
23 Oct 2025,42.75,43.01,42.29,43.01,42.21,7054913
22 Oct 2025,43.40,43.68,43.11,43.51,42.70,7313867
21 Oct 2025,43.80,44.33,43.73,44.13,43.31,9494518
20 Oct 2025,42.85,43.14,42.79,43.14,42.34,8239848
17 Oct 2025,43.56,43.64,43.21,43.60,42.79,10756381
16 Oct 2025,43.48,43.84,43.34,43.77,42.95,10243494
15 Oct 2025,43.23,43.54,42.93,43.54,42.73,9777081
14 Oct 2025,42.56,43.12,42.43,42.79,41.99,9509568
13 Oct 2025,41.86,42.07,41.52,41.89,41.11,8378334
10 Oct 2025,42.88,42.90,42.16,42.22,41.43,10040660
09 Oct 2025,42.61,43.11,42.49,43.11,42.31,14134217
08 Oct 2025,41.95,42.12,41.82,41.89,41.11,6737624
07 Oct 2025,41.90,42.31,41.87,41.96,41.18,6151818
06 Oct 2025,42.00,42.16,41.80,41.90,41.12,5399935
03 Oct 2025,41.90,42.20,41.79,42.08,41.30,4996434
02 Oct 2025,41.90,42.33,41.84,41.94,41.16,7075579
01 Oct 2025,42.05,42.12,41.42,41.47,40.70,11041231
30 Sep 2025,42.75,42.94,42.53,42.53,41.74,12591714
29 Sep 2025,41.80,41.99,41.51,41.91,41.13,9744918
26 Sep 2025,42.38,42.67,42.08,42.22,41.43,10922787
25 Sep 2025,40.99,41.89,40.90,41.67,40.89,12092384
24 Sep 2025,40.45,40.47,40.00,40.24,39.49,7179771
23 Sep 2025,40.30,40.69,40.08,40.22,39.47,6219232
22 Sep 2025,39.65,40.34,39.57,40.03,39.28,7393512
19 Sep 2025,39.77,40.20,39.30,39.64,38.90,22847291
18 Sep 2025,40.00,40.19,39.88,39.97,39.22,7823281
17 Sep 2025,40.42,40.62,40.13,40.31,39.56,7379291
16 Sep 2025,40.92,41.14,40.77,40.77,40.01,7464437
15 Sep 2025,40.75,40.85,40.38,40.58,39.82,4485886
12 Sep 2025,40.62,40.89,40.46,40.81,40.05,5093254
11 Sep 2025,40.30,40.48,40.15,40.27,39.52,5904258
10 Sep 2025,40.32,40.56,40.18,40.46,39.71,7263768
09 Sep 2025,41.13,41.18,40.70,40.97,40.21,11339058
08 Sep 2025,41.63,41.79,41.31,41.37,40.60,7131110
05 Sep 2025,41.40,41.61,41.33,41.61,40.83,8268770
04 Sep 2025,41.75,42.11,41.66,41.98,41.20,8318138
03 Sep 2025,42.70,43.01,42.25,42.29,40.60,8236801
02 Sep 2025,42.60,43.19,42.60,42.85,41.14,6959643
01 Sep 2025,42.70,42.90,42.48,42.70,40.99,5679631
29 Aug 2025,43.10,43.32,42.80,43.19,41.46,11355266
28 Aug 2025,42.91,43.06,42.76,43.01,41.29,6259702
27 Aug 2025,42.70,43.22,42.59,43.22,41.49,5993473
26 Aug 2025,43.00,43.02,42.59,42.65,40.94,10597760
25 Aug 2025,42.90,43.34,42.82,43.14,41.42,9440006
22 Aug 2025,42.66,42.81,42.00,42.00,40.32,13494593
21 Aug 2025,41.90,42.12,41.68,42.06,40.38,9435127
20 Aug 2025,41.39,42.05,40.90,41.75,40.08,10296580
19 Aug 2025,41.60,42.25,41.34,42.12,40.44,10003525
18 Aug 2025,41.77,41.94,41.45,41.47,39.81,5271204
15 Aug 2025,41.55,41.96,41.39,41.96,40.28,6932247
14 Aug 2025,41.85,42.06,41.27,41.51,39.85,7815890
13 Aug 2025,41.42,41.95,41.41,41.73,40.06,8188549
12 Aug 2025,40.99,41.35,40.82,41.26,39.61,6893144
11 Aug 2025,40.70,40.98,40.65,40.87,39.24,4867453
08 Aug 2025,40.07,40.38,39.90,40.21,38.60,6130664
07 Aug 2025,39.98,40.03,39.68,39.87,38.28,5398124
06 Aug 2025,39.79,40.20,39.69,39.90,38.30,6271454
05 Aug 2025,39.81,40.11,39.74,39.80,38.21,4548811
04 Aug 2025,39.38,39.76,39.18,39.59,38.01,4916672
01 Aug 2025,39.45,39.69,39.22,39.22,37.65,7455836
31 Jul 2025,39.27,39.69,39.18,39.25,37.68,11994238
30 Jul 2025,40.25,40.57,40.20,40.22,38.61,5662040
29 Jul 2025,40.15,40.54,40.00,40.42,38.80,5510084
28 Jul 2025,40.57,40.71,40.20,40.30,38.69,6193873
25 Jul 2025,40.86,41.14,40.66,40.80,39.17,7481253
24 Jul 2025,41.99,42.07,41.46,41.60,39.94,8832638
23 Jul 2025,41.86,42.39,41.81,41.85,40.18,9875107
22 Jul 2025,40.89,41.69,40.77,41.51,39.85,11430702
21 Jul 2025,40.00,40.75,39.93,40.46,38.84,9694458
18 Jul 2025,39.82,40.40,39.67,40.29,38.68,14757261
17 Jul 2025,39.13,39.43,39.06,39.11,37.55,7380298
16 Jul 2025,38.77,39.13,38.66,39.11,37.55,6479966
15 Jul 2025,39.62,39.73,39.22,39.39,37.82,6061477
14 Jul 2025,39.59,39.99,39.51,39.73,38.14,6582664
11 Jul 2025,39.27,39.64,39.22,39.36,37.79,9460902
10 Jul 2025,37.88,38.36,37.74,38.30,36.77,4923915
09 Jul 2025,38.30,38.44,37.85,37.85,36.34,5880672
08 Jul 2025,37.77,38.27,37.56,38.24,36.71,8029159
07 Jul 2025,38.65,38.88,38.53,38.60,37.06,4267350
04 Jul 2025,38.60,38.99,38.45,38.73,37.18,7905428
03 Jul 2025,38.40,39.27,38.37,39.27,37.70,16531066
02 Jul 2025,37.00,37.35,36.76,37.20,35.71,9145015
01 Jul 2025,36.64,36.82,36.36,36.57,35.11,7856950
30 Jun 2025,37.18,37.20,36.54,36.75,35.28,12990646
27 Jun 2025,36.87,37.70,36.80,37.53,36.03,14244476
26 Jun 2025,36.04,36.31,35.98,36.12,34.68,6796840
25 Jun 2025,36.13,36.36,35.79,36.11,34.67,9462857
24 Jun 2025,36.45,36.60,36.10,36.48,35.02,8837818
23 Jun 2025,35.80,35.95,35.52,35.64,34.22,7060066
20 Jun 2025,36.33,36.35,35.88,36.21,34.76,26948926
19 Jun 2025,36.71,36.80,36.02,36.13,34.69,10816544
18 Jun 2025,36.84,37.00,36.69,36.86,35.39,11797500
17 Jun 2025,37.50,37.63,36.98,37.30,35.81,9427801
16 Jun 2025,36.94,37.73,36.92,37.44,35.94,7995056
13 Jun 2025,37.96,38.13,37.28,37.34,35.85,12726428
12 Jun 2025,38.99,39.00,38.34,38.34,36.81,8853092
11 Jun 2025,39.11,39.39,39.00,39.05,37.49,8321571
10 Jun 2025,38.44,38.70,38.19,38.48,36.94,8423622
06 Jun 2025,38.20,38.44,38.14,38.23,36.70,8368361
05 Jun 2025,37.89,38.27,37.84,37.98,36.46,8451413
04 Jun 2025,37.63,38.12,37.61,37.95,36.43,8472742
03 Jun 2025,38.03,38.17,37.56,37.56,36.06,9092695
02 Jun 2025,38.10,38.26,37.65,37.78,36.27,7279689
30 May 2025,38.09,38.34,38.04,38.25,36.72,21266999
29 May 2025,38.60,38.68,38.04,38.15,36.62,9337472
28 May 2025,38.65,39.01,38.27,38.45,36.91,7462593
27 May 2025,38.57,38.72,38.19,38.64,37.10,6446469
26 May 2025,38.60,38.64,38.23,38.57,37.03,5254368
23 May 2025,38.41,38.63,38.33,38.35,36.82,6094463
22 May 2025,38.57,38.76,38.45,38.63,37.09,5995013
21 May 2025,38.73,38.94,38.32,38.65,37.10,7003719
20 May 2025,39.03,39.06,38.55,38.60,37.06,7068394
19 May 2025,39.30,39.48,38.75,38.75,37.20,6741949
16 May 2025,39.43,39.97,39.37,39.72,38.13,10433059
15 May 2025,39.35,39.36,38.96,39.19,37.62,8679974
14 May 2025,39.40,39.45,38.90,39.45,37.87,8897426
13 May 2025,39.21,39.52,39.02,39.21,37.64,8917371
12 May 2025,38.17,38.55,37.96,38.40,36.86,8799346
09 May 2025,37.42,37.68,37.37,37.54,36.04,7266299
08 May 2025,37.50,38.13,37.49,37.92,36.40,8208632
07 May 2025,37.85,38.25,37.76,37.93,36.41,9692690
06 May 2025,37.71,37.82,37.39,37.60,36.10,6260439
05 May 2025,38.07,38.07,37.63,37.75,36.24,5715861
02 May 2025,37.52,38.20,37.32,38.08,36.56,12128860
01 May 2025,37.45,37.83,37.26,37.83,36.32,8185861
30 Apr 2025,38.02,38.33,37.85,38.19,36.66,9696608
29 Apr 2025,37.77,38.33,37.68,38.19,36.66,5967938
28 Apr 2025,38.14,38.14,37.47,37.66,36.15,11283554
24 Apr 2025,38.02,38.29,37.93,38.06,36.54,7571001
23 Apr 2025,37.69,37.79,37.31,37.72,36.21,8921838
22 Apr 2025,36.39,36.90,36.30,36.51,35.05,9273114
17 Apr 2025,36.00,36.67,35.97,36.48,35.02,9007017
16 Apr 2025,36.20,36.31,35.93,36.07,34.63,7432788
15 Apr 2025,36.78,36.90,36.36,36.50,35.04,6240293
14 Apr 2025,36.20,36.61,36.11,36.37,34.92,7984849
11 Apr 2025,34.92,35.42,34.73,35.42,34.00,13267732
10 Apr 2025,36.70,36.88,35.95,36.00,34.56,11134888
09 Apr 2025,33.91,34.50,33.80,34.16,32.79,13587280
08 Apr 2025,35.00,35.65,34.74,35.38,33.97,13899725
07 Apr 2025,33.61,35.13,33.25,34.57,33.19,21023886
04 Apr 2025,36.42,36.88,35.98,36.82,35.35,9403883
03 Apr 2025,37.40,37.60,36.96,37.01,35.53,10562779
02 Apr 2025,38.86,38.86,38.19,38.32,36.79,7319581
01 Apr 2025,38.73,39.03,38.54,38.89,37.34,7266432
31 Mar 2025,39.00,39.08,38.20,38.20,36.67,10559745
28 Mar 2025,39.60,40.12,39.46,39.69,38.10,8680085
27 Mar 2025,39.50,39.74,39.36,39.64,38.06,7659354
26 Mar 2025,39.55,39.89,39.45,39.52,37.94,8633420
25 Mar 2025,39.21,39.38,38.97,39.04,37.48,6558976
24 Mar 2025,39.22,39.39,38.98,39.32,37.75,4818118
21 Mar 2025,39.00,39.64,38.99,39.54,37.96,18313470
20 Mar 2025,39.38,39.54,39.00,39.13,37.57,12485687
19 Mar 2025,39.70,39.97,39.42,39.56,37.98,6283926
18 Mar 2025,39.43,39.70,39.33,39.62,38.04,6990047
17 Mar 2025,38.78,39.64,38.76,39.58,38.00,9707208
14 Mar 2025,38.72,39.03,38.55,38.65,37.10,7587140
13 Mar 2025,38.40,38.60,38.24,38.24,36.71,8616307
12 Mar 2025,39.47,39.56,38.82,38.95,37.39,11127309
11 Mar 2025,39.35,40.07,39.02,39.65,38.06,11725876
10 Mar 2025,39.25,39.42,38.91,39.20,37.63,6694025
07 Mar 2025,39.36,39.69,38.89,38.98,37.42,9314621
06 Mar 2025,42.00,42.15,38.97,39.23,37.66,13022584
05 Mar 2025,39.55,39.98,39.49,39.54,37.20,9749141
04 Mar 2025,39.20,39.62,38.96,39.48,37.14,8386617
03 Mar 2025,38.93,39.69,38.92,39.60,37.26,8342631
28 Feb 2025,39.32,39.47,38.77,39.04,36.73,18135055
27 Feb 2025,39.90,40.16,39.76,40.02,37.65,5916067
26 Feb 2025,40.20,40.24,39.48,39.71,37.36,8297693
25 Feb 2025,40.41,40.60,40.30,40.31,37.92,7903407
24 Feb 2025,40.44,40.89,40.41,40.80,38.39,6833234
21 Feb 2025,40.83,41.30,40.63,41.26,38.82,10287446
20 Feb 2025,40.40,40.55,39.71,40.15,37.77,11659006
19 Feb 2025,41.01,41.31,40.85,40.98,38.55,6588952
18 Feb 2025,41.10,41.15,40.38,40.97,38.55,6943788
17 Feb 2025,40.65,41.06,40.58,40.80,38.39,5962827
14 Feb 2025,41.22,41.54,40.92,40.92,38.50,6828877
13 Feb 2025,40.45,41.18,40.40,40.99,38.56,8279554
12 Feb 2025,40.00,40.17,39.86,40.14,37.76,7630232
11 Feb 2025,40.16,40.22,39.79,40.12,37.75,6717482
10 Feb 2025,40.15,40.42,39.92,40.09,37.72,4906289
07 Feb 2025,40.36,40.55,40.29,40.48,38.08,5041835
06 Feb 2025,39.82,40.31,39.75,40.26,37.88,6974422
05 Feb 2025,39.83,40.57,39.75,40.13,37.75,7549265
04 Feb 2025,39.55,39.67,39.39,39.53,37.19,6285179
03 Feb 2025,39.43,39.48,38.84,39.24,36.92,7797521
31 Jan 2025,39.97,40.11,39.80,39.95,37.59,8444574
30 Jan 2025,39.25,39.70,39.20,39.48,37.14,3225969
29 Jan 2025,39.05,39.45,38.96,39.13,36.81,5699790
28 Jan 2025,39.51,39.74,39.40,39.48,37.14,7525937
24 Jan 2025,39.37,39.40,38.90,39.31,36.98,7116573
23 Jan 2025,39.39,39.51,39.01,39.12,36.80,7734401
22 Jan 2025,40.07,40.22,39.65,39.80,37.44,7262091
21 Jan 2025,40.64,40.97,40.23,40.61,38.21,5775945
20 Jan 2025,40.29,40.51,40.09,40.24,37.86,4660630
17 Jan 2025,40.04,40.31,39.65,40.05,37.68,7983230
16 Jan 2025,40.20,40.20,39.84,39.98,37.61,7297174
15 Jan 2025,40.05,40.24,39.78,39.78,37.43,4934321
14 Jan 2025,39.90,40.16,39.73,40.16,37.78,7243278
13 Jan 2025,39.45,39.82,39.44,39.59,37.25,4979681
10 Jan 2025,39.55,39.83,39.50,39.68,37.33,4321363
09 Jan 2025,39.16,39.28,38.84,39.27,36.95,5060945
08 Jan 2025,38.88,39.57,38.72,39.40,37.07,8194023
07 Jan 2025,38.98,39.00,38.40,38.70,36.41,7135772
06 Jan 2025,39.25,39.28,38.82,38.98,36.67,8228960
03 Jan 2025,39.85,40.04,39.68,39.76,37.41,4364816
02 Jan 2025,39.50,39.99,39.49,39.96,37.59,4682324
31 Dec 2024,39.41,39.63,39.34,39.55,37.21,3880382
30 Dec 2024,39.77,39.91,39.65,39.84,37.48,3032871
27 Dec 2024,39.69,40.13,39.64,39.77,37.42,4655017
24 Dec 2024,39.56,39.81,39.52,39.73,37.38,2518413
23 Dec 2024,39.50,39.90,39.34,39.90,37.54,4431982
20 Dec 2024,39.23,39.59,39.21,39.59,37.25,19531098
19 Dec 2024,39.55,39.83,39.47,39.68,37.33,11725344
18 Dec 2024,40.30,40.55,40.18,40.27,37.89,6453398
17 Dec 2024,40.18,40.61,40.10,40.24,37.86,6264848
16 Dec 2024,40.60,40.68,40.19,40.35,37.96,7741369
13 Dec 2024,41.20,41.30,40.97,41.17,38.73,5219863
12 Dec 2024,42.00,42.14,41.75,41.79,39.32,3936712
11 Dec 2024,41.78,42.06,41.70,42.00,39.51,5394263
10 Dec 2024,41.75,42.27,41.68,41.83,39.35,11108702
09 Dec 2024,40.20,40.65,39.95,40.59,38.19,5399573
06 Dec 2024,40.55,40.70,40.33,40.70,38.29,5226639
05 Dec 2024,41.00,41.03,40.53,40.59,38.19,5793076
04 Dec 2024,40.97,41.05,40.61,41.05,38.62,7530805
03 Dec 2024,40.87,40.90,40.61,40.66,38.25,6070642
02 Dec 2024,40.68,40.83,40.48,40.72,38.31,5303672
29 Nov 2024,39.99,40.65,39.90,40.57,38.17,8243006
28 Nov 2024,40.01,40.19,39.98,40.07,37.70,7339727
27 Nov 2024,39.72,39.95,39.67,39.78,37.43,7485061
26 Nov 2024,40.30,40.35,39.86,39.86,37.50,8120374
25 Nov 2024,40.62,40.62,40.01,40.20,37.82,20751804
22 Nov 2024,40.00,40.22,39.96,40.16,37.78,8129329
21 Nov 2024,40.05,40.08,39.61,39.81,37.45,9614612
20 Nov 2024,40.31,40.49,40.08,40.08,37.71,11603449
19 Nov 2024,40.46,40.70,40.16,40.31,37.92,6927990
18 Nov 2024,40.02,40.61,39.93,40.36,37.97,5291487
15 Nov 2024,40.05,40.25,40.01,40.07,37.70,7194665
14 Nov 2024,40.52,40.63,40.01,40.01,37.64,6593223
13 Nov 2024,40.15,40.55,40.03,40.55,38.15,7142143
12 Nov 2024,40.75,41.70,40.66,40.90,38.48,10020308
11 Nov 2024,42.00,42.20,41.58,41.63,39.17,10871180
08 Nov 2024,43.52,44.03,43.40,43.40,40.83,8339043
07 Nov 2024,42.69,43.23,42.51,42.99,40.45,5737476
06 Nov 2024,42.95,43.20,42.17,42.60,40.08,5355349
05 Nov 2024,42.79,42.94,42.39,42.63,40.11,4347447
04 Nov 2024,42.77,42.91,42.51,42.60,40.08,3707285
01 Nov 2024,42.25,42.97,42.14,42.78,40.25,5415715
31 Oct 2024,43.18,43.19,42.46,42.64,40.12,9452917
30 Oct 2024,43.40,43.85,43.01,43.11,40.56,6098557
29 Oct 2024,43.26,43.39,43.04,43.04,40.49,7716405
28 Oct 2024,42.74,43.16,42.65,42.96,40.42,4882222
25 Oct 2024,42.25,42.54,42.14,42.39,39.88,5862759
24 Oct 2024,42.21,42.29,42.00,42.25,39.75,6050892
23 Oct 2024,42.31,42.75,42.22,42.43,39.92,5849530
22 Oct 2024,42.31,42.45,42.06,42.14,39.65,7264019
21 Oct 2024,42.70,42.88,42.43,42.64,40.12,7184217
18 Oct 2024,42.33,42.50,41.94,42.06,39.57,15048688
17 Oct 2024,43.55,43.85,42.80,42.99,40.45,11161569
16 Oct 2024,43.40,43.63,43.29,43.54,40.96,7367947
15 Oct 2024,44.37,44.39,44.01,44.01,41.41,5035230
14 Oct 2024,43.46,44.42,43.33,43.80,41.21,6157139
11 Oct 2024,43.75,43.82,43.43,43.43,40.86,6467361
10 Oct 2024,43.28,44.06,43.25,43.90,41.30,8307883
09 Oct 2024,43.31,43.59,42.80,43.28,40.72,8605304
08 Oct 2024,44.90,45.60,43.34,43.79,41.20,12502297
07 Oct 2024,44.84,44.97,44.64,44.86,42.20,6059458
04 Oct 2024,44.51,44.65,43.97,44.58,41.94,9661654
03 Oct 2024,45.45,45.74,45.14,45.37,42.68,7389168
02 Oct 2024,45.05,45.47,44.78,45.06,42.39,7781903
01 Oct 2024,45.20,45.37,44.55,44.64,42.00,11765854
30 Sep 2024,45.50,46.23,45.32,45.96,43.24,16710510
27 Sep 2024,44.35,44.86,44.27,44.74,42.09,15160689
26 Sep 2024,42.59,43.56,42.45,43.36,40.79,13898957
25 Sep 2024,41.88,42.70,41.84,42.70,40.17,14594112
24 Sep 2024,39.99,41.43,39.90,41.12,38.69,11460753
23 Sep 2024,39.50,39.90,39.41,39.81,37.45,5167820
20 Sep 2024,40.67,40.83,40.13,40.34,37.95,15808676
19 Sep 2024,40.00,40.29,39.20,40.19,37.81,13305298
18 Sep 2024,39.55,39.91,39.02,39.19,36.87,5265271
17 Sep 2024,39.64,39.73,39.50,39.55,37.21,6834242
16 Sep 2024,39.75,39.80,39.52,39.55,37.21,6593222
13 Sep 2024,39.19,39.87,39.10,39.60,37.26,9514813
12 Sep 2024,38.65,38.86,38.46,38.81,36.51,10485994
11 Sep 2024,38.75,39.39,38.71,39.34,35.97,9266380
10 Sep 2024,38.99,39.12,38.66,38.66,35.35,7049076
09 Sep 2024,38.59,38.83,38.33,38.76,35.44,7627507
06 Sep 2024,39.00,39.07,38.28,38.45,35.15,8359748
05 Sep 2024,39.01,39.19,38.80,38.91,35.57,8452372
04 Sep 2024,38.88,39.09,38.63,38.64,35.33,9726696
03 Sep 2024,40.20,40.35,39.63,39.63,36.23,8507301
02 Sep 2024,40.72,40.76,40.25,40.33,36.87,4541942
30 Aug 2024,40.70,40.90,40.45,40.77,37.27,13243753
29 Aug 2024,40.18,40.53,40.12,40.53,37.06,9420254
28 Aug 2024,40.87,41.19,40.50,40.76,37.27,10748562
27 Aug 2024,41.91,41.93,41.35,41.35,37.81,7708889
26 Aug 2024,40.83,41.03,40.70,40.84,37.34,5951917
23 Aug 2024,40.68,40.79,40.53,40.67,37.18,5786729
22 Aug 2024,41.13,41.24,40.86,40.94,37.43,6390982
21 Aug 2024,39.90,40.90,39.83,40.88,37.38,9386197
20 Aug 2024,40.21,40.33,39.94,40.25,36.80,5820593
19 Aug 2024,39.90,40.05,39.61,39.73,36.32,6156130
16 Aug 2024,40.07,40.25,39.67,40.01,36.58,11695311
15 Aug 2024,39.31,39.43,38.76,39.21,35.85,12352694
14 Aug 2024,40.45,40.68,39.56,39.62,36.22,10698192
13 Aug 2024,40.64,41.00,40.58,40.75,37.26,6039761
12 Aug 2024,40.87,40.94,40.41,40.64,37.16,4248347
09 Aug 2024,40.65,41.02,40.32,40.86,37.36,7895708
08 Aug 2024,40.57,40.59,40.06,40.21,36.76,7985004
07 Aug 2024,41.02,41.28,40.88,41.02,37.50,7249147
06 Aug 2024,41.10,41.53,41.05,41.26,37.72,10495681
05 Aug 2024,41.15,41.87,41.00,41.11,37.59,9434809
02 Aug 2024,41.51,41.98,41.45,41.98,38.38,9014754
01 Aug 2024,42.83,42.92,42.33,42.49,38.85,7112335
31 Jul 2024,41.32,42.30,41.18,42.30,38.67,12017032
30 Jul 2024,41.57,41.84,41.31,41.54,37.98,8587576
29 Jul 2024,42.29,42.43,42.07,42.07,38.46,5785958
26 Jul 2024,41.88,42.29,41.69,42.10,38.49,8529257
25 Jul 2024,41.38,41.53,41.15,41.19,37.66,7438326
24 Jul 2024,41.31,41.56,41.02,41.56,38.00,5777270
23 Jul 2024,41.85,41.93,41.46,41.46,37.91,8066150
22 Jul 2024,41.75,41.77,41.35,41.64,38.07,6120239
19 Jul 2024,42.02,42.09,41.75,41.76,38.18,13465553
18 Jul 2024,42.65,42.85,42.50,42.66,39.00,8109631
17 Jul 2024,42.91,43.15,42.66,42.70,39.04,9282537
16 Jul 2024,43.05,43.21,42.75,43.08,39.39,8870813
15 Jul 2024,43.95,43.95,43.62,43.67,39.93,4958854
12 Jul 2024,43.11,43.56,43.09,43.40,39.68,5730332
11 Jul 2024,43.64,43.73,43.26,43.56,39.83,4849539
10 Jul 2024,43.36,43.42,43.10,43.17,39.47,5499582
09 Jul 2024,43.65,43.92,43.56,43.74,39.99,6436472
08 Jul 2024,44.10,44.11,43.42,43.48,39.75,6843748
05 Jul 2024,44.52,44.68,44.21,44.39,40.58,5147858
04 Jul 2024,44.49,44.87,44.00,44.77,40.93,7772273
03 Jul 2024,43.33,43.65,43.18,43.65,39.91,5010302
02 Jul 2024,43.41,43.56,42.89,43.16,39.46,6312330
01 Jul 2024,42.75,43.39,42.74,43.30,39.59,5688274
28 Jun 2024,42.71,43.20,42.68,42.68,39.02,10823306
27 Jun 2024,43.14,43.27,42.66,43.15,39.45,7810704
26 Jun 2024,42.88,43.34,42.67,43.34,39.62,7648083
25 Jun 2024,42.62,43.35,42.58,43.32,39.61,7789491
24 Jun 2024,42.72,42.83,42.31,42.43,38.79,5697237
21 Jun 2024,42.92,43.08,42.62,42.78,39.11,18176496
20 Jun 2024,42.60,42.83,42.51,42.75,39.08,10791261
19 Jun 2024,42.77,42.89,42.61,42.74,39.08,6440310
18 Jun 2024,42.64,43.07,42.41,42.80,39.13,11623663
17 Jun 2024,43.05,43.14,42.54,42.54,38.89,7993163
14 Jun 2024,43.20,43.40,43.06,43.09,39.40,5618488
13 Jun 2024,43.31,43.51,43.05,43.20,39.50,9443073
12 Jun 2024,43.16,43.50,43.08,43.50,39.77,8896061
11 Jun 2024,44.20,44.28,43.47,43.74,39.99,10414438
07 Jun 2024,44.70,44.75,44.47,44.53,40.71,6210809
06 Jun 2024,44.14,44.23,43.78,44.05,40.27,8273554
05 Jun 2024,43.72,43.98,43.65,43.90,40.14,12366369
04 Jun 2024,44.50,44.54,44.14,44.28,40.48,8190369
03 Jun 2024,45.07,45.21,44.67,44.81,40.97,8720703
31 May 2024,44.30,44.59,43.95,44.51,40.69,17969206
30 May 2024,44.56,45.07,44.16,44.30,40.50,8982270
29 May 2024,45.00,45.35,44.92,45.08,41.22,7049656
28 May 2024,45.15,45.47,45.08,45.08,41.22,5315928
27 May 2024,45.03,45.25,44.82,45.15,41.28,3746077
24 May 2024,44.56,44.84,44.46,44.64,40.81,5063748
23 May 2024,44.68,45.11,44.47,44.91,41.06,7798076
22 May 2024,46.13,46.41,46.08,46.24,42.28,5681346
21 May 2024,46.00,46.09,45.62,46.04,42.09,7564331
20 May 2024,46.01,46.03,45.65,45.72,41.80,8167455
17 May 2024,44.85,45.10,44.76,44.89,41.04,8687705
16 May 2024,44.70,44.78,44.41,44.54,40.72,8955356
15 May 2024,44.15,44.44,44.09,44.09,40.31,6526183
14 May 2024,43.10,43.26,42.91,43.15,39.45,6338467
13 May 2024,43.34,43.35,43.01,43.25,39.54,4512248
10 May 2024,43.31,43.33,42.83,42.91,39.23,5542469
09 May 2024,43.30,43.39,43.00,43.06,39.37,6441541
08 May 2024,43.42,43.50,43.25,43.38,39.66,6643055
07 May 2024,42.90,43.47,42.89,43.42,39.70,7263072
06 May 2024,42.69,42.83,42.50,42.75,39.08,5628907
03 May 2024,42.50,42.65,42.22,42.41,38.77,11457300
02 May 2024,42.31,42.51,42.27,42.38,38.75,7522744
01 May 2024,42.65,42.76,42.23,42.32,38.69,9426577
30 Apr 2024,43.25,43.46,42.98,43.03,39.34,9322265
29 Apr 2024,43.14,43.19,42.88,42.97,39.29,10299169
26 Apr 2024,43.60,43.75,43.12,43.15,39.45,16413726
24 Apr 2024,45.10,45.42,44.74,45.23,41.35,8440102
23 Apr 2024,45.51,45.63,45.39,45.50,41.60,4311756
22 Apr 2024,45.23,45.70,45.18,45.42,41.53,7065828
19 Apr 2024,44.80,44.92,44.21,44.63,40.80,9943144
18 Apr 2024,44.93,45.42,44.90,45.09,41.22,8847944
17 Apr 2024,44.70,44.89,44.31,44.44,40.63,5683293
16 Apr 2024,45.62,45.65,44.65,44.97,41.11,10192323
15 Apr 2024,45.70,45.97,45.55,45.77,41.85,7043132
12 Apr 2024,45.51,45.56,45.23,45.52,41.62,6012876
11 Apr 2024,45.65,45.98,45.32,45.94,42.00,7843306
10 Apr 2024,45.43,45.72,45.37,45.46,41.56,6887944
09 Apr 2024,45.40,45.44,45.02,45.13,41.26,7102389
08 Apr 2024,44.16,44.31,43.63,44.25,40.46,7984535
05 Apr 2024,44.10,44.51,44.04,44.35,40.55,6311798
04 Apr 2024,44.93,44.94,44.59,44.75,40.91,9097660
03 Apr 2024,45.52,45.68,44.86,44.86,41.01,10385470
02 Apr 2024,44.89,45.27,44.76,45.13,41.26,13293358
28 Mar 2024,44.45,44.66,44.27,44.27,40.47,12091114
27 Mar 2024,43.12,43.70,43.12,43.68,39.94,7487727
26 Mar 2024,43.78,44.18,43.44,43.62,39.88,6066389
25 Mar 2024,43.93,44.32,43.81,43.88,40.12,5266144
22 Mar 2024,44.34,44.39,43.55,43.79,40.04,10256530
21 Mar 2024,44.06,44.15,43.43,44.15,40.36,10704726
20 Mar 2024,43.46,44.03,43.45,43.81,40.05,8535724
19 Mar 2024,42.68,43.72,42.58,43.59,39.85,8461680
18 Mar 2024,42.61,42.62,42.25,42.41,38.77,5407458
15 Mar 2024,42.38,42.59,42.10,42.41,38.77,17557119
14 Mar 2024,42.98,43.27,42.72,43.06,39.37,14009930
13 Mar 2024,42.20,42.36,41.93,41.95,38.35,10154069
12 Mar 2024,42.53,42.63,42.22,42.52,38.87,9528115
11 Mar 2024,43.20,43.25,42.75,42.82,39.15,7272488
08 Mar 2024,43.83,43.97,43.65,43.95,40.18,7982291
07 Mar 2024,43.41,44.03,43.37,43.86,40.10,8131527
06 Mar 2024,44.27,44.61,44.02,44.35,39.55,7935118
05 Mar 2024,44.65,44.93,44.55,44.63,39.80,9134973
04 Mar 2024,44.53,44.77,44.15,44.23,39.44,6709517
01 Mar 2024,44.07,45.02,44.07,44.92,40.05,8051335
29 Feb 2024,43.80,44.16,43.53,43.93,39.17,16021179
28 Feb 2024,44.37,44.40,43.91,43.95,39.19,5930446
27 Feb 2024,43.75,44.23,43.40,44.04,39.27,7470065
26 Feb 2024,44.31,44.66,43.81,43.97,39.21,7595615
23 Feb 2024,44.55,44.66,44.24,44.55,39.72,5374263
22 Feb 2024,44.25,44.78,44.23,44.30,39.50,7744811
21 Feb 2024,44.45,44.59,43.97,44.47,39.65,14353992
20 Feb 2024,46.26,46.30,45.13,45.54,40.61,7306866
19 Feb 2024,46.09,46.58,46.04,46.04,41.05,4373838
16 Feb 2024,45.70,45.90,45.36,45.61,40.67,8413493
15 Feb 2024,45.25,45.74,44.74,45.17,40.28,12127927
14 Feb 2024,45.65,46.02,45.54,45.95,40.97,5818159
13 Feb 2024,46.26,46.49,46.15,46.32,41.30,4950074
12 Feb 2024,46.25,46.25,45.85,46.07,41.08,4421821
09 Feb 2024,46.25,46.45,46.20,46.30,41.28,6368668
08 Feb 2024,46.54,46.60,46.27,46.42,41.39,5076540
07 Feb 2024,46.20,46.76,46.20,46.44,41.41,5564396
06 Feb 2024,46.00,46.10,45.70,45.96,40.98,7502383
05 Feb 2024,46.84,46.88,46.42,46.45,41.42,6673782
02 Feb 2024,47.50,47.81,47.29,47.61,42.45,9086720
01 Feb 2024,47.27,47.27,46.73,47.11,42.01,6450184
31 Jan 2024,46.70,47.33,46.61,47.27,42.15,12102405
30 Jan 2024,46.91,47.31,46.88,47.05,41.95,5490281
29 Jan 2024,46.70,47.07,46.62,46.87,41.79,8218432
25 Jan 2024,47.42,47.74,47.15,47.54,42.39,7247040
24 Jan 2024,46.92,47.33,46.74,46.86,41.78,5937775
23 Jan 2024,45.80,46.46,45.79,46.30,41.28,7696813
22 Jan 2024,45.74,45.94,45.61,45.85,40.88,8164654
19 Jan 2024,46.01,46.30,45.66,45.73,40.78,11160323
18 Jan 2024,45.75,46.18,45.55,45.73,40.78,9313074
17 Jan 2024,46.70,46.96,46.34,46.57,41.53,8368750
16 Jan 2024,46.76,46.94,46.38,46.50,41.46,7822665
15 Jan 2024,47.44,47.52,47.13,47.27,42.15,1675216
12 Jan 2024,47.38,48.07,47.38,47.71,42.54,4178671
11 Jan 2024,47.75,48.02,47.54,47.81,42.63,5581501
10 Jan 2024,48.29,48.45,47.85,47.86,42.68,6927192
09 Jan 2024,48.97,49.28,48.90,48.97,43.67,3967771
08 Jan 2024,49.12,49.24,48.52,48.66,43.39,3513478
05 Jan 2024,49.40,49.58,49.02,49.07,43.75,3992737
04 Jan 2024,50.14,50.14,49.58,49.58,44.21,4458375
03 Jan 2024,50.20,50.24,49.72,49.77,44.38,4483073
02 Jan 2024,50.13,50.60,50.10,50.54,45.07,3375905
29 Dec 2023,50.26,50.51,50.22,50.41,44.95,4818598
28 Dec 2023,50.26,50.84,50.21,50.72,45.23,5086835
27 Dec 2023,50.00,50.60,49.90,50.26,44.82,5435683
22 Dec 2023,49.92,50.00,49.71,49.73,44.34,10576800
21 Dec 2023,49.39,49.87,49.07,49.74,44.35,8985068
20 Dec 2023,49.75,49.95,49.50,49.80,44.41,6713871
19 Dec 2023,49.30,49.68,49.21,49.62,44.24,5335300
18 Dec 2023,49.25,49.46,49.07,49.34,44.00,4472151
15 Dec 2023,48.76,49.75,48.66,49.41,44.06,24818255
14 Dec 2023,48.29,48.60,48.14,48.25,43.02,10044475
13 Dec 2023,47.59,47.99,47.51,47.87,42.68,6416952
12 Dec 2023,47.32,47.70,47.28,47.56,42.41,5419360
11 Dec 2023,47.62,47.83,47.42,47.54,42.39,4567761
08 Dec 2023,47.54,47.80,47.41,47.74,42.57,4648832
07 Dec 2023,46.90,47.42,46.73,47.42,42.28,5849168
06 Dec 2023,46.60,47.40,46.44,47.23,42.11,9483742
05 Dec 2023,46.43,46.57,46.15,46.52,41.48,6534992
04 Dec 2023,47.20,47.60,46.97,47.14,42.03,7169376
01 Dec 2023,45.95,46.44,45.95,46.34,41.32,4027499
30 Nov 2023,46.00,46.42,45.95,46.30,41.28,16341608
29 Nov 2023,46.27,46.52,46.05,46.19,41.19,5425849
28 Nov 2023,46.27,46.79,46.18,46.43,41.40,5188165
27 Nov 2023,47.14,47.17,46.43,46.52,41.48,5097099
24 Nov 2023,47.15,47.42,47.03,47.21,42.10,3029644
23 Nov 2023,47.52,47.56,46.59,47.15,42.04,4978743
22 Nov 2023,47.72,47.93,47.70,47.84,42.66,4959138
21 Nov 2023,46.80,47.67,46.75,47.40,42.27,9578236
20 Nov 2023,46.60,46.74,46.28,46.74,41.68,5115952
17 Nov 2023,46.55,46.78,46.52,46.61,41.56,7512340
16 Nov 2023,46.71,46.85,46.35,46.56,41.52,8478184
15 Nov 2023,46.88,47.09,46.73,46.84,41.77,9346736
14 Nov 2023,45.84,46.12,45.67,46.02,41.03,6164940
13 Nov 2023,45.68,45.80,45.32,45.40,40.48,4585409
10 Nov 2023,45.29,45.40,45.16,45.27,40.37,4799475
09 Nov 2023,44.87,45.13,44.75,44.95,40.08,7626532
08 Nov 2023,44.83,44.85,44.06,44.70,39.86,11422915
07 Nov 2023,45.44,45.64,45.13,45.56,40.62,4608816
06 Nov 2023,45.32,45.44,44.96,45.44,40.52,9127994
03 Nov 2023,45.80,45.88,45.43,45.50,40.57,6766318
02 Nov 2023,45.69,45.79,45.16,45.38,40.46,8806462
01 Nov 2023,44.70,45.26,44.68,45.19,40.29,6281691
31 Oct 2023,45.40,45.45,44.27,44.50,39.68,11329509
30 Oct 2023,45.50,45.55,44.94,45.11,40.22,7990129
27 Oct 2023,44.93,45.19,44.76,45.06,40.18,5631295
26 Oct 2023,44.79,45.09,44.54,44.93,40.06,9027716
25 Oct 2023,44.58,44.90,44.17,44.72,39.88,8532512
24 Oct 2023,43.60,43.74,43.38,43.59,38.87,5914150
23 Oct 2023,43.51,43.68,43.15,43.36,38.66,6438683
20 Oct 2023,44.44,44.72,44.31,44.43,39.62,9907654
19 Oct 2023,44.96,45.30,44.84,45.23,40.33,8036241
18 Oct 2023,45.80,45.99,45.47,45.88,40.91,7545219
17 Oct 2023,45.60,45.89,45.40,45.57,40.63,6737187
16 Oct 2023,45.07,45.25,44.99,45.18,40.29,4294332
13 Oct 2023,44.60,45.13,44.55,45.01,40.13,5382751
12 Oct 2023,44.89,44.94,44.63,44.84,39.98,5695088
11 Oct 2023,44.76,44.94,44.63,44.73,39.88,7477841
10 Oct 2023,43.98,44.30,43.87,44.15,39.37,6672415
09 Oct 2023,44.62,44.75,43.89,44.03,39.26,5555127
06 Oct 2023,43.69,44.14,43.52,43.97,39.21,5855340
05 Oct 2023,43.50,43.68,43.17,43.43,38.73,6895227
04 Oct 2023,43.58,43.83,43.35,43.72,38.98,8203989
03 Oct 2023,43.82,43.87,43.33,43.84,39.09,10731286
02 Oct 2023,44.25,44.63,44.16,44.60,39.77,6720263
29 Sep 2023,44.67,44.82,44.20,44.25,39.46,9690760
28 Sep 2023,43.53,44.13,43.49,43.73,38.99,8776509
27 Sep 2023,43.28,43.62,43.16,43.49,38.78,6325666
26 Sep 2023,43.60,43.77,43.30,43.30,38.61,6589054
25 Sep 2023,44.20,44.27,43.81,44.15,39.37,5259499
22 Sep 2023,43.13,44.34,43.06,44.34,39.54,13377059
21 Sep 2023,44.20,44.65,43.94,44.10,39.32,8733540
20 Sep 2023,44.78,44.80,44.24,44.64,39.80,9949035
19 Sep 2023,45.41,45.52,45.00,45.10,40.21,10121575
18 Sep 2023,45.61,45.89,45.48,45.76,40.80,5453194
15 Sep 2023,45.30,45.98,45.24,45.68,40.73,19052173
14 Sep 2023,43.56,44.40,43.52,44.14,39.36,7838917
13 Sep 2023,43.92,44.24,43.77,43.80,39.06,5459680
12 Sep 2023,44.21,44.36,43.73,44.19,39.40,5811744
11 Sep 2023,43.29,43.86,42.95,43.66,38.93,6907148
08 Sep 2023,43.43,43.70,42.98,43.19,38.51,8858924
07 Sep 2023,44.40,44.50,43.67,43.71,38.97,10821356
06 Sep 2023,46.25,46.27,45.86,46.10,39.99,9965206
05 Sep 2023,46.01,46.15,45.47,46.10,39.99,6122386
04 Sep 2023,45.32,46.09,45.31,45.93,39.84,7523214
01 Sep 2023,44.40,44.85,44.21,44.74,38.81,6684944
31 Aug 2023,44.61,44.88,44.36,44.85,38.91,12891810
30 Aug 2023,44.40,44.94,44.35,44.73,38.80,8197995
29 Aug 2023,43.64,44.09,43.61,44.09,38.25,6844628
28 Aug 2023,43.18,43.83,43.07,43.55,37.78,7235570
25 Aug 2023,43.00,43.28,42.85,43.02,37.32,8985034
24 Aug 2023,44.04,44.31,43.58,43.78,37.98,7925377
23 Aug 2023,43.00,44.34,43.00,44.03,38.20,9795378
22 Aug 2023,42.70,43.46,42.65,43.21,37.48,9947256
21 Aug 2023,43.60,43.87,43.27,43.52,37.75,5588917
18 Aug 2023,43.60,43.99,43.56,43.69,37.90,11915091
17 Aug 2023,43.01,43.29,42.82,43.11,37.40,10834814
16 Aug 2023,43.78,43.86,43.11,43.11,37.40,11964828
15 Aug 2023,44.40,44.90,44.40,44.62,38.71,6876435
14 Aug 2023,45.45,45.58,44.71,44.75,38.82,7113256
11 Aug 2023,45.42,45.84,45.36,45.73,39.67,6653992
10 Aug 2023,45.46,45.87,45.46,45.78,39.71,7796959
09 Aug 2023,45.20,45.66,45.11,45.50,39.47,6610602
08 Aug 2023,45.78,45.89,45.32,45.32,39.31,5029719
07 Aug 2023,45.66,45.77,45.49,45.57,39.53,2536128
04 Aug 2023,45.86,46.07,45.48,45.80,39.73,6515484
03 Aug 2023,45.49,45.70,45.08,45.31,39.31,8449051
02 Aug 2023,46.06,46.37,45.78,45.85,39.77,5048340
01 Aug 2023,46.45,46.85,46.36,46.37,40.23,5961057
31 Jul 2023,45.86,46.35,45.74,46.01,39.91,6533861
28 Jul 2023,46.23,46.37,45.41,45.80,39.73,8009337
27 Jul 2023,46.41,46.83,46.11,46.18,40.06,8916116
26 Jul 2023,47.03,47.20,46.63,46.88,40.67,9244185
25 Jul 2023,45.26,46.25,45.12,45.82,39.75,10147818
24 Jul 2023,45.08,45.17,44.33,44.34,38.46,6941458
21 Jul 2023,44.73,45.22,44.66,45.02,39.05,8754963
20 Jul 2023,44.98,45.06,44.57,44.62,38.71,7249563
19 Jul 2023,45.11,45.19,44.29,44.67,38.75,7739497
18 Jul 2023,44.61,44.87,44.42,44.82,38.88,5204745
17 Jul 2023,45.40,45.62,45.11,45.26,39.26,5315765
14 Jul 2023,45.42,45.75,45.25,45.52,39.49,7956094
13 Jul 2023,44.67,44.95,44.52,44.73,38.80,9237207
12 Jul 2023,44.05,44.10,43.78,44.07,38.23,6235054
11 Jul 2023,43.20,43.33,43.06,43.33,37.59,5472768
10 Jul 2023,43.32,43.70,42.70,42.72,37.06,5977306
07 Jul 2023,43.11,43.52,42.81,43.20,37.48,9127205
06 Jul 2023,44.50,44.70,43.62,43.97,38.14,10352745
05 Jul 2023,45.12,45.35,44.98,45.00,39.04,6991874
04 Jul 2023,45.40,45.49,45.10,45.20,39.21,4521034
03 Jul 2023,44.78,45.44,44.76,45.26,39.26,7235631
30 Jun 2023,45.20,45.29,44.79,44.99,39.03,9492337
29 Jun 2023,45.17,45.49,44.95,44.95,38.99,7508590
28 Jun 2023,45.10,45.75,45.03,45.42,39.40,10787833
27 Jun 2023,44.68,45.16,44.34,45.11,39.13,7133135
26 Jun 2023,44.54,44.62,43.95,44.45,38.56,6851721
23 Jun 2023,45.01,45.28,44.52,44.60,38.69,5048299
22 Jun 2023,45.91,45.94,45.03,45.12,39.14,6908090
21 Jun 2023,45.90,46.34,45.77,46.22,40.09,7984776
20 Jun 2023,46.20,46.95,46.19,46.72,40.53,5715228
19 Jun 2023,46.14,46.35,45.89,46.10,39.99,7600279
16 Jun 2023,46.61,46.73,46.00,46.42,40.27,18505094
15 Jun 2023,46.32,46.50,45.88,46.25,40.12,10197326
14 Jun 2023,45.35,45.90,45.25,45.90,39.82,13352551
13 Jun 2023,44.08,44.39,43.80,44.29,38.42,6726737
09 Jun 2023,44.55,44.86,44.34,44.72,38.79,7375208
08 Jun 2023,44.25,44.40,43.86,44.13,38.28,8795375
07 Jun 2023,44.01,44.23,43.62,43.62,37.84,6474232
06 Jun 2023,43.66,44.19,43.56,43.60,37.82,7796328
05 Jun 2023,44.35,44.43,43.75,44.00,38.17,7413303
02 Jun 2023,42.89,43.38,42.61,43.25,37.52,8834326
01 Jun 2023,41.98,42.31,41.66,42.07,36.49,9798349
31 May 2023,42.88,42.95,42.02,42.02,36.45,18347565
30 May 2023,43.41,43.70,43.25,43.49,37.73,4308022
29 May 2023,43.60,43.86,43.27,43.36,37.61,4706217
26 May 2023,42.17,42.90,42.11,42.75,37.08,5807509
25 May 2023,42.00,42.49,42.00,42.15,36.56,8830964
24 May 2023,43.75,43.79,42.82,42.82,37.15,7687785
23 May 2023,44.05,44.48,43.80,43.80,38.00,6074250
22 May 2023,44.02,44.45,44.02,44.20,38.34,3744039
19 May 2023,44.26,44.41,43.98,44.16,38.31,5566422
18 May 2023,44.23,44.58,44.07,44.24,38.38,7085937
17 May 2023,43.65,44.16,43.34,43.72,37.93,5976638
16 May 2023,44.65,44.65,43.99,44.08,38.24,6563607
15 May 2023,44.10,44.22,43.57,43.85,38.04,5406693
12 May 2023,43.20,43.64,43.06,43.48,37.72,8010239
11 May 2023,44.08,44.34,43.72,44.00,38.17,5172770
10 May 2023,44.66,44.74,44.26,44.45,38.56,6813433
09 May 2023,44.50,44.68,44.38,44.47,38.58,6594143
08 May 2023,45.20,45.24,44.40,44.72,38.79,6748888
05 May 2023,43.34,44.05,43.32,44.05,38.21,7426260
04 May 2023,43.77,44.33,43.67,43.97,38.14,6629353
03 May 2023,43.40,43.42,42.96,43.27,37.54,8587904
02 May 2023,44.11,44.24,43.47,43.63,37.85,6482904
01 May 2023,44.40,44.63,44.08,44.18,38.33,4290829
28 Apr 2023,44.66,44.75,44.26,44.40,38.52,6597162
27 Apr 2023,44.40,44.45,43.98,44.33,38.46,4814023
26 Apr 2023,42.75,44.00,42.69,44.00,38.17,13915568
24 Apr 2023,43.91,44.34,43.85,44.17,38.32,8411479
21 Apr 2023,45.20,45.46,44.90,45.02,39.05,11874227
20 Apr 2023,46.80,46.80,46.00,46.06,39.96,9075462
19 Apr 2023,47.25,47.52,47.09,47.27,41.01,6489493
18 Apr 2023,46.66,46.85,46.25,46.58,40.41,5605297
17 Apr 2023,46.25,46.61,45.94,46.61,40.43,5388651
14 Apr 2023,46.30,46.48,45.88,46.45,40.29,5209160
13 Apr 2023,46.69,46.98,46.13,46.40,40.25,6672342
12 Apr 2023,46.96,47.40,46.77,46.84,40.63,6903564
11 Apr 2023,45.55,46.04,45.48,45.98,39.89,7264777
06 Apr 2023,45.10,45.35,44.92,45.05,39.08,5314949
05 Apr 2023,45.05,45.33,44.93,45.24,39.24,6957691
04 Apr 2023,46.55,46.57,45.89,45.94,39.85,8571794
03 Apr 2023,47.38,47.59,46.53,46.97,40.75,8197286
31 Mar 2023,46.99,47.23,46.80,47.23,40.97,14156069
30 Mar 2023,45.98,46.23,45.84,46.08,39.97,14229374
29 Mar 2023,44.56,45.12,44.46,45.00,39.04,6527061
28 Mar 2023,43.98,44.55,43.93,44.40,38.52,10442357
27 Mar 2023,43.90,43.98,43.34,43.55,37.78,6404693
24 Mar 2023,43.32,43.67,43.26,43.64,37.86,7213653
23 Mar 2023,43.36,43.65,43.07,43.51,37.74,7500179
22 Mar 2023,43.53,43.84,43.45,43.84,38.03,9100946
21 Mar 2023,43.75,43.94,43.47,43.53,37.76,6067518
20 Mar 2023,43.35,43.85,42.89,42.96,37.27,6916826
17 Mar 2023,43.25,43.69,43.13,43.39,37.64,23112109
16 Mar 2023,43.75,44.13,43.35,43.39,37.64,20748235
15 Mar 2023,45.68,45.83,45.22,45.56,39.52,7196885
14 Mar 2023,45.31,45.76,44.63,45.03,39.06,12069779
13 Mar 2023,45.61,46.10,45.35,45.83,39.76,8880337
10 Mar 2023,46.00,46.15,44.91,45.01,39.05,8594951
09 Mar 2023,46.60,46.70,46.15,46.59,40.42,10555950
08 Mar 2023,47.31,47.99,47.22,47.63,40.14,8830392
07 Mar 2023,47.45,48.13,47.17,47.93,40.39,8116667
06 Mar 2023,48.65,48.70,47.77,48.39,40.78,8392343
03 Mar 2023,48.30,48.64,48.19,48.32,40.72,7173000
02 Mar 2023,47.06,48.10,46.86,48.05,40.49,14069880
01 Mar 2023,45.34,46.45,45.26,46.22,38.95,8470730
28 Feb 2023,44.95,45.29,44.79,45.20,38.09,14846139
27 Feb 2023,44.88,45.11,44.33,44.55,37.54,12847775
24 Feb 2023,46.25,46.48,45.73,45.94,38.71,8171267
23 Feb 2023,47.05,47.35,46.53,46.69,39.34,11466587
22 Feb 2023,48.70,48.74,47.98,48.34,40.73,6355793
21 Feb 2023,47.71,48.56,47.11,48.30,40.70,10859984
20 Feb 2023,48.20,48.59,48.01,48.46,40.83,5648269
17 Feb 2023,48.60,48.74,48.00,48.00,40.45,11579453
16 Feb 2023,47.99,48.30,47.76,48.12,40.55,14993848
15 Feb 2023,48.20,48.25,47.57,47.94,40.40,6687104
14 Feb 2023,47.99,48.20,47.65,47.72,40.21,5799869
13 Feb 2023,47.78,48.02,47.63,47.87,40.34,7354717
10 Feb 2023,48.01,48.50,47.87,48.00,40.45,5398202
09 Feb 2023,47.80,48.24,47.65,48.12,40.55,6092765
08 Feb 2023,48.25,48.43,47.91,48.10,40.53,8159827
07 Feb 2023,47.95,48.36,47.86,48.01,40.46,5702069
06 Feb 2023,48.44,48.70,48.08,48.20,40.62,6167232
03 Feb 2023,47.69,48.02,47.34,47.91,40.37,11000349
02 Feb 2023,49.41,49.41,48.57,48.85,41.16,8169398
01 Feb 2023,49.98,50.04,49.54,49.55,41.75,7138657
31 Jan 2023,49.60,49.89,49.28,49.38,41.61,7053380
30 Jan 2023,49.11,49.57,49.07,49.23,41.48,5164802
27 Jan 2023,50.17,50.21,49.49,49.54,41.74,7342731
25 Jan 2023,49.69,49.69,49.23,49.24,41.49,6326037
24 Jan 2023,49.70,49.96,49.59,49.71,41.89,6310926
23 Jan 2023,49.65,49.86,49.29,49.40,41.63,6668982
20 Jan 2023,49.70,50.09,49.41,49.95,42.09,14265513
19 Jan 2023,48.98,49.88,48.93,49.68,41.86,9277173
18 Jan 2023,48.70,49.08,48.57,49.08,41.36,10719741
17 Jan 2023,48.85,49.14,48.78,49.14,41.41,8822699
16 Jan 2023,49.81,50.00,49.36,49.69,41.87,7479954
13 Jan 2023,49.25,49.94,49.25,49.64,41.83,8519896
12 Jan 2023,49.00,49.50,48.72,49.38,41.61,8825502
11 Jan 2023,48.65,48.93,48.49,48.51,40.88,7432150
10 Jan 2023,47.58,48.05,47.52,47.80,40.28,5653577
09 Jan 2023,48.00,48.43,47.88,48.00,40.45,5757435
06 Jan 2023,47.11,47.78,46.96,47.51,40.03,8106986
05 Jan 2023,45.98,46.24,45.68,46.05,38.80,7536105
04 Jan 2023,45.30,46.18,45.25,46.04,38.80,7802250
03 Jan 2023,46.10,46.10,44.93,45.33,38.20,4480991
30 Dec 2022,46.04,46.20,45.63,45.63,38.45,4860668
29 Dec 2022,45.97,46.14,45.72,45.79,38.58,5380212
28 Dec 2022,46.43,46.77,46.35,46.53,39.21,5521740
23 Dec 2022,45.97,46.30,45.77,46.16,38.90,3886208
22 Dec 2022,46.65,46.77,46.10,46.25,38.97,7515608
21 Dec 2022,46.02,46.47,45.65,46.33,39.04,8259505
20 Dec 2022,45.48,45.79,45.10,45.26,38.14,7289127
19 Dec 2022,45.51,46.33,45.33,45.99,38.75,4387717
16 Dec 2022,45.75,46.59,45.62,45.67,38.48,20995767
15 Dec 2022,45.83,46.39,45.55,45.94,38.71,9333481
14 Dec 2022,46.18,46.44,45.63,46.31,39.02,9705807
13 Dec 2022,46.99,47.12,45.94,46.08,38.83,9277609
12 Dec 2022,46.98,47.11,46.66,46.79,39.43,6647627
09 Dec 2022,46.83,47.72,46.69,47.48,40.01,10228523
08 Dec 2022,46.35,46.86,46.20,46.23,38.96,8678562
07 Dec 2022,46.74,47.21,46.60,46.60,39.27,11541069
06 Dec 2022,46.42,47.11,46.36,46.56,39.23,9290375
05 Dec 2022,46.50,47.26,46.49,46.81,39.44,10053784
02 Dec 2022,45.91,46.52,45.64,45.76,38.56,11869505
01 Dec 2022,46.20,46.69,46.17,46.48,39.17,8645286
30 Nov 2022,45.15,45.78,44.98,45.52,38.36,19611144
29 Nov 2022,43.99,45.17,43.96,44.82,37.77,9429285
28 Nov 2022,43.72,43.92,43.21,43.89,36.98,7480357
25 Nov 2022,44.35,44.41,44.00,44.20,37.24,5597690
24 Nov 2022,44.60,44.72,44.40,44.55,37.54,6643623
23 Nov 2022,44.15,44.28,43.74,43.92,37.01,5361231
22 Nov 2022,43.40,43.74,43.19,43.48,36.64,8576924
21 Nov 2022,44.06,44.14,42.86,42.95,36.19,8744648
18 Nov 2022,43.75,44.13,43.59,43.94,37.03,13079162
17 Nov 2022,43.61,44.00,43.57,43.80,36.91,11486512
16 Nov 2022,44.10,44.56,44.04,44.45,37.46,10696230
15 Nov 2022,43.25,43.97,43.18,43.94,37.03,9882482
14 Nov 2022,43.65,44.48,43.50,44.01,37.08,19335785
11 Nov 2022,41.50,42.20,41.32,42.09,35.47,16330080
10 Nov 2022,40.54,40.82,40.38,40.56,34.18,7642987
09 Nov 2022,40.90,41.34,40.71,41.18,34.70,9795001
08 Nov 2022,40.70,40.77,40.20,40.35,34.00,7078905
07 Nov 2022,40.14,40.54,39.65,40.48,34.11,12173004
04 Nov 2022,38.16,38.79,38.08,38.56,32.49,8384703
03 Nov 2022,37.99,38.26,37.83,37.98,32.00,10304809
02 Nov 2022,38.80,39.55,38.71,39.24,33.07,13308602
01 Nov 2022,37.46,38.42,37.40,38.42,32.37,9094921
31 Oct 2022,37.08,37.56,36.93,37.36,31.48,13078724
28 Oct 2022,38.63,38.68,37.35,37.48,31.58,12670938
27 Oct 2022,39.42,39.71,39.10,39.46,33.25,7888837
26 Oct 2022,38.75,38.83,38.36,38.54,32.48,7826578
25 Oct 2022,38.99,39.26,38.28,38.50,32.44,8839939
24 Oct 2022,39.47,39.80,38.88,39.06,32.91,9358628
21 Oct 2022,38.41,38.60,38.01,38.07,32.08,13750667
20 Oct 2022,38.60,39.02,38.13,38.35,32.32,13657771
19 Oct 2022,39.35,39.59,39.01,39.25,33.07,7334568
18 Oct 2022,39.80,39.86,39.24,39.63,33.39,7806149
17 Oct 2022,39.09,39.26,38.67,39.09,32.94,7633835
14 Oct 2022,39.83,40.22,39.75,40.02,33.72,8730980
13 Oct 2022,39.30,39.62,39.03,39.23,33.06,8255474
12 Oct 2022,39.99,40.09,39.38,39.54,33.32,9175727
11 Oct 2022,40.75,40.85,39.92,39.92,33.64,8779440
10 Oct 2022,39.82,40.24,39.76,40.07,33.76,7780582
07 Oct 2022,40.27,40.57,40.06,40.06,33.76,7933706
06 Oct 2022,40.49,40.83,40.21,40.76,34.35,8714047
05 Oct 2022,40.81,40.83,40.03,40.50,34.13,12182066
04 Oct 2022,39.65,40.15,39.37,40.07,33.76,11311429
03 Oct 2022,39.04,39.14,38.44,38.60,32.53,9151827
30 Sep 2022,38.84,39.04,38.45,38.52,32.46,15119668
29 Sep 2022,38.18,38.51,38.01,38.17,32.16,11073502
28 Sep 2022,37.90,38.16,37.15,37.25,31.39,13346493
27 Sep 2022,36.71,37.20,36.65,37.20,31.35,13355205
26 Sep 2022,37.18,37.18,36.20,36.20,30.50,15642244
23 Sep 2022,38.65,38.77,37.91,38.17,32.16,14658977
21 Sep 2022,38.45,38.57,37.96,37.96,31.99,10894171
20 Sep 2022,38.58,39.18,38.33,39.18,33.01,9899024
19 Sep 2022,38.06,38.37,37.81,37.81,31.86,6836174
16 Sep 2022,38.30,38.45,37.81,38.04,32.05,21333705
15 Sep 2022,38.62,39.16,38.51,38.74,32.64,10946060
14 Sep 2022,38.60,38.96,38.42,38.60,32.53,9185555
13 Sep 2022,39.71,39.77,39.09,39.30,33.12,10040951
12 Sep 2022,39.03,39.51,38.85,39.41,33.21,10834938
09 Sep 2022,37.44,38.09,37.32,38.09,32.10,11379217
08 Sep 2022,36.20,36.92,36.13,36.92,31.11,11667012
07 Sep 2022,36.91,37.04,36.27,36.27,30.56,13944462
06 Sep 2022,38.12,38.44,37.27,37.27,31.41,10117102
05 Sep 2022,37.09,37.91,37.06,37.91,31.94,7746045
02 Sep 2022,36.90,36.93,36.60,36.74,30.96,15075179
01 Sep 2022,37.50,38.14,37.40,37.51,31.61,17909616
31 Aug 2022,40.48,40.85,40.33,40.60,32.06,20407386
30 Aug 2022,42.25,42.47,41.72,41.75,32.97,10425901
29 Aug 2022,42.43,42.68,41.91,42.19,33.32,11010307
26 Aug 2022,42.73,43.07,42.57,42.81,33.81,8497552
25 Aug 2022,41.91,42.54,41.80,42.19,33.32,9439263
24 Aug 2022,42.30,42.48,41.76,41.91,33.10,10025360
23 Aug 2022,41.69,42.01,41.46,41.46,32.74,9760370
22 Aug 2022,41.20,41.71,40.96,41.35,32.65,8273942
19 Aug 2022,41.47,42.00,41.39,41.55,32.81,14648168
18 Aug 2022,40.68,41.19,40.50,41.15,32.50,10311777
17 Aug 2022,41.29,41.33,40.43,40.85,32.26,11111378
16 Aug 2022,39.93,41.05,39.70,40.51,31.99,13033610
15 Aug 2022,39.18,39.40,38.80,38.92,30.73,6904742
12 Aug 2022,39.10,39.19,38.76,38.83,30.66,9006138
11 Aug 2022,38.81,39.15,38.55,39.15,30.92,7429844
10 Aug 2022,38.93,39.04,38.30,38.30,30.24,7855242
09 Aug 2022,38.79,39.33,38.64,38.82,30.66,8092683
08 Aug 2022,38.80,39.12,38.63,39.12,30.89,7532763
05 Aug 2022,38.15,38.96,38.04,38.81,30.65,6276170
04 Aug 2022,38.61,38.68,38.08,38.17,30.14,7674397
03 Aug 2022,38.24,38.69,37.92,38.61,30.49,6491325
02 Aug 2022,38.57,38.68,38.19,38.58,30.47,8275962
01 Aug 2022,39.11,39.39,38.92,39.10,30.88,9587051
29 Jul 2022,38.74,39.15,38.47,38.68,30.54,13102170
28 Jul 2022,38.03,38.52,37.74,38.32,30.26,9108448
27 Jul 2022,38.23,38.24,37.36,37.52,29.63,8667171
26 Jul 2022,37.82,38.29,37.75,38.27,30.22,8163812
25 Jul 2022,36.63,37.45,36.63,37.35,29.49,8017231
22 Jul 2022,36.60,37.08,36.38,36.75,29.02,13340599
21 Jul 2022,36.90,37.11,36.36,36.79,29.05,11534663
20 Jul 2022,36.80,37.42,36.71,37.11,29.31,8076484
19 Jul 2022,37.30,37.93,36.61,36.61,28.91,8491925
18 Jul 2022,36.25,36.97,36.10,36.97,29.19,7200803
15 Jul 2022,36.00,36.22,35.83,36.10,28.51,13788512
14 Jul 2022,37.01,38.02,37.00,37.40,29.53,11495867
13 Jul 2022,36.81,37.14,36.60,36.92,29.16,13141239
12 Jul 2022,38.20,38.36,37.45,37.46,29.58,10612851
11 Jul 2022,38.53,38.81,38.00,38.00,30.01,8216346
08 Jul 2022,39.99,40.16,39.10,39.22,30.97,8381561
07 Jul 2022,38.10,38.94,38.01,38.94,30.75,10316805
06 Jul 2022,38.80,38.96,37.72,37.76,29.82,16294216
05 Jul 2022,39.90,40.52,39.88,40.00,31.59,7540059
04 Jul 2022,39.75,40.07,39.43,39.90,31.51,11102227
01 Jul 2022,40.83,40.84,40.05,40.05,31.63,10664754
30 Jun 2022,42.30,42.34,41.25,41.25,32.57,14442299
29 Jun 2022,42.42,42.94,42.32,42.76,33.77,9215970
28 Jun 2022,41.62,42.98,41.55,42.98,33.94,12148760
27 Jun 2022,40.60,41.80,40.56,41.20,32.53,10711112
24 Jun 2022,39.76,40.33,39.49,40.02,31.60,10051806
23 Jun 2022,40.20,40.50,39.61,40.50,31.98,10957904
22 Jun 2022,41.54,41.70,40.70,41.03,32.40,8306768
21 Jun 2022,40.94,41.43,40.63,40.95,32.34,9344528
20 Jun 2022,42.16,42.18,40.16,40.26,31.79,11338323
17 Jun 2022,42.89,43.05,42.07,42.52,33.58,26704392
16 Jun 2022,44.48,44.68,43.85,44.01,34.75,12499017
15 Jun 2022,43.87,44.59,43.72,43.90,34.67,11754602
14 Jun 2022,43.50,44.26,43.16,44.26,34.95,15865363
10 Jun 2022,45.89,46.24,44.81,46.22,36.50,10304759
09 Jun 2022,46.97,47.52,46.13,46.24,36.51,10740689
08 Jun 2022,47.58,47.90,47.19,47.37,37.41,11145702
07 Jun 2022,46.44,46.58,46.08,46.30,36.56,8559412
06 Jun 2022,46.53,46.62,46.20,46.34,36.59,4903285
03 Jun 2022,46.80,46.95,46.44,46.76,36.93,9556350
02 Jun 2022,45.60,45.61,44.76,45.61,36.02,12018698
01 Jun 2022,44.51,45.65,44.45,45.65,36.05,10839049
31 May 2022,44.95,45.32,44.61,44.61,35.23,18768732
30 May 2022,44.44,44.91,44.18,44.91,35.46,8954942
27 May 2022,43.39,43.79,43.16,43.67,34.49,8359059
26 May 2022,43.20,43.44,42.12,42.62,33.66,10748939
25 May 2022,43.00,43.82,42.88,43.02,33.97,15075328
24 May 2022,42.91,42.94,42.32,42.56,33.61,13078906
23 May 2022,42.47,42.98,42.39,42.59,33.63,10081083
20 May 2022,41.72,42.16,41.60,42.01,33.17,12421673
19 May 2022,40.86,41.36,40.71,41.16,32.51,10240236
18 May 2022,41.83,42.04,41.62,41.86,33.05,11937774
17 May 2022,40.76,40.81,40.37,40.57,32.03,14267532
16 May 2022,41.03,41.26,39.98,40.34,31.86,13247088
13 May 2022,40.24,40.82,40.11,40.82,32.23,10952680
12 May 2022,40.69,41.09,39.81,40.02,31.61,12318069
11 May 2022,40.00,40.73,39.53,40.66,32.11,10795663
10 May 2022,40.07,40.23,39.28,40.09,31.66,13444580
09 May 2022,41.26,41.58,40.85,41.15,32.49,9032451
06 May 2022,41.43,41.67,41.02,41.67,32.91,14343760
05 May 2022,42.56,42.67,42.18,42.25,33.36,8796260
04 May 2022,42.74,42.83,42.07,42.21,33.33,6187041
03 May 2022,42.78,42.78,42.13,42.44,33.51,11770685
02 May 2022,42.59,42.75,42.29,42.72,33.74,9398976
29 Apr 2022,42.72,42.90,42.47,42.75,33.76,14121106
28 Apr 2022,42.45,42.76,41.87,42.76,33.76,16465968
27 Apr 2022,40.23,41.33,40.18,40.97,32.35,15101392
26 Apr 2022,40.87,41.07,40.52,40.66,32.11,21280680
22 Apr 2022,43.26,43.53,42.87,43.18,34.10,21570402
21 Apr 2022,45.76,45.94,45.14,45.14,35.65,15590765
20 Apr 2022,47.22,47.28,46.57,46.57,36.77,9992058
19 Apr 2022,47.35,47.83,47.25,47.34,37.39,9305468
14 Apr 2022,46.48,46.84,46.37,46.75,36.91,10101888
13 Apr 2022,46.17,46.33,45.83,46.11,36.41,8538259
12 Apr 2022,45.80,46.11,45.64,46.05,36.37,8061410
11 Apr 2022,46.48,46.84,45.87,46.02,36.34,6947057
08 Apr 2022,45.95,46.56,45.72,46.25,36.52,9095229
07 Apr 2022,45.61,45.84,45.42,45.47,35.91,6386323
06 Apr 2022,45.43,45.78,45.15,45.78,36.15,10875404
05 Apr 2022,46.49,46.68,46.09,46.26,36.53,9457807
04 Apr 2022,47.15,47.29,46.59,46.71,36.89,6855558
01 Apr 2022,46.84,46.85,46.30,46.65,36.84,12271272
31 Mar 2022,46.75,46.84,46.08,46.08,36.39,17942734
30 Mar 2022,45.21,45.21,44.68,45.04,35.56,13820501
29 Mar 2022,45.09,45.30,44.86,45.07,35.59,16973199
28 Mar 2022,44.71,45.53,44.67,45.34,35.80,14383949
25 Mar 2022,44.24,44.47,44.06,44.32,35.00,14420509
24 Mar 2022,43.41,44.20,43.26,43.90,34.66,12594417
23 Mar 2022,42.68,43.19,42.56,43.13,34.06,13439856
22 Mar 2022,42.85,43.50,42.76,43.47,34.33,12816227
21 Mar 2022,41.37,41.74,41.33,41.36,32.66,8742457
18 Mar 2022,41.07,41.36,40.77,41.18,32.52,23889018
17 Mar 2022,40.95,41.01,40.48,40.67,32.12,14429013
16 Mar 2022,40.22,40.38,40.00,40.23,31.77,14256884
15 Mar 2022,40.83,40.83,40.15,40.40,31.90,12110046
14 Mar 2022,42.54,42.69,42.00,42.17,33.30,8070211
11 Mar 2022,43.02,43.41,42.37,42.46,33.53,13041838
10 Mar 2022,42.31,42.71,42.05,42.52,33.57,16999014
09 Mar 2022,42.37,43.51,42.37,43.18,34.10,15117039
08 Mar 2022,44.11,44.46,43.21,43.21,34.12,14765809
07 Mar 2022,44.87,45.07,44.55,44.86,35.42,17319008
04 Mar 2022,44.52,44.67,43.78,44.47,35.11,13073483
03 Mar 2022,44.32,44.60,44.08,44.57,35.20,17726330
02 Mar 2022,42.02,43.18,41.99,43.02,33.98,17617767
01 Mar 2022,41.89,42.17,41.41,41.45,32.73,14411347
28 Feb 2022,40.65,41.55,40.33,41.55,32.81,20622274
25 Feb 2022,39.80,39.90,39.22,39.79,31.42,21041944
24 Feb 2022,40.77,40.83,39.32,39.86,31.48,21169444
23 Feb 2022,42.61,42.94,42.45,42.83,32.18,13278256
22 Feb 2022,42.86,42.90,42.33,42.57,31.98,11074990
21 Feb 2022,42.74,43.21,42.74,42.95,32.27,7973826
18 Feb 2022,42.22,42.94,42.05,42.70,32.08,20803805
17 Feb 2022,42.59,43.22,42.49,42.71,32.09,23771422
16 Feb 2022,42.20,42.20,41.69,42.14,31.66,16223310
15 Feb 2022,43.63,44.41,42.60,42.90,32.23,14379725
14 Feb 2022,43.08,43.45,42.67,43.03,32.33,13550386
11 Feb 2022,43.72,44.06,43.23,43.51,32.69,14059039
10 Feb 2022,42.47,43.38,42.47,42.99,32.30,29058776
09 Feb 2022,43.35,43.66,42.58,43.02,32.33,35208434
08 Feb 2022,42.98,43.78,42.79,43.76,32.88,36227573
07 Feb 2022,41.72,42.47,41.56,42.20,31.70,26580317
04 Feb 2022,41.31,41.68,41.10,41.68,31.32,27798222
03 Feb 2022,41.26,41.91,40.96,41.89,31.48,38168492
02 Feb 2022,40.95,41.05,40.48,40.64,30.53,27595091
01 Feb 2022,40.46,40.50,39.80,40.01,30.06,23943836
31 Jan 2022,41.00,41.28,40.56,41.27,31.01,42295376
28 Jan 2022,42.08,42.08,41.05,41.78,31.39,367715840
27 Jan 2022,40.34,41.39,40.11,40.66,30.55,31123850
25 Jan 2022,40.28,40.65,39.99,40.10,30.12,26779819
24 Jan 2022,40.35,40.67,39.98,40.60,30.51,27791438
21 Jan 2022,41.85,41.85,40.58,40.69,30.57,22538061
20 Jan 2022,42.04,42.95,42.04,42.75,32.12,14419719
19 Jan 2022,41.31,41.74,41.09,41.46,31.15,14400056
18 Jan 2022,41.35,41.84,41.13,41.58,31.24,11164449
17 Jan 2022,41.66,41.85,40.90,41.09,30.87,13702844
14 Jan 2022,41.31,41.78,41.19,41.56,31.23,13576704
13 Jan 2022,40.96,41.88,40.84,41.72,31.34,14204403
12 Jan 2022,40.18,40.57,39.96,40.18,30.18,14702731
11 Jan 2022,39.45,40.07,39.15,39.76,29.87,11032769
10 Jan 2022,39.59,39.95,39.38,39.87,29.96,7900663
07 Jan 2022,38.79,38.96,38.35,38.94,29.25,7998221
06 Jan 2022,37.95,38.71,37.92,38.00,28.55,8102429
05 Jan 2022,38.02,38.20,37.86,37.96,28.52,7119992
04 Jan 2022,37.17,37.98,37.13,37.74,28.35,6628602
31 Dec 2021,37.11,37.11,36.76,36.95,27.76,3812142
30 Dec 2021,37.01,37.42,36.97,37.11,27.88,4580367
29 Dec 2021,36.94,36.97,36.70,36.80,27.65,5875657
24 Dec 2021,37.00,37.10,36.78,36.79,27.64,2474184
23 Dec 2021,36.77,36.91,36.52,36.74,27.60,6236885
22 Dec 2021,37.28,37.49,36.67,36.85,27.69,10120196
21 Dec 2021,36.46,37.18,36.38,37.14,27.90,7919771
20 Dec 2021,36.48,36.63,36.31,36.60,27.50,7936000
17 Dec 2021,36.28,36.86,36.28,36.86,27.70,19765013
16 Dec 2021,36.15,36.40,35.99,36.20,27.20,9639590
15 Dec 2021,36.65,37.01,36.52,36.57,27.48,7550567
14 Dec 2021,36.38,36.78,36.19,36.76,27.62,8729314
13 Dec 2021,35.79,36.68,35.79,36.54,27.45,8902542
10 Dec 2021,35.46,35.95,35.30,35.58,26.73,7311055
09 Dec 2021,35.89,36.06,35.68,35.79,26.89,6570473
08 Dec 2021,36.36,36.49,36.08,36.23,27.22,8168518
07 Dec 2021,35.21,35.71,34.97,35.57,26.73,8223384
06 Dec 2021,34.91,35.38,34.79,35.25,26.48,9473964
03 Dec 2021,36.16,36.50,35.78,35.82,26.91,10481562
02 Dec 2021,34.95,35.55,34.79,35.36,26.57,7733301
01 Dec 2021,35.06,35.70,34.94,35.53,26.69,9792416
30 Nov 2021,35.06,35.06,34.47,35.06,26.34,19324678
29 Nov 2021,34.08,34.63,34.08,34.34,25.80,10190498
26 Nov 2021,34.27,34.28,33.57,33.86,25.44,9768676
25 Nov 2021,34.42,34.52,34.19,34.39,25.84,7096308
24 Nov 2021,34.10,34.40,33.91,34.05,25.58,9249924
23 Nov 2021,33.37,34.08,33.28,33.88,25.45,11802232
22 Nov 2021,32.41,32.57,32.27,32.57,24.47,6671735
19 Nov 2021,32.22,32.46,32.00,32.46,24.38,10395986
18 Nov 2021,32.19,32.30,31.97,32.09,24.11,9103903
17 Nov 2021,32.29,32.41,31.79,32.02,24.06,10555618
16 Nov 2021,32.71,32.78,32.37,32.49,24.41,9196351
15 Nov 2021,33.46,33.61,33.22,33.35,25.06,5721302
12 Nov 2021,33.65,33.99,33.40,33.57,25.22,8452882
11 Nov 2021,31.79,32.86,31.78,32.64,24.52,9475866
10 Nov 2021,32.54,32.54,31.81,31.82,23.91,8396374
09 Nov 2021,32.87,33.21,32.59,32.70,24.57,5876666
08 Nov 2021,32.28,32.70,32.28,32.39,24.34,5890693
05 Nov 2021,32.17,32.44,32.12,32.13,24.14,6621905
04 Nov 2021,32.20,32.29,32.05,32.08,24.10,8460255
03 Nov 2021,31.79,32.25,31.73,32.00,24.04,5920449
02 Nov 2021,32.33,32.37,31.66,31.66,23.79,8013711
01 Nov 2021,32.63,32.64,32.01,32.42,24.36,12936718
29 Oct 2021,33.17,33.27,32.55,32.57,24.47,7133667
28 Oct 2021,33.24,33.48,32.95,32.96,24.77,6897134
27 Oct 2021,33.92,33.92,33.45,33.53,25.19,5667668
26 Oct 2021,34.01,34.19,33.91,34.02,25.56,5254265
25 Oct 2021,33.67,34.00,33.57,33.77,25.37,5322623
22 Oct 2021,33.51,33.59,33.17,33.52,25.19,12182706
21 Oct 2021,34.55,34.72,34.25,34.26,25.74,8990805
20 Oct 2021,34.85,34.98,34.34,34.34,25.80,8542301
19 Oct 2021,34.70,34.71,34.18,34.18,25.68,7243333
18 Oct 2021,34.73,34.90,34.26,34.90,26.22,7922697
15 Oct 2021,34.49,34.60,34.10,34.60,26.00,8482584
14 Oct 2021,33.61,34.07,33.51,33.66,25.29,7666641
13 Oct 2021,33.82,33.97,33.43,33.47,25.15,6878428
12 Oct 2021,34.19,34.50,33.68,33.82,25.41,9885563
11 Oct 2021,33.60,34.08,33.35,33.91,25.47,8152692
08 Oct 2021,33.31,33.87,33.13,33.60,25.25,10077791
07 Oct 2021,32.86,32.89,32.43,32.62,24.51,6234121
06 Oct 2021,32.60,32.80,32.35,32.63,24.52,7317877
05 Oct 2021,32.68,32.90,32.21,32.52,24.43,6812904
04 Oct 2021,33.19,33.31,32.58,32.89,24.71,4369752
01 Oct 2021,33.05,33.11,32.60,32.81,24.65,7588081
30 Sep 2021,32.68,33.49,32.60,33.49,25.16,10233443
29 Sep 2021,32.05,32.47,31.85,32.40,24.34,12622482
28 Sep 2021,33.46,33.51,32.83,32.83,24.67,11900954
27 Sep 2021,33.66,34.14,33.59,33.59,25.23,12414538
24 Sep 2021,33.79,33.82,33.27,33.59,25.23,13905101
23 Sep 2021,34.45,34.56,34.16,34.17,25.68,12959333
22 Sep 2021,33.57,34.73,33.40,34.42,25.86,13422511
21 Sep 2021,33.13,34.06,33.01,33.61,25.25,12159420
20 Sep 2021,33.66,33.93,33.09,33.42,25.11,13339332
17 Sep 2021,35.44,35.51,34.65,34.87,26.20,21149187
16 Sep 2021,36.46,36.69,36.06,36.20,27.19,11880684
15 Sep 2021,36.44,36.47,35.79,35.85,26.93,9684008
14 Sep 2021,37.11,37.37,36.70,37.16,27.92,8896504
13 Sep 2021,36.86,37.28,36.65,36.93,27.75,5857760
10 Sep 2021,36.62,36.83,36.43,36.73,27.60,7005292
09 Sep 2021,36.95,36.99,36.29,36.44,27.37,7872375
08 Sep 2021,37.34,37.34,36.97,37.05,27.84,9058306
07 Sep 2021,37.46,37.48,36.85,37.43,28.12,9919021
06 Sep 2021,37.84,37.90,37.40,37.57,28.22,6032946
03 Sep 2021,37.45,38.01,37.44,37.71,28.33,10135837
02 Sep 2021,37.38,37.55,37.14,37.34,28.06,12840229
01 Sep 2021,40.23,40.35,39.87,40.10,28.08,8902983
31 Aug 2021,41.10,41.14,40.51,40.61,28.45,11563520
30 Aug 2021,40.63,41.07,40.56,40.81,28.58,7775595
27 Aug 2021,39.97,40.13,39.78,39.80,27.88,7961850
26 Aug 2021,40.52,40.60,39.98,40.02,28.03,8779540
25 Aug 2021,40.43,40.73,40.29,40.50,28.36,10918193
24 Aug 2021,39.94,40.24,39.73,40.00,28.02,9604726
23 Aug 2021,40.03,40.13,39.36,39.59,27.73,12462306
20 Aug 2021,39.27,40.07,39.07,39.48,27.65,24899977
19 Aug 2021,40.32,40.34,39.35,39.77,27.86,29469483
18 Aug 2021,42.74,43.54,42.44,42.47,29.75,28945290
17 Aug 2021,46.19,46.19,45.50,45.70,32.01,5577913
16 Aug 2021,47.38,48.01,46.35,46.36,32.47,7929983
13 Aug 2021,46.63,47.15,46.39,47.02,32.94,5205391
12 Aug 2021,47.14,47.18,46.64,47.18,33.05,3654438
11 Aug 2021,46.82,47.18,46.60,46.76,32.76,5260385
10 Aug 2021,46.40,46.51,45.96,46.09,32.28,4056678
09 Aug 2021,46.21,46.51,45.88,46.03,32.24,4336105
06 Aug 2021,46.28,46.39,45.95,46.39,32.49,8198190
05 Aug 2021,47.94,47.99,47.20,47.32,33.14,5664657
04 Aug 2021,47.83,48.41,47.73,48.14,33.72,5971761
03 Aug 2021,47.50,47.54,46.69,47.16,33.03,5929622
02 Aug 2021,47.65,47.89,47.08,47.81,33.49,4346092
30 Jul 2021,47.98,48.57,47.45,47.63,33.36,7964844
29 Jul 2021,48.12,48.17,47.28,47.49,33.26,5809776
28 Jul 2021,47.10,47.33,46.38,46.72,32.72,7137579
27 Jul 2021,47.29,47.77,47.23,47.51,33.28,6478162
26 Jul 2021,46.21,46.47,46.08,46.22,32.38,4165544
23 Jul 2021,45.56,45.83,45.41,45.65,31.98,2930930
22 Jul 2021,45.56,45.86,45.54,45.81,32.09,5624185
21 Jul 2021,44.81,44.87,44.31,44.42,31.12,5371267
20 Jul 2021,43.99,44.37,43.77,43.84,30.71,6730451
19 Jul 2021,45.06,45.26,44.61,44.97,31.50,4524275
16 Jul 2021,45.72,46.22,45.65,46.19,32.35,7142661
15 Jul 2021,45.38,46.00,45.21,45.88,32.14,6466124
14 Jul 2021,45.41,45.61,45.17,45.38,31.78,4529942
13 Jul 2021,45.82,45.95,45.14,45.14,31.62,6430524
12 Jul 2021,45.41,45.70,45.30,45.46,31.84,6012738
09 Jul 2021,44.05,44.19,43.73,44.06,30.86,6804106
08 Jul 2021,44.09,44.55,43.97,44.22,30.97,6793333
07 Jul 2021,43.11,43.46,42.75,43.45,30.44,4874611
06 Jul 2021,43.31,43.95,43.31,43.50,30.47,5958445
05 Jul 2021,43.23,43.26,42.93,43.14,30.22,3506786
02 Jul 2021,43.10,43.26,42.88,43.23,30.28,3936776
01 Jul 2021,43.35,43.40,42.90,42.94,30.07,4615951
30 Jun 2021,43.01,43.72,42.98,43.25,30.29,6377087
29 Jun 2021,42.74,42.85,42.43,42.79,29.97,4428191
28 Jun 2021,42.88,43.22,42.78,43.10,30.19,3957761
25 Jun 2021,42.70,42.92,42.53,42.65,29.87,4576226
24 Jun 2021,42.21,42.56,42.17,42.38,29.69,4908352
23 Jun 2021,41.86,42.25,41.67,41.99,29.41,5081897
22 Jun 2021,41.37,41.75,41.25,41.56,29.11,4701899
21 Jun 2021,40.80,41.04,40.61,40.61,28.45,5670321
18 Jun 2021,41.40,42.13,41.15,41.42,29.01,14609080
17 Jun 2021,42.94,43.03,42.25,42.46,29.74,9266927
16 Jun 2021,43.44,43.60,42.94,43.07,30.17,7827471
15 Jun 2021,43.77,44.07,43.50,43.83,30.70,6998272
11 Jun 2021,43.38,43.67,42.92,43.59,30.53,5088690
10 Jun 2021,43.08,43.30,42.89,43.01,30.12,3918934
09 Jun 2021,43.60,43.90,43.34,43.34,30.35,4002829
08 Jun 2021,43.27,43.36,42.90,43.08,30.17,4924320
07 Jun 2021,43.99,44.30,43.50,43.50,30.47,3905496
04 Jun 2021,43.50,43.53,43.01,43.41,30.40,5480704
03 Jun 2021,43.95,44.27,43.90,44.16,30.93,5393160
02 Jun 2021,43.79,44.16,43.67,43.98,30.80,6090598
01 Jun 2021,42.80,43.08,42.53,42.66,29.88,3173990
31 May 2021,43.01,43.04,42.57,42.61,29.84,4587994
28 May 2021,42.69,43.15,42.63,42.88,30.04,6739428
27 May 2021,41.75,42.01,41.52,41.67,29.19,11758050
26 May 2021,41.54,41.77,41.26,41.27,28.91,6584028
25 May 2021,41.88,42.43,41.85,42.28,29.61,4977737
24 May 2021,42.25,42.59,41.56,41.73,29.23,5430452
21 May 2021,42.65,42.69,42.15,42.52,29.78,7475441
20 May 2021,42.27,43.10,42.25,42.99,30.11,7792141
19 May 2021,44.25,44.30,43.27,43.44,30.43,6605509
18 May 2021,44.90,45.32,44.74,44.98,31.51,5653873
17 May 2021,44.34,44.38,43.83,44.16,30.93,3562525
14 May 2021,45.06,45.09,44.08,44.14,30.92,4839002
13 May 2021,45.41,45.79,44.64,44.83,31.40,6168389
12 May 2021,45.66,45.79,45.05,45.41,31.81,4532191
11 May 2021,46.07,46.12,45.28,45.66,31.98,6141945
10 May 2021,44.97,46.14,44.97,45.99,32.21,6702433
07 May 2021,44.57,44.68,44.26,44.60,31.24,7267371
06 May 2021,44.34,44.81,43.40,44.34,31.06,9262460
05 May 2021,43.19,43.76,42.97,43.42,30.41,4494853
04 May 2021,42.55,42.94,42.46,42.94,30.08,4371799
03 May 2021,42.23,42.35,41.81,41.88,29.33,3539960
30 Apr 2021,42.88,42.94,42.46,42.47,29.75,4931779
29 Apr 2021,43.36,43.52,43.10,43.33,30.35,11606203
28 Apr 2021,42.53,43.10,42.45,42.94,30.07,4843421
27 Apr 2021,43.04,43.13,42.65,43.08,30.17,5506116
26 Apr 2021,42.83,42.92,42.41,42.60,29.84,3742115
23 Apr 2021,41.68,42.35,41.68,42.35,29.66,3923101
22 Apr 2021,42.38,42.43,41.85,42.43,29.72,5520661
21 Apr 2021,41.68,42.04,41.08,42.04,29.44,6006046
20 Apr 2021,42.43,42.55,41.98,42.25,29.59,3931590
19 Apr 2021,42.38,42.51,42.05,42.35,29.66,3252386
16 Apr 2021,42.63,42.63,42.08,42.36,29.67,5940200
15 Apr 2021,42.12,42.24,41.63,42.14,29.52,6871887
14 Apr 2021,40.91,41.04,40.66,40.97,28.70,7235651
13 Apr 2021,40.97,41.07,40.58,40.68,28.50,4696493
12 Apr 2021,41.23,41.56,41.08,41.12,28.80,3560554
09 Apr 2021,41.79,41.80,41.18,41.56,29.11,11915960
08 Apr 2021,41.58,41.90,41.44,41.90,29.35,6033825
07 Apr 2021,40.89,41.06,40.32,40.85,28.61,4729497
06 Apr 2021,41.27,41.37,40.73,40.83,28.60,4441387
01 Apr 2021,40.51,40.76,40.39,40.65,28.47,4204784
31 Mar 2021,41.20,41.21,40.34,40.34,28.25,8243120
30 Mar 2021,40.96,41.00,39.99,39.99,28.01,3985929
29 Mar 2021,40.90,41.06,40.46,40.83,28.60,5440743
26 Mar 2021,39.85,40.48,39.76,40.13,28.11,5320518
25 Mar 2021,39.89,40.10,39.66,39.96,27.99,6313746
24 Mar 2021,39.70,40.29,39.62,39.96,27.99,7561325
23 Mar 2021,40.01,40.22,39.87,40.02,28.03,6669324
22 Mar 2021,39.89,40.00,39.22,39.62,27.75,5154627
19 Mar 2021,40.09,40.43,39.73,39.98,28.00,16728917
18 Mar 2021,40.62,41.14,40.60,40.68,28.50,6664368
17 Mar 2021,41.28,41.48,40.93,41.02,28.73,8155678
16 Mar 2021,41.96,42.45,41.70,41.71,29.21,7826192
15 Mar 2021,42.53,42.80,42.01,42.63,29.86,5622437
12 Mar 2021,42.78,42.81,42.28,42.71,29.92,4637079
11 Mar 2021,41.85,42.02,40.93,41.67,29.19,11312150
10 Mar 2021,43.63,43.65,42.33,42.38,29.69,7755540
09 Mar 2021,43.88,44.41,43.31,43.62,30.55,5789537
08 Mar 2021,44.24,44.50,43.87,43.97,30.80,6199792
05 Mar 2021,43.32,43.54,42.45,42.94,30.08,6926033
04 Mar 2021,44.71,44.74,43.24,43.90,30.75,16967296
03 Mar 2021,45.25,45.35,44.79,45.30,30.81,6957586
02 Mar 2021,45.19,45.24,43.75,43.75,29.75,6541283
01 Mar 2021,43.68,44.61,43.46,44.60,30.34,6090362
26 Feb 2021,43.64,44.33,43.57,43.75,29.75,9857529
25 Feb 2021,44.52,45.21,44.32,44.92,30.55,6412711
24 Feb 2021,44.01,44.43,43.46,43.51,29.59,6364159
23 Feb 2021,43.67,44.97,43.63,44.90,30.54,8124001
22 Feb 2021,43.27,43.60,43.16,43.54,29.61,6200702
19 Feb 2021,43.24,43.35,41.95,42.13,28.66,11844847
18 Feb 2021,43.10,43.42,42.61,43.19,29.38,7500687
17 Feb 2021,43.29,43.91,42.78,43.27,29.43,8354021
16 Feb 2021,41.49,41.85,41.08,41.85,28.46,5123281
15 Feb 2021,40.47,40.75,40.35,40.74,27.71,3504825
12 Feb 2021,40.07,40.15,39.73,39.82,27.08,3692436
11 Feb 2021,40.45,40.73,40.30,40.50,27.54,3897371
10 Feb 2021,40.07,40.24,39.94,40.12,27.29,4281318
09 Feb 2021,40.39,40.57,39.71,39.71,27.01,14467278
08 Feb 2021,39.28,39.94,39.28,39.93,27.16,4456992
05 Feb 2021,39.39,39.53,38.96,39.00,26.53,5241506
04 Feb 2021,39.18,39.60,38.93,39.10,26.59,7914069
03 Feb 2021,39.64,39.71,39.08,39.29,26.73,6433468
02 Feb 2021,40.08,40.34,39.69,40.16,27.31,5740780
01 Feb 2021,38.80,39.45,38.31,39.28,26.72,5394525
29 Jan 2021,39.93,39.94,38.41,38.79,26.38,9476704
28 Jan 2021,39.98,40.05,39.09,39.43,26.82,9620163
27 Jan 2021,40.78,40.89,39.86,40.11,27.28,9651338
25 Jan 2021,41.36,41.65,41.34,41.51,28.23,4195609
22 Jan 2021,41.74,41.76,40.88,41.07,27.94,12440513
21 Jan 2021,41.67,41.92,41.28,41.87,28.48,5813709
20 Jan 2021,41.12,41.53,41.00,41.23,28.04,4532190
19 Jan 2021,40.58,40.97,40.36,40.84,27.78,7368058
18 Jan 2021,40.79,40.86,40.26,40.47,27.53,3952350
15 Jan 2021,42.16,42.33,41.65,41.69,28.36,7446618
14 Jan 2021,41.08,41.17,40.65,41.01,27.89,4289732
13 Jan 2021,41.39,41.50,41.01,41.15,27.99,4700337
12 Jan 2021,41.19,41.77,40.96,40.96,27.86,5879892
11 Jan 2021,41.85,41.97,41.25,41.40,28.16,5617652
08 Jan 2021,41.86,41.98,41.31,41.56,28.26,5607436
07 Jan 2021,40.78,41.88,40.75,41.76,28.40,9397537
06 Jan 2021,39.73,40.01,38.98,39.36,26.77,6801741
05 Jan 2021,38.73,39.61,38.70,39.45,26.83,7624230
04 Jan 2021,37.96,38.34,37.81,38.34,26.08,3797379
31 Dec 2020,38.29,38.55,37.78,37.78,25.70,3043282
30 Dec 2020,38.29,38.41,38.00,38.41,26.13,3254091
29 Dec 2020,38.39,38.47,38.15,38.22,25.99,3108185
24 Dec 2020,38.40,38.65,38.06,38.24,26.01,2377043
23 Dec 2020,38.19,38.27,37.60,37.80,25.71,5014903
22 Dec 2020,38.56,38.73,37.93,38.19,25.98,4651745
21 Dec 2020,38.61,38.88,38.33,38.88,26.44,4897989
18 Dec 2020,38.51,38.78,38.42,38.42,26.13,18714510
17 Dec 2020,38.20,38.58,38.05,38.55,26.22,10349421
16 Dec 2020,37.84,38.15,37.76,37.89,25.77,8056476
15 Dec 2020,37.40,37.47,36.98,37.20,25.30,8211394
14 Dec 2020,38.13,38.29,37.95,38.06,25.88,6207220
11 Dec 2020,38.29,38.55,38.12,38.13,25.93,8612877
10 Dec 2020,37.92,38.09,37.82,37.82,25.73,6360927
09 Dec 2020,37.82,38.23,37.81,38.05,25.88,8046751
08 Dec 2020,37.48,37.83,37.40,37.62,25.59,7729608
07 Dec 2020,37.79,38.09,37.53,37.74,25.67,12742262
04 Dec 2020,36.60,36.95,36.46,36.95,25.13,6488083
03 Dec 2020,36.04,36.82,36.01,36.73,24.98,15160608
02 Dec 2020,34.69,35.08,34.66,35.00,23.81,8742009
01 Dec 2020,33.84,34.44,33.59,34.33,23.35,7492490
30 Nov 2020,34.41,34.69,33.85,33.90,23.06,12366961
27 Nov 2020,34.39,34.60,34.33,34.48,23.45,5520697
26 Nov 2020,34.81,35.08,34.67,34.91,23.75,6085861
25 Nov 2020,34.99,35.15,34.62,35.14,23.90,11499650
24 Nov 2020,33.62,34.21,33.51,34.10,23.20,9350430
23 Nov 2020,32.77,33.57,32.70,32.99,22.44,7509586
20 Nov 2020,32.35,32.48,32.18,32.18,21.89,7250799
19 Nov 2020,32.77,32.77,32.35,32.51,22.11,6575154
18 Nov 2020,32.92,32.92,32.51,32.79,22.31,5879957
17 Nov 2020,32.77,33.19,32.75,32.95,22.41,12014115
16 Nov 2020,32.42,32.51,32.31,32.49,22.10,694646
13 Nov 2020,32.03,32.17,31.80,31.85,21.66,6206883
12 Nov 2020,32.91,32.91,32.27,32.46,22.07,5860558
11 Nov 2020,32.77,32.87,32.51,32.81,22.32,7557666
10 Nov 2020,32.32,32.53,32.01,32.08,21.82,8373543
09 Nov 2020,31.28,32.04,31.21,31.95,21.73,8232977
06 Nov 2020,30.75,31.02,30.73,30.87,21.00,5394829
05 Nov 2020,30.27,30.53,30.17,30.49,20.74,7992001
04 Nov 2020,30.76,30.91,30.35,30.52,20.76,7014995
03 Nov 2020,30.43,31.08,30.34,30.90,21.02,7695193
02 Nov 2020,30.35,30.37,30.05,30.10,20.48,5489174
30 Oct 2020,30.45,30.54,30.03,30.08,20.46,9004006
29 Oct 2020,30.25,30.43,30.14,30.28,20.60,6471392
28 Oct 2020,30.94,31.08,30.81,30.96,21.06,4965363
27 Oct 2020,31.56,31.57,31.06,31.11,21.16,5741402
26 Oct 2020,31.82,32.05,31.72,31.81,21.64,3538976
23 Oct 2020,32.34,32.38,31.92,32.05,21.80,4952135
22 Oct 2020,32.14,32.48,32.02,32.48,22.09,6247227
21 Oct 2020,32.14,32.25,32.04,32.15,21.87,6032119
20 Oct 2020,32.37,32.39,31.83,31.97,21.74,7521076
19 Oct 2020,32.46,32.65,32.39,32.50,22.11,4027931
16 Oct 2020,32.61,32.66,32.22,32.28,21.95,7540147
15 Oct 2020,32.52,33.24,32.30,32.74,22.27,9481409
14 Oct 2020,32.33,32.46,32.08,32.08,21.82,5321534
13 Oct 2020,32.45,32.54,32.29,32.33,21.99,4602707
12 Oct 2020,32.58,32.69,32.28,32.45,22.07,4251438
09 Oct 2020,32.72,32.80,32.50,32.57,22.15,4678074
08 Oct 2020,32.54,32.87,32.43,32.63,22.20,6362053
07 Oct 2020,31.73,32.19,31.55,31.95,21.73,6654066
06 Oct 2020,32.45,32.45,32.04,32.30,21.97,4328244
05 Oct 2020,31.92,32.19,31.80,32.18,21.89,4563173
02 Oct 2020,31.79,31.86,31.18,31.27,21.27,7757055
01 Oct 2020,32.08,32.70,32.08,32.31,21.98,5852421
30 Sep 2020,32.32,32.50,31.70,31.70,21.56,11619016
29 Sep 2020,33.30,33.31,32.64,32.85,22.34,4837473
28 Sep 2020,33.24,33.28,32.95,33.06,22.49,5229791
25 Sep 2020,33.21,33.66,33.12,33.48,22.77,5142475
24 Sep 2020,32.50,32.94,32.46,32.86,22.35,5082028
23 Sep 2020,32.86,33.25,32.77,33.08,22.50,6841224
22 Sep 2020,32.70,32.79,32.51,32.65,22.21,8916102
21 Sep 2020,33.48,33.55,33.19,33.26,22.62,4763783
18 Sep 2020,33.75,34.00,33.53,33.66,22.89,16448091
17 Sep 2020,34.02,34.06,33.15,33.22,22.60,10717458
16 Sep 2020,33.83,34.16,33.68,33.84,23.01,9326748
15 Sep 2020,33.57,33.69,33.27,33.38,22.70,7754125
14 Sep 2020,33.20,33.43,33.08,33.16,22.55,5756267
11 Sep 2020,32.59,32.66,32.39,32.54,22.14,4972024
10 Sep 2020,33.19,33.27,32.70,32.93,22.40,4803809
09 Sep 2020,32.84,32.94,32.53,32.75,22.27,6268839
08 Sep 2020,33.26,33.44,32.99,33.31,22.66,4152634
07 Sep 2020,32.46,33.04,32.41,33.00,22.44,6764958
04 Sep 2020,32.66,32.68,32.12,32.22,21.92,7496081
03 Sep 2020,33.65,33.74,33.36,33.49,22.78,8987460
02 Sep 2020,34.38,34.69,34.28,34.28,22.80,8651178
01 Sep 2020,33.27,33.59,32.97,33.39,22.21,8500811
31 Aug 2020,33.79,33.94,33.73,33.76,22.45,5576753
28 Aug 2020,33.70,33.88,33.47,33.60,22.35,6547273
27 Aug 2020,34.03,34.35,33.98,34.23,22.77,8893328
26 Aug 2020,33.92,33.99,33.67,33.85,22.52,5202446
25 Aug 2020,34.58,34.61,34.02,34.11,22.69,5955868
24 Aug 2020,34.01,34.42,33.88,34.34,22.84,4628879
21 Aug 2020,34.41,34.62,34.07,34.16,22.72,8327846
20 Aug 2020,34.46,34.67,34.32,34.48,22.93,7039961
19 Aug 2020,35.13,35.28,34.65,34.78,23.13,8480358
18 Aug 2020,35.35,35.71,35.02,35.30,23.48,7003781
17 Aug 2020,35.36,35.95,35.36,35.49,23.61,5404585
14 Aug 2020,35.55,35.86,35.52,35.63,23.70,5609882
13 Aug 2020,35.84,35.84,35.35,35.54,23.64,8002329
12 Aug 2020,35.40,35.62,35.31,35.54,23.64,6311934
11 Aug 2020,35.62,36.08,35.53,35.79,23.81,9230209
10 Aug 2020,34.84,35.54,34.74,35.47,23.60,10523131
07 Aug 2020,34.95,35.22,34.81,34.99,23.28,12560118
06 Aug 2020,34.65,35.46,34.62,35.46,23.59,12605305
05 Aug 2020,33.75,33.91,33.51,33.79,22.48,5524649
04 Aug 2020,33.65,33.82,33.52,33.76,22.46,6978112
03 Aug 2020,32.84,33.29,32.84,33.25,22.12,5669990
31 Jul 2020,32.98,33.26,32.58,32.72,21.77,9729602
30 Jul 2020,33.48,33.68,33.43,33.68,22.41,4356643
29 Jul 2020,33.52,33.55,33.19,33.21,22.09,7225751
28 Jul 2020,33.83,34.32,33.70,33.88,22.54,7021338
27 Jul 2020,32.86,33.49,32.75,33.30,22.15,4195786
24 Jul 2020,32.99,33.28,32.95,33.02,21.96,4268236
23 Jul 2020,33.00,33.27,32.91,33.17,22.06,5236109
22 Jul 2020,33.50,33.70,33.30,33.39,22.21,10151610
21 Jul 2020,34.33,34.58,33.99,34.55,22.98,7032951
20 Jul 2020,34.13,34.41,34.02,34.17,22.73,5498893
17 Jul 2020,33.76,33.96,33.54,33.76,22.46,8542739
16 Jul 2020,33.92,33.94,33.41,33.62,22.36,6727413
15 Jul 2020,33.62,33.84,33.51,33.84,22.51,8010377
14 Jul 2020,32.72,33.02,32.56,33.02,21.96,7022768
13 Jul 2020,32.63,32.93,32.54,32.92,21.90,4921284
10 Jul 2020,32.46,32.50,32.12,32.22,21.43,4192014
09 Jul 2020,32.46,32.72,32.30,32.46,21.59,6065371
08 Jul 2020,32.05,32.54,31.77,31.83,21.17,5420434
07 Jul 2020,32.28,32.39,31.99,32.14,21.38,6625953
06 Jul 2020,32.03,32.16,31.74,31.74,21.12,5218891
03 Jul 2020,32.05,32.40,32.00,32.29,21.48,3557337
02 Jul 2020,31.81,32.16,31.56,32.06,21.33,4737675
01 Jul 2020,32.05,32.12,31.69,31.89,21.22,4084502
30 Jun 2020,31.88,32.19,31.64,31.89,21.22,7909296
29 Jun 2020,31.52,31.62,31.29,31.50,20.96,5764034
26 Jun 2020,31.83,32.12,31.65,32.10,21.35,10496703
25 Jun 2020,31.26,31.73,31.16,31.21,20.76,5791039
24 Jun 2020,31.88,32.05,31.73,31.97,21.26,5363047
23 Jun 2020,31.88,32.09,31.24,31.73,21.11,6986147
22 Jun 2020,30.99,31.77,30.90,31.48,20.94,5078369
19 Jun 2020,31.76,32.00,31.08,31.17,20.74,17487347
18 Jun 2020,31.86,31.97,31.48,31.78,21.14,11114870
17 Jun 2020,32.57,32.59,31.91,32.07,21.33,6920715
16 Jun 2020,32.05,32.46,31.76,32.30,21.49,9611075
15 Jun 2020,32.05,32.25,31.39,31.39,20.88,8644461
12 Jun 2020,31.97,32.23,31.71,32.05,21.32,11354202
11 Jun 2020,33.09,33.28,32.66,32.73,21.77,7121891
10 Jun 2020,33.35,33.92,33.35,33.39,22.21,6386149
09 Jun 2020,33.43,33.84,33.41,33.51,22.29,9296181
05 Jun 2020,32.17,32.49,32.11,32.35,21.52,5139169
04 Jun 2020,32.57,32.70,32.08,32.33,21.51,6738845
03 Jun 2020,32.28,32.48,32.05,32.36,21.52,6624225
02 Jun 2020,31.44,31.76,31.14,31.53,20.97,5043328
01 Jun 2020,31.16,31.80,31.05,31.80,21.15,8059974
29 May 2020,31.26,31.40,30.84,30.84,20.52,15796650
28 May 2020,31.13,31.60,30.94,31.31,20.82,7591101
27 May 2020,30.87,31.00,30.59,30.68,20.41,10587446
26 May 2020,31.01,31.61,30.80,31.61,21.03,6960071
25 May 2020,30.97,31.00,30.66,30.95,20.59,6264398
22 May 2020,31.30,31.30,30.40,30.56,20.33,9318088
21 May 2020,31.28,31.29,30.67,30.73,20.44,8414702
20 May 2020,30.61,31.06,30.50,30.91,20.56,7027126
19 May 2020,30.99,31.26,30.56,31.21,20.76,13933900
18 May 2020,28.94,29.56,28.82,29.47,19.60,9658556
15 May 2020,27.78,28.21,27.71,28.20,18.76,7605621
14 May 2020,27.39,27.72,27.22,27.26,18.13,13195586
13 May 2020,26.89,27.73,26.89,27.61,18.37,5717731
12 May 2020,27.87,27.94,27.17,27.35,18.20,7700108
11 May 2020,28.31,28.43,28.01,28.09,18.69,5478485
08 May 2020,28.01,28.16,27.85,27.96,18.60,7251809
07 May 2020,27.34,27.64,27.23,27.60,18.36,7111682
06 May 2020,27.19,27.22,26.80,27.08,18.01,4849387
05 May 2020,26.93,27.33,26.84,27.33,18.18,5452454
04 May 2020,26.27,26.69,25.97,26.61,17.70,8214090
01 May 2020,27.83,27.88,26.57,26.57,17.67,13712437
30 Apr 2020,28.49,28.88,28.09,28.80,19.16,12373221
29 Apr 2020,27.56,27.74,27.26,27.71,18.43,5680392
28 Apr 2020,27.06,27.54,26.98,27.15,18.06,7489879
27 Apr 2020,27.05,27.27,26.73,27.16,18.06,5165392
24 Apr 2020,26.82,27.23,26.71,27.19,18.09,10449306
23 Apr 2020,26.53,26.77,26.35,26.49,17.62,8160286
22 Apr 2020,26.08,26.21,25.61,25.80,17.16,11651929
21 Apr 2020,26.93,27.27,26.69,26.76,17.80,9297852
20 Apr 2020,27.96,28.30,27.44,27.44,18.25,8145976
17 Apr 2020,27.79,28.13,27.67,27.85,18.53,9751211
16 Apr 2020,26.93,27.51,26.80,27.42,18.24,12896487
15 Apr 2020,27.94,28.19,27.53,27.99,18.62,8752358
14 Apr 2020,28.05,28.29,27.77,28.19,18.75,10674452
09 Apr 2020,28.21,28.31,27.44,28.05,18.66,8340100
08 Apr 2020,27.90,28.72,27.68,27.89,18.55,11526342
07 Apr 2020,28.48,28.75,27.63,28.23,18.78,12424265
06 Apr 2020,27.34,28.31,27.20,28.31,18.83,10081885
03 Apr 2020,27.71,27.91,26.71,27.01,17.96,11690434
02 Apr 2020,26.27,26.77,26.05,26.58,17.68,9723670
01 Apr 2020,26.67,27.27,26.40,26.92,17.90,13944487
31 Mar 2020,27.01,27.14,25.33,25.80,17.16,16396926
30 Mar 2020,25.29,26.89,24.96,26.89,17.89,11358911
27 Mar 2020,27.62,27.77,25.85,25.85,17.19,23153087
26 Mar 2020,28.04,28.24,27.13,27.31,18.17,15636796
25 Mar 2020,27.38,27.87,26.64,27.87,18.54,18902459
24 Mar 2020,24.49,25.43,24.41,25.29,16.82,14931409
23 Mar 2020,23.15,24.98,22.87,24.07,16.01,19998201
20 Mar 2020,24.58,24.88,24.05,24.05,16.00,21641793
19 Mar 2020,25.01,25.42,23.49,24.34,16.19,27865100
18 Mar 2020,25.27,25.75,23.88,24.17,16.07,23925617
17 Mar 2020,23.23,25.41,23.23,25.12,16.71,22291245
16 Mar 2020,22.90,23.85,22.36,22.44,14.93,21691676
13 Mar 2020,22.24,24.34,21.41,23.79,15.83,36692246
12 Mar 2020,24.82,24.84,23.16,23.44,15.60,25148267
11 Mar 2020,25.71,26.31,25.38,25.39,16.89,19979668
10 Mar 2020,24.04,26.04,23.92,26.04,17.32,29201738
09 Mar 2020,25.80,26.65,24.53,24.53,16.32,23671583
06 Mar 2020,29.07,29.29,28.66,28.66,19.07,8841567
05 Mar 2020,30.38,30.41,29.59,29.76,19.79,10914074
04 Mar 2020,30.05,30.24,29.78,29.97,19.28,11513283
03 Mar 2020,30.26,30.69,30.20,30.26,19.46,12602177
02 Mar 2020,29.46,29.81,28.39,29.70,19.10,18212430
28 Feb 2020,30.28,30.41,29.83,29.92,19.24,20621503
27 Feb 2020,31.70,31.98,31.04,31.33,20.15,9712638
26 Feb 2020,31.70,31.96,31.56,31.65,20.36,8683286
25 Feb 2020,32.50,32.59,32.19,32.35,20.80,9354355
24 Feb 2020,33.77,33.81,32.95,33.03,21.24,7157564
21 Feb 2020,34.19,34.27,34.03,34.03,21.89,5376107
20 Feb 2020,34.44,34.60,34.23,34.30,22.06,5591809
19 Feb 2020,34.37,34.44,34.08,34.28,22.05,4908686
18 Feb 2020,34.26,34.69,34.10,34.53,22.21,6920016
17 Feb 2020,34.28,34.41,34.16,34.25,22.03,3357457
14 Feb 2020,34.28,34.48,34.15,34.41,22.13,4832036
13 Feb 2020,34.56,34.72,34.22,34.32,22.07,6107648
12 Feb 2020,34.33,34.33,34.00,34.19,21.99,5955218
11 Feb 2020,34.07,34.39,34.01,34.33,22.08,5890474
10 Feb 2020,34.19,34.25,33.87,34.19,21.99,5365731
07 Feb 2020,34.83,34.90,34.49,34.52,22.20,6654466
06 Feb 2020,34.94,35.21,34.86,35.21,22.64,5823566
05 Feb 2020,34.55,34.68,34.52,34.63,22.27,5834542
04 Feb 2020,33.92,34.17,33.76,34.11,21.94,6419090
03 Feb 2020,33.86,34.36,33.84,34.06,21.90,8499324
31 Jan 2020,35.12,35.21,35.05,35.08,22.56,9852292
30 Jan 2020,35.03,35.09,34.66,34.73,22.33,6767328
29 Jan 2020,35.02,35.17,34.85,35.03,22.53,6194220
28 Jan 2020,34.56,34.89,34.55,34.81,22.39,9432695
24 Jan 2020,36.20,36.27,35.90,36.02,23.16,7328878
23 Jan 2020,36.80,36.81,36.41,36.58,23.52,6087716
22 Jan 2020,36.36,36.93,36.29,36.69,23.60,11606095
21 Jan 2020,36.44,36.70,36.36,36.68,23.59,5668560
20 Jan 2020,36.44,36.84,36.44,36.72,23.62,5393892
17 Jan 2020,35.84,36.18,35.84,36.15,23.25,5542901
16 Jan 2020,35.73,35.77,35.55,35.73,22.98,6125113
15 Jan 2020,35.67,35.88,35.62,35.78,23.01,4829778
14 Jan 2020,35.34,35.66,35.33,35.66,22.93,4985806
13 Jan 2020,35.22,35.30,35.10,35.20,22.64,2806243
10 Jan 2020,35.43,35.59,35.23,35.53,22.85,4750227
09 Jan 2020,35.46,35.82,35.43,35.64,22.92,5921069
08 Jan 2020,35.13,35.39,34.75,35.23,22.66,6080370
07 Jan 2020,35.17,35.34,35.00,35.22,22.65,5143010
06 Jan 2020,34.87,35.10,34.53,35.08,22.56,4481459
03 Jan 2020,35.13,35.18,34.84,34.86,22.42,3403891
02 Jan 2020,34.46,34.84,34.46,34.68,22.30,3044535
31 Dec 2019,34.68,34.87,34.56,34.65,22.29,4341060
30 Dec 2019,35.12,35.21,34.91,35.10,22.57,2688115
27 Dec 2019,35.20,35.39,35.13,35.30,22.70,3554240
24 Dec 2019,34.92,35.05,34.89,34.93,22.46,1602823
23 Dec 2019,35.01,35.06,34.83,34.92,22.46,3493614
20 Dec 2019,35.30,35.53,35.20,35.37,22.75,16021920
19 Dec 2019,35.58,35.73,35.41,35.43,22.79,10101051
18 Dec 2019,35.79,35.87,35.55,35.66,22.93,7337574
17 Dec 2019,35.62,35.96,35.62,35.79,23.02,5301881
16 Dec 2019,35.17,35.71,35.15,35.61,22.90,7310634
13 Dec 2019,34.81,35.22,34.78,35.04,22.53,7321663
12 Dec 2019,34.42,34.51,34.20,34.37,22.10,4384835
11 Dec 2019,34.27,34.40,34.07,34.37,22.10,5996439
10 Dec 2019,34.01,34.33,33.96,34.25,22.02,5161043
09 Dec 2019,33.60,33.93,33.60,33.88,21.79,4919228
06 Dec 2019,33.15,33.35,33.15,33.27,21.39,3284368
05 Dec 2019,33.26,33.35,33.13,33.31,21.42,5078616
04 Dec 2019,32.91,33.07,32.54,32.79,21.09,9067732
03 Dec 2019,33.76,33.87,33.48,33.63,21.63,7038555
02 Dec 2019,33.88,34.28,33.76,34.11,21.94,3601728
29 Nov 2019,34.44,34.45,34.04,34.04,21.89,7776736
28 Nov 2019,34.17,34.41,34.08,34.28,22.05,4600073
27 Nov 2019,33.84,34.15,33.79,34.15,21.96,6355725
26 Nov 2019,33.70,33.84,33.59,33.75,21.70,13334204
25 Nov 2019,33.45,33.79,33.38,33.70,21.67,6370857
22 Nov 2019,32.95,33.32,32.88,33.11,21.30,5277984
21 Nov 2019,32.68,33.00,32.46,32.70,21.03,7727851
20 Nov 2019,33.22,33.36,33.00,33.16,21.33,4665215
19 Nov 2019,33.21,33.44,33.13,33.36,21.46,6506211
18 Nov 2019,33.29,33.40,33.16,33.27,21.39,3251865
15 Nov 2019,32.70,33.43,32.69,33.19,21.35,8190852
14 Nov 2019,32.28,32.78,32.21,32.78,21.08,4851587
13 Nov 2019,32.79,32.97,32.58,32.76,21.07,6567590
12 Nov 2019,32.80,33.03,32.65,33.03,21.25,5608147
11 Nov 2019,33.08,33.11,32.94,33.11,21.29,4642803
08 Nov 2019,33.05,33.31,33.05,33.21,21.36,6404545
07 Nov 2019,33.22,33.26,33.00,33.26,21.39,6567147
06 Nov 2019,33.46,33.49,33.29,33.39,21.47,8016630
05 Nov 2019,32.93,32.99,32.82,32.90,21.16,6624427
04 Nov 2019,32.38,32.54,32.30,32.48,20.89,6944255
01 Nov 2019,31.52,31.82,31.52,31.79,20.44,7584911
31 Oct 2019,31.88,32.05,31.78,32.01,20.59,4998277
30 Oct 2019,32.37,32.41,32.11,32.23,20.73,4693468
29 Oct 2019,32.42,32.64,32.41,32.61,20.97,5553187
28 Oct 2019,32.04,32.32,32.00,32.21,20.71,4351923
25 Oct 2019,31.87,31.97,31.68,31.85,20.48,5944916
24 Oct 2019,31.88,31.95,31.75,31.83,20.47,5224436
23 Oct 2019,31.21,31.59,31.21,31.52,20.27,4401465
22 Oct 2019,31.31,31.53,31.14,31.51,20.27,4729674
21 Oct 2019,30.99,31.19,30.89,31.15,20.03,2752845
18 Oct 2019,31.11,31.16,30.91,30.98,19.92,5983923
17 Oct 2019,31.83,31.83,31.04,31.04,19.96,8990057
16 Oct 2019,32.14,32.30,31.97,32.09,20.64,6420263
15 Oct 2019,32.05,32.15,31.97,32.13,20.66,4278597
14 Oct 2019,32.38,32.66,32.38,32.53,20.92,5830855
11 Oct 2019,31.94,32.08,31.81,31.89,20.51,5869865
10 Oct 2019,31.08,31.32,31.01,31.23,20.08,5481439
09 Oct 2019,31.32,31.50,31.26,31.28,20.12,5588853
08 Oct 2019,31.54,31.82,31.45,31.71,20.39,5056764
07 Oct 2019,31.63,31.74,31.39,31.50,20.26,3106846
04 Oct 2019,31.56,31.62,31.32,31.43,20.21,4877765
03 Oct 2019,31.72,31.80,31.30,31.30,20.13,8567964
02 Oct 2019,32.51,32.62,32.27,32.32,20.79,5796141
01 Oct 2019,32.58,32.96,32.46,32.95,21.19,5298921
30 Sep 2019,32.87,33.18,32.70,32.70,21.03,5894773
27 Sep 2019,32.50,32.80,32.50,32.80,21.10,9344516
26 Sep 2019,32.78,32.84,32.50,32.50,20.90,5927692
25 Sep 2019,32.43,32.64,32.32,32.53,20.92,11296934
24 Sep 2019,33.39,33.51,33.15,33.17,21.33,5389816
23 Sep 2019,33.68,33.78,33.50,33.50,21.54,3522280
20 Sep 2019,33.64,33.81,33.53,33.61,21.62,8379424
19 Sep 2019,33.68,33.80,33.44,33.55,21.58,11083788
18 Sep 2019,33.39,33.72,33.33,33.65,21.64,6584586
17 Sep 2019,33.62,33.75,33.50,33.74,21.70,8242611
16 Sep 2019,34.99,35.03,33.95,34.10,21.93,14505686
13 Sep 2019,32.95,33.10,32.87,33.06,21.26,5485146
12 Sep 2019,33.12,33.15,32.73,32.92,21.17,5961974
11 Sep 2019,32.70,32.90,32.63,32.87,21.14,8360501
10 Sep 2019,32.53,32.65,32.13,32.34,20.80,7204107
09 Sep 2019,32.08,32.24,32.01,32.17,20.69,5035001
06 Sep 2019,32.28,32.49,32.22,32.33,20.79,7374390
05 Sep 2019,31.97,32.25,31.93,32.12,20.66,8629216
04 Sep 2019,32.21,32.37,31.85,32.34,20.07,7552161
03 Sep 2019,32.57,32.68,32.38,32.44,20.13,4651829
02 Sep 2019,32.44,32.57,32.31,32.57,20.21,4446213
30 Aug 2019,31.86,32.31,31.84,32.31,20.05,12860227
29 Aug 2019,31.70,31.81,31.27,31.61,19.61,5428332
28 Aug 2019,31.08,31.62,31.08,31.54,19.57,6636586
27 Aug 2019,30.99,31.25,30.91,31.12,19.31,9677076
26 Aug 2019,30.81,31.01,30.65,30.89,19.17,5566346
23 Aug 2019,31.23,31.67,31.16,31.54,19.57,7303745
22 Aug 2019,31.48,31.61,31.27,31.34,19.45,7973602
21 Aug 2019,31.89,32.05,31.39,31.39,19.48,9675373
20 Aug 2019,31.96,32.32,31.73,32.32,20.06,8203484
19 Aug 2019,32.41,32.48,32.14,32.28,20.03,5844899
16 Aug 2019,32.52,32.59,32.14,32.21,19.98,8379388
15 Aug 2019,32.54,32.69,32.22,32.40,20.11,10056542
14 Aug 2019,33.29,33.43,32.99,33.32,20.68,7707938
13 Aug 2019,32.83,33.22,32.78,32.95,20.45,7426405
12 Aug 2019,32.89,32.98,32.70,32.95,20.45,8128229
09 Aug 2019,33.45,33.59,33.09,33.20,20.60,6914642
08 Aug 2019,32.72,33.25,32.58,33.21,20.61,7544807
07 Aug 2019,32.86,33.01,32.53,32.72,20.30,6887229
06 Aug 2019,32.37,33.44,32.26,33.03,20.50,11392850
05 Aug 2019,34.16,34.25,33.32,33.45,20.76,6917958
02 Aug 2019,34.73,34.83,34.53,34.53,21.43,10214126
01 Aug 2019,35.73,36.01,35.66,35.85,22.24,5510761
31 Jul 2019,36.30,36.60,36.23,36.29,22.52,6490660
30 Jul 2019,36.48,36.65,36.33,36.36,22.56,7363708
29 Jul 2019,36.25,36.41,35.97,36.15,22.43,5368807
26 Jul 2019,36.09,36.46,36.03,36.37,22.57,9448871
25 Jul 2019,36.06,36.14,35.87,36.14,22.43,10611819
24 Jul 2019,37.17,37.38,36.64,36.80,22.84,6841886
23 Jul 2019,36.80,37.09,36.70,37.02,22.97,4094897
22 Jul 2019,36.72,37.01,36.67,36.81,22.84,3406104
19 Jul 2019,36.42,36.68,36.33,36.56,22.69,3559478
18 Jul 2019,36.82,36.90,36.40,36.61,22.72,5099433
17 Jul 2019,36.58,37.22,36.56,37.17,23.06,5958142
16 Jul 2019,36.73,36.89,36.55,36.65,22.74,4041822
15 Jul 2019,36.28,36.76,36.21,36.51,22.65,3465583
12 Jul 2019,36.55,36.68,36.25,36.48,22.64,4575050
11 Jul 2019,36.53,36.75,36.47,36.71,22.78,5204961
10 Jul 2019,36.57,36.65,36.32,36.47,22.63,3579037
09 Jul 2019,36.68,36.76,36.28,36.53,22.67,4806957
08 Jul 2019,36.04,36.43,35.95,36.11,22.41,6042698
05 Jul 2019,37.04,37.13,36.76,36.76,22.81,5757671
04 Jul 2019,37.58,37.58,37.15,37.26,23.12,3834877
03 Jul 2019,37.54,37.69,37.46,37.47,23.25,4765330
02 Jul 2019,37.33,37.51,37.28,37.43,23.23,5359420
01 Jul 2019,36.96,37.24,36.86,37.11,23.03,5532524
28 Jun 2019,37.03,37.15,36.45,36.65,22.74,18079737
27 Jun 2019,36.87,37.40,36.76,37.35,23.18,5895586
26 Jun 2019,36.47,36.81,36.44,36.65,22.74,5953898
25 Jun 2019,36.56,36.94,36.53,36.72,22.79,4548226
24 Jun 2019,36.29,36.69,36.28,36.68,22.76,4668576
21 Jun 2019,36.60,36.85,36.32,36.53,22.67,9988772
20 Jun 2019,36.03,36.37,35.86,36.37,22.57,9759539
19 Jun 2019,36.60,36.68,36.34,36.49,22.64,7510660
18 Jun 2019,35.78,35.93,35.63,35.76,22.19,10030754
17 Jun 2019,35.53,35.89,35.22,35.76,22.19,5854697
14 Jun 2019,35.61,36.00,35.57,35.88,22.27,7445025
13 Jun 2019,35.35,35.35,35.04,35.22,21.86,4272564
12 Jun 2019,35.06,35.47,35.06,35.39,21.96,7641553
11 Jun 2019,33.93,34.50,33.93,34.46,21.38,7782077
07 Jun 2019,33.60,33.69,33.47,33.69,20.91,6321542
06 Jun 2019,33.43,33.56,32.97,32.99,20.47,5678500
05 Jun 2019,33.59,33.70,33.34,33.43,20.74,5473363
04 Jun 2019,33.45,33.56,33.21,33.22,20.61,6793715
03 Jun 2019,33.15,33.28,32.62,32.78,20.34,6627087
31 May 2019,33.44,33.68,33.29,33.62,20.86,12787557
30 May 2019,33.96,34.02,33.52,33.57,20.83,10229682
29 May 2019,34.23,34.33,33.97,34.16,21.19,4870822
28 May 2019,34.01,34.49,33.91,34.37,21.33,11122224
27 May 2019,33.75,33.93,33.68,33.78,20.96,3755225
24 May 2019,33.03,33.40,32.95,33.35,20.69,6736409
23 May 2019,33.35,33.58,33.19,33.23,20.62,5263384
22 May 2019,33.82,33.90,33.50,33.90,21.03,4442600
21 May 2019,33.91,33.96,33.59,33.78,20.96,5508440
20 May 2019,34.16,34.20,33.84,34.02,21.11,5808161
17 May 2019,33.92,34.25,33.86,34.25,21.25,8913961
16 May 2019,33.11,33.43,32.85,33.43,20.74,6610702
15 May 2019,32.91,33.16,32.73,33.12,20.55,5442614
14 May 2019,32.19,32.59,32.19,32.52,20.18,6795466
13 May 2019,32.62,32.88,32.47,32.88,20.40,4472767
10 May 2019,32.91,33.03,32.38,32.77,20.33,6473815
09 May 2019,32.99,33.02,32.70,32.93,20.43,4216421
08 May 2019,33.10,33.13,32.74,33.11,20.54,4979227
07 May 2019,33.09,33.39,33.09,33.21,20.61,8252950
06 May 2019,32.65,32.82,32.47,32.77,20.33,5616389
03 May 2019,32.84,32.95,32.75,32.89,20.41,4459397
02 May 2019,32.93,32.98,32.77,32.96,20.45,5831280
01 May 2019,33.39,33.57,33.31,33.37,20.71,3854646
30 Apr 2019,33.50,33.60,33.09,33.30,20.66,6348606
29 Apr 2019,33.64,33.77,33.55,33.68,20.90,3892831
26 Apr 2019,33.81,33.92,33.36,33.48,20.77,9760774
24 Apr 2019,34.20,34.25,33.77,34.01,21.11,11831528
23 Apr 2019,34.26,34.33,33.98,34.13,21.18,6949551
18 Apr 2019,34.37,34.37,33.92,34.04,21.12,6505208
17 Apr 2019,34.46,34.51,34.07,34.10,21.16,10312845
16 Apr 2019,34.81,35.15,34.73,35.06,21.75,5761222
15 Apr 2019,35.29,35.41,35.06,35.21,21.85,4169909
12 Apr 2019,35.40,35.46,35.21,35.24,21.87,5496098
11 Apr 2019,35.30,35.50,35.15,35.30,21.90,4504498
10 Apr 2019,35.24,35.52,35.22,35.52,22.04,4489152
09 Apr 2019,35.55,35.73,35.52,35.64,22.12,5478421
08 Apr 2019,35.17,35.52,35.15,35.52,22.04,5058433
05 Apr 2019,34.95,35.14,34.88,34.92,21.67,5185433
04 Apr 2019,35.32,35.34,35.04,35.10,21.78,4965653
03 Apr 2019,35.16,35.54,35.10,35.54,22.05,7254838
02 Apr 2019,34.93,35.08,34.58,34.75,21.56,5954132
01 Apr 2019,34.41,34.88,34.41,34.77,21.58,6863930
29 Mar 2019,34.06,34.52,34.05,34.27,21.27,14453431
28 Mar 2019,33.84,34.05,33.74,34.05,21.13,10009367
27 Mar 2019,33.61,33.75,33.36,33.75,20.94,7113518
26 Mar 2019,33.06,33.51,33.03,33.43,20.75,7369820
25 Mar 2019,32.95,33.06,32.79,33.06,20.51,9869621
22 Mar 2019,33.43,33.65,33.36,33.49,20.78,3803919
21 Mar 2019,33.30,33.57,33.24,33.55,20.82,9665335
20 Mar 2019,33.34,33.34,32.91,33.12,20.55,8086037
19 Mar 2019,33.30,33.58,33.27,33.47,20.77,7132923
18 Mar 2019,32.63,32.98,32.59,32.93,20.43,4683371
15 Mar 2019,33.09,33.09,32.48,32.48,20.16,26848435
14 Mar 2019,33.14,33.29,32.98,33.09,20.53,6678601
13 Mar 2019,32.77,32.85,32.58,32.83,20.37,6642527
12 Mar 2019,32.95,33.16,32.86,32.86,20.39,6634958
11 Mar 2019,32.77,32.78,32.46,32.52,20.18,5442736
08 Mar 2019,33.07,33.09,32.79,32.84,20.38,6350824
07 Mar 2019,32.99,33.33,32.92,33.27,20.65,14226198
06 Mar 2019,33.34,33.56,33.27,33.50,20.30,7725076
05 Mar 2019,33.29,33.35,33.05,33.21,20.13,6172010
04 Mar 2019,33.12,33.54,33.11,33.50,20.30,5556193
01 Mar 2019,32.95,33.18,32.79,33.11,20.06,8119062
28 Feb 2019,33.76,33.81,33.13,33.15,20.09,11980146
27 Feb 2019,33.68,33.79,33.45,33.55,20.33,5185751
26 Feb 2019,33.61,33.61,33.26,33.43,20.26,5909268
25 Feb 2019,33.84,34.00,33.64,33.86,20.52,8946899
22 Feb 2019,33.55,33.85,33.43,33.56,20.34,14224521
21 Feb 2019,33.98,34.01,33.43,33.70,20.43,10464529
20 Feb 2019,32.90,33.78,32.90,33.78,20.47,12612621
19 Feb 2019,32.95,33.13,32.81,32.95,19.97,5474878
18 Feb 2019,32.81,33.05,32.81,32.95,19.97,4809475
15 Feb 2019,32.62,32.62,32.38,32.47,19.68,5205748
14 Feb 2019,32.46,32.71,32.36,32.65,19.79,6023860
13 Feb 2019,32.14,32.44,31.98,32.13,19.47,6600399
12 Feb 2019,31.82,32.36,31.82,32.30,19.58,7168424
11 Feb 2019,31.75,32.10,31.72,32.09,19.45,7669766
08 Feb 2019,31.58,31.83,31.42,31.46,19.07,7778779
07 Feb 2019,31.88,32.29,31.84,31.94,19.36,6921614
06 Feb 2019,31.52,32.05,31.46,32.04,19.42,6281767
05 Feb 2019,31.48,31.76,31.36,31.51,19.10,8840104
04 Feb 2019,31.17,31.37,30.93,31.16,18.89,6159781
01 Feb 2019,31.39,31.59,31.10,31.16,18.89,6989221
31 Jan 2019,31.06,31.29,31.01,31.01,18.80,17297791
30 Jan 2019,30.75,31.52,30.54,30.81,18.67,13288778
29 Jan 2019,29.83,30.09,29.82,30.04,18.21,8729105
25 Jan 2019,29.13,29.49,29.13,29.43,17.83,8845956
24 Jan 2019,28.96,29.19,28.89,29.05,17.60,6800310
23 Jan 2019,28.94,29.05,28.71,29.05,17.61,6488756
22 Jan 2019,29.42,29.50,29.17,29.18,17.68,6460222
21 Jan 2019,29.61,29.74,29.56,29.56,17.92,9025752
18 Jan 2019,29.48,29.65,29.45,29.48,17.87,10268737
17 Jan 2019,29.29,29.42,29.18,29.27,17.74,5893918
16 Jan 2019,29.29,29.32,29.13,29.32,17.77,12055679
15 Jan 2019,29.12,29.45,29.03,29.44,17.84,6587660
14 Jan 2019,29.12,29.36,29.05,29.13,17.65,9060442
11 Jan 2019,29.34,29.39,29.09,29.20,17.69,6809953
10 Jan 2019,29.29,29.51,29.01,29.51,17.88,10043720
09 Jan 2019,30.72,30.80,30.44,30.54,17.65,10623812
08 Jan 2019,30.81,30.88,30.66,30.66,17.72,9754021
07 Jan 2019,30.72,30.76,30.52,30.62,17.70,9606284
04 Jan 2019,29.47,29.73,29.35,29.72,17.18,10460952
03 Jan 2019,30.17,30.39,29.88,29.99,17.33,9516503
02 Jan 2019,30.52,30.76,29.96,29.99,17.33,8187658
31 Dec 2018,30.26,30.77,30.26,30.48,17.62,5997855
28 Dec 2018,30.26,30.49,30.15,30.23,17.47,23650510
27 Dec 2018,30.44,30.80,30.25,30.41,17.58,18884899
24 Dec 2018,29.55,29.97,29.53,29.83,17.24,7050559
21 Dec 2018,29.53,29.70,29.20,29.70,17.17,31737964
20 Dec 2018,29.80,29.94,29.05,29.05,16.79,53011034
19 Dec 2018,29.59,29.87,29.45,29.82,17.24,27489587
18 Dec 2018,29.46,30.33,29.37,29.83,17.24,22785063
17 Dec 2018,29.07,30.01,29.02,29.86,17.26,42143842
14 Dec 2018,29.57,29.64,28.80,28.85,16.68,20375037
13 Dec 2018,28.83,29.29,28.73,29.21,16.89,21146741
12 Dec 2018,28.49,28.66,28.37,28.66,16.57,19131021
11 Dec 2018,28.00,28.27,27.83,28.24,16.33,16609004
10 Dec 2018,27.91,28.37,27.82,27.86,16.10,19566482
07 Dec 2018,27.60,28.05,27.51,27.76,16.05,9933929
06 Dec 2018,28.20,28.20,27.48,27.96,16.16,10976980
05 Dec 2018,27.96,28.46,27.85,28.34,16.38,9374895
04 Dec 2018,28.31,28.65,28.15,28.15,16.27,11215090
03 Dec 2018,27.93,28.52,27.64,28.33,16.38,13008987
30 Nov 2018,27.35,27.66,27.33,27.33,15.80,18724023
29 Nov 2018,27.68,27.93,27.48,27.58,15.94,10248126
28 Nov 2018,27.12,27.26,26.99,27.26,15.75,9539848
27 Nov 2018,27.34,27.49,27.18,27.49,15.89,9907764
26 Nov 2018,27.47,27.49,27.05,27.10,15.66,10708275
23 Nov 2018,28.21,28.25,28.01,28.09,16.24,4931623
22 Nov 2018,28.49,28.52,28.21,28.30,16.36,6275107
21 Nov 2018,28.46,28.49,28.12,28.14,16.26,8890547
20 Nov 2018,29.13,29.15,28.79,29.11,16.82,8931955
19 Nov 2018,28.85,28.96,28.74,28.85,16.68,5269371
16 Nov 2018,28.85,29.16,28.76,28.81,16.65,6094631
15 Nov 2018,28.50,28.72,28.31,28.53,16.49,7552992
14 Nov 2018,28.95,29.07,28.40,28.59,16.53,7657824
13 Nov 2018,29.35,29.49,29.13,29.25,16.91,8914032
12 Nov 2018,29.34,29.81,29.22,29.75,17.20,6912934
09 Nov 2018,29.56,29.75,29.51,29.75,17.20,4739776
08 Nov 2018,29.92,30.10,29.62,29.68,17.15,6330242
07 Nov 2018,29.85,29.85,29.49,29.73,17.18,6507141
06 Nov 2018,29.81,30.05,29.62,29.87,17.27,5776421
05 Nov 2018,29.61,29.84,29.39,29.48,17.04,6652510
02 Nov 2018,29.86,29.89,29.29,29.83,17.24,10092702
01 Nov 2018,30.45,30.45,29.38,29.48,17.04,40072836
31 Oct 2018,28.45,28.68,28.19,28.68,16.58,8465664
30 Oct 2018,27.96,28.69,27.84,28.69,16.58,6344985
29 Oct 2018,28.14,28.31,27.99,28.18,16.29,4978968
26 Oct 2018,27.96,28.01,27.40,27.78,16.06,13281242
25 Oct 2018,27.87,27.87,27.42,27.42,15.85,14523621
24 Oct 2018,29.12,29.13,28.33,28.56,16.51,10000474
23 Oct 2018,29.70,29.74,29.08,29.20,16.88,7041615
22 Oct 2018,29.07,29.73,29.07,29.53,17.07,6767388
19 Oct 2018,29.10,29.47,28.88,29.47,17.04,9911213
18 Oct 2018,29.84,29.88,29.46,29.56,17.09,7599985
17 Oct 2018,30.38,30.43,29.77,29.97,17.32,6015937
16 Oct 2018,30.05,30.39,30.01,30.18,17.45,8551558
15 Oct 2018,29.86,30.02,29.40,29.69,17.16,6237062
12 Oct 2018,29.94,30.23,29.91,30.13,17.42,9493413
11 Oct 2018,29.85,30.26,29.74,29.74,17.19,11839047
10 Oct 2018,31.11,31.16,30.80,30.91,17.87,6052374
09 Oct 2018,30.74,30.99,30.55,30.83,17.82,6444274
08 Oct 2018,31.02,31.16,30.72,30.72,17.76,7245527
05 Oct 2018,31.52,31.77,31.35,31.61,18.27,7144370
04 Oct 2018,31.51,31.65,31.34,31.53,18.22,7655666
03 Oct 2018,31.25,31.31,31.10,31.24,18.05,7055216
02 Oct 2018,31.12,31.31,30.83,30.90,17.86,10334064
01 Oct 2018,30.59,30.90,30.56,30.82,17.81,3532613
28 Sep 2018,30.75,31.16,30.75,30.83,17.82,16674599
27 Sep 2018,30.41,30.85,30.36,30.70,17.75,9390474
26 Sep 2018,30.60,30.83,30.59,30.72,17.76,9450832
25 Sep 2018,29.75,30.48,29.75,30.36,17.55,12717780
24 Sep 2018,30.10,30.26,29.96,30.12,17.41,6989655
21 Sep 2018,29.56,29.90,29.52,29.90,17.28,15628827
20 Sep 2018,29.25,29.33,29.08,29.18,16.87,11177948
19 Sep 2018,28.49,28.89,28.49,28.85,16.68,8449727
18 Sep 2018,27.80,28.03,27.78,28.03,16.20,7437788
17 Sep 2018,28.09,28.25,28.02,28.15,16.27,6293455
14 Sep 2018,27.96,28.37,27.95,28.33,16.38,8573574
13 Sep 2018,27.78,28.27,27.70,27.88,16.11,6896196
12 Sep 2018,27.66,27.69,27.38,27.69,16.01,6188627
11 Sep 2018,27.49,27.78,27.34,27.78,16.06,4984434
10 Sep 2018,27.76,27.94,27.57,27.78,16.06,3765762
07 Sep 2018,27.78,27.88,27.58,27.87,16.11,6355554
06 Sep 2018,28.18,28.21,27.89,27.96,16.16,11718944
05 Sep 2018,29.38,29.38,28.58,28.67,16.08,9308515
04 Sep 2018,29.40,29.51,29.34,29.45,16.52,5984630
03 Sep 2018,29.78,29.78,29.34,29.39,16.48,4519801
31 Aug 2018,29.75,29.87,29.57,29.57,16.58,11468594
30 Aug 2018,30.27,30.31,30.03,30.08,16.87,6857692
29 Aug 2018,29.92,30.16,29.92,30.10,16.88,8281308
28 Aug 2018,29.66,29.80,29.56,29.72,16.67,4960603
27 Aug 2018,29.37,29.56,29.27,29.45,16.52,5406030
24 Aug 2018,29.07,29.29,28.92,29.13,16.33,8069596
23 Aug 2018,29.05,29.19,28.86,28.92,16.22,7077811
22 Aug 2018,28.74,28.76,28.40,28.56,16.02,7676102
21 Aug 2018,29.29,29.65,28.96,28.98,16.25,6852277
20 Aug 2018,29.25,29.63,29.23,29.53,16.56,6048345
17 Aug 2018,29.17,29.29,28.98,29.15,16.35,5886152
16 Aug 2018,28.99,29.39,28.93,29.24,16.40,11588706
15 Aug 2018,30.41,30.45,29.86,30.01,16.83,5302365
14 Aug 2018,30.04,30.26,29.93,30.11,16.89,7630221
13 Aug 2018,30.01,30.07,29.53,29.66,16.63,6678589
10 Aug 2018,30.26,30.32,30.02,30.02,16.84,3697752
09 Aug 2018,30.26,30.49,29.99,30.24,16.96,5049098
08 Aug 2018,30.50,30.54,30.11,30.22,16.95,6265865
07 Aug 2018,29.98,30.09,29.86,29.94,16.79,6610914
06 Aug 2018,30.33,30.43,30.25,30.36,17.03,4185081
03 Aug 2018,30.16,30.21,29.70,29.72,16.67,7755216
02 Aug 2018,30.68,30.75,30.20,30.20,16.94,9559402
01 Aug 2018,31.25,31.42,31.16,31.24,17.52,10653292
31 Jul 2018,30.95,31.15,30.79,31.04,17.41,10919458
30 Jul 2018,30.64,30.69,30.31,30.44,17.07,5229762
27 Jul 2018,30.54,30.77,30.50,30.63,17.18,12052606
26 Jul 2018,30.05,30.13,29.84,29.95,16.80,6250430
25 Jul 2018,30.14,30.18,29.84,30.05,16.85,8864059
24 Jul 2018,29.25,29.48,29.13,29.39,16.48,5803491
23 Jul 2018,29.04,29.09,28.89,28.89,16.20,4969133
20 Jul 2018,29.37,29.53,29.21,29.30,16.43,8801881
19 Jul 2018,29.93,30.24,29.75,29.93,16.78,8488027
18 Jul 2018,29.92,30.05,29.56,29.89,16.76,9657887
17 Jul 2018,29.03,29.20,28.89,28.94,16.23,6852733
16 Jul 2018,29.59,29.63,29.39,29.45,16.51,4811621
13 Jul 2018,29.84,30.09,29.62,29.68,16.64,7778476
12 Jul 2018,29.59,30.02,29.51,29.89,16.76,9230362
11 Jul 2018,30.47,30.47,29.95,30.08,16.87,8751397
10 Jul 2018,30.48,30.64,30.38,30.48,17.09,6770969
09 Jul 2018,29.81,30.18,29.80,30.15,16.91,5358487
06 Jul 2018,29.38,29.70,29.36,29.52,16.55,8182379
05 Jul 2018,29.33,29.37,29.12,29.27,16.41,6135825
04 Jul 2018,29.45,29.60,29.21,29.43,16.50,5111561
03 Jul 2018,29.61,29.65,29.29,29.43,16.50,7723019
02 Jul 2018,30.01,30.30,29.75,29.92,16.78,5582854
29 Jun 2018,30.34,30.49,30.12,30.19,16.93,19458632
28 Jun 2018,30.03,30.19,29.95,30.11,16.89,7719534
27 Jun 2018,29.52,29.75,29.45,29.59,16.59,9332558
26 Jun 2018,28.67,29.06,28.63,29.06,16.30,9509460
25 Jun 2018,29.38,29.49,29.34,29.37,16.47,6057499
22 Jun 2018,28.91,29.17,28.84,28.96,16.24,8431261
21 Jun 2018,29.38,29.47,29.06,29.17,16.36,12339242
20 Jun 2018,28.77,29.11,28.64,29.03,16.28,7618676
19 Jun 2018,29.40,29.51,28.80,28.81,16.16,9068288
18 Jun 2018,29.27,29.29,29.02,29.17,16.36,6635673
15 Jun 2018,29.87,30.04,29.81,29.88,16.76,10924566
14 Jun 2018,29.75,29.78,29.61,29.72,16.67,5120950
13 Jun 2018,29.89,29.92,29.49,29.61,16.60,5765718
12 Jun 2018,30.26,30.29,29.97,30.00,16.82,7743820
08 Jun 2018,30.40,30.47,30.20,30.34,17.01,5774504
07 Jun 2018,30.25,30.38,30.15,30.35,17.02,7472952
06 Jun 2018,29.48,29.80,29.48,29.73,16.67,8880003
05 Jun 2018,29.29,29.30,29.11,29.15,16.35,4970395
04 Jun 2018,29.79,29.81,29.56,29.56,16.58,3345184
01 Jun 2018,29.37,29.49,29.13,29.45,16.52,5275497
31 May 2018,28.99,29.27,28.95,29.20,16.37,13971360
30 May 2018,28.46,28.69,28.40,28.67,16.08,7568092
29 May 2018,28.51,28.86,28.51,28.74,16.12,5385351
28 May 2018,28.75,28.90,28.52,28.59,16.03,7601059
25 May 2018,29.87,29.93,29.35,29.45,16.51,15394003
24 May 2018,30.10,30.30,30.05,30.19,16.93,10054137
23 May 2018,30.14,30.43,30.07,30.17,16.92,7392129
22 May 2018,30.16,30.20,29.81,30.02,16.83,4556956
21 May 2018,30.21,30.37,30.11,30.22,16.95,4222424
18 May 2018,30.63,30.63,30.20,30.35,17.02,6386906
17 May 2018,30.67,30.83,30.44,30.67,17.20,8011401
16 May 2018,30.14,30.39,30.10,30.28,16.98,7353170
15 May 2018,30.26,30.43,29.85,29.87,16.75,9855426
14 May 2018,29.72,30.10,29.72,30.09,16.87,8153682
11 May 2018,29.38,29.55,29.34,29.53,16.56,6057501
10 May 2018,29.37,29.38,29.09,29.16,16.35,7346232
09 May 2018,28.40,28.67,28.39,28.66,16.07,8226062
08 May 2018,28.41,28.55,28.23,28.32,15.88,7471645
07 May 2018,28.43,28.62,28.39,28.45,15.95,6446237
04 May 2018,28.07,28.18,27.95,28.04,15.72,6570241
03 May 2018,28.04,28.16,27.95,28.07,15.74,6839076
02 May 2018,27.65,27.89,27.57,27.78,15.58,6062793
01 May 2018,27.69,27.94,27.57,27.83,15.60,7192685
30 Apr 2018,27.51,27.65,27.32,27.56,15.45,6349257
27 Apr 2018,27.83,27.84,27.46,27.70,15.53,11676940
26 Apr 2018,27.87,27.87,27.56,27.63,15.49,8219403
24 Apr 2018,27.65,27.84,27.49,27.84,15.61,7278243
23 Apr 2018,27.63,27.85,27.61,27.81,15.59,6107897
20 Apr 2018,27.42,27.58,27.32,27.48,15.41,5274984
19 Apr 2018,27.51,27.67,27.43,27.53,15.44,10632958
18 Apr 2018,26.78,26.88,26.69,26.77,15.01,5093294
17 Apr 2018,26.62,26.84,26.54,26.65,14.94,5974170
16 Apr 2018,26.92,27.05,26.51,26.69,14.97,7541620
13 Apr 2018,26.56,26.65,26.47,26.47,14.84,4684805
12 Apr 2018,26.48,26.53,26.34,26.39,14.80,6404881
11 Apr 2018,26.28,26.45,26.17,26.21,14.70,9475582
10 Apr 2018,25.18,25.91,25.15,25.71,14.42,8734423
09 Apr 2018,25.29,25.52,25.26,25.52,14.31,5264747
06 Apr 2018,25.55,25.63,25.21,25.50,14.30,6035924
05 Apr 2018,25.61,25.71,25.33,25.39,14.24,8258642
04 Apr 2018,25.63,25.70,25.47,25.56,14.34,7665141
03 Apr 2018,25.29,25.71,25.28,25.56,14.34,11327025
29 Mar 2018,25.48,25.48,25.05,25.12,14.09,12352726
28 Mar 2018,25.76,25.76,25.47,25.53,14.32,7211082
27 Mar 2018,25.83,25.85,25.50,25.81,14.47,7624556
26 Mar 2018,25.37,25.64,25.37,25.47,14.28,7898541
23 Mar 2018,25.54,25.63,25.34,25.62,14.37,11058531
22 Mar 2018,26.28,26.61,26.23,26.45,14.83,12291755
21 Mar 2018,26.08,26.13,25.73,25.75,14.44,7686119
20 Mar 2018,25.58,25.59,25.31,25.53,14.32,5820147
19 Mar 2018,26.20,26.27,26.03,26.03,14.59,5985028
16 Mar 2018,25.82,26.02,25.76,25.96,14.56,10726717
15 Mar 2018,25.60,25.85,25.39,25.70,14.41,9850441
14 Mar 2018,25.39,25.56,25.33,25.50,14.30,5238734
13 Mar 2018,25.66,25.73,25.29,25.53,14.32,8449671
12 Mar 2018,25.82,25.96,25.73,25.74,14.43,7169339
09 Mar 2018,25.46,25.68,25.11,25.22,14.14,9259286
08 Mar 2018,25.64,25.73,25.47,25.66,14.39,8565541
07 Mar 2018,26.45,26.46,26.14,26.20,14.29,7526991
06 Mar 2018,26.41,26.85,26.34,26.46,14.44,8215230
05 Mar 2018,26.05,26.14,25.86,25.92,14.14,8628278
02 Mar 2018,26.45,26.62,26.28,26.38,14.40,11192402
01 Mar 2018,26.80,26.94,26.71,26.80,14.62,6729122
28 Feb 2018,27.55,27.64,27.16,27.16,14.82,10663474
27 Feb 2018,27.60,27.97,27.57,27.70,15.11,7933181
26 Feb 2018,27.50,27.56,27.19,27.48,14.99,7433373
23 Feb 2018,27.10,27.48,27.03,27.32,14.91,14773461
22 Feb 2018,26.61,26.96,26.52,26.89,14.67,12913272
21 Feb 2018,26.51,26.68,26.40,26.54,14.48,14619629
20 Feb 2018,27.56,27.91,27.48,27.87,15.21,9635468
19 Feb 2018,27.60,28.05,27.49,27.99,15.27,7313920
16 Feb 2018,28.08,28.14,27.84,28.07,15.31,6680249
15 Feb 2018,27.60,28.03,27.47,27.95,15.25,12093322
14 Feb 2018,26.75,26.93,26.65,26.73,14.59,5340234
13 Feb 2018,26.58,26.70,26.49,26.62,14.53,6919349
12 Feb 2018,26.11,26.56,25.96,26.32,14.36,7467092
09 Feb 2018,25.78,26.02,25.69,25.94,14.15,8913847
08 Feb 2018,26.18,26.28,26.03,26.22,14.31,9111037
07 Feb 2018,26.77,26.91,26.52,26.59,14.51,10158504
06 Feb 2018,26.13,26.27,25.83,26.12,14.25,16382768
05 Feb 2018,26.80,26.85,26.56,26.85,14.65,8334026
02 Feb 2018,27.30,27.57,27.27,27.43,14.97,5609714
01 Feb 2018,27.09,27.42,27.01,27.30,14.90,9343984
31 Jan 2018,26.89,26.95,26.73,26.89,14.67,9369744
30 Jan 2018,27.16,27.24,26.94,27.01,14.74,8531491
29 Jan 2018,27.42,27.46,27.35,27.36,14.93,6316063
25 Jan 2018,27.47,27.65,27.43,27.47,14.99,11882928
24 Jan 2018,27.27,27.41,27.19,27.32,14.91,11189008
23 Jan 2018,27.46,27.49,27.30,27.42,14.96,5486626
22 Jan 2018,27.61,27.71,27.34,27.41,14.95,5497384
19 Jan 2018,27.47,27.58,27.31,27.33,14.91,4956536
18 Jan 2018,27.64,27.82,27.41,27.41,14.95,7325751
17 Jan 2018,27.42,27.57,27.16,27.37,14.94,12353869
16 Jan 2018,28.45,28.48,28.06,28.19,15.38,8528249
15 Jan 2018,28.55,28.64,28.25,28.40,15.50,7598664
12 Jan 2018,27.96,28.16,27.94,28.07,15.32,8073786
11 Jan 2018,27.54,27.66,27.35,27.46,14.98,6386719
10 Jan 2018,27.80,27.86,27.51,27.57,15.04,8058349
09 Jan 2018,27.51,27.73,27.46,27.66,15.09,8077944
08 Jan 2018,27.20,27.30,27.10,27.20,14.84,3677542
05 Jan 2018,27.29,27.33,27.17,27.23,14.86,6553946
04 Jan 2018,27.09,27.25,26.98,27.01,14.74,6178215
03 Jan 2018,26.93,27.02,26.86,26.87,14.66,7624353
02 Jan 2018,26.27,26.49,26.27,26.43,14.42,3653331
