Date,Open,High,Low,Close,Adj Close,Volume
30 Dec 2025,162.25,163.10,161.09,161.29,156.52,995378
29 Dec 2025,161.31,162.24,160.49,160.49,155.74,1091076
24 Dec 2025,161.33,161.50,160.33,161.39,156.62,653329
23 Dec 2025,158.55,161.80,158.55,161.73,156.95,1520620
22 Dec 2025,158.00,159.68,157.24,158.26,153.58,1396340
19 Dec 2025,155.97,157.75,155.52,157.75,153.08,5814764
18 Dec 2025,154.00,155.00,153.11,155.00,150.41,2309599
17 Dec 2025,152.94,154.78,152.76,153.86,149.31,1835147
16 Dec 2025,156.77,157.51,154.22,155.13,150.54,1721004
15 Dec 2025,154.10,155.43,154.00,155.08,150.49,1048391
12 Dec 2025,153.49,156.38,153.02,155.96,151.35,1728685
11 Dec 2025,153.20,154.00,152.63,152.74,148.22,2198502
10 Dec 2025,154.29,154.92,153.24,153.82,149.27,1296242
09 Dec 2025,155.30,155.30,153.50,154.53,149.96,1592640
08 Dec 2025,152.70,155.42,152.70,155.42,150.82,1410145
05 Dec 2025,151.65,154.54,151.60,154.21,149.65,1447667
04 Dec 2025,152.09,153.22,150.38,153.22,148.69,1787486
03 Dec 2025,151.90,153.38,151.84,152.05,147.55,1590886
02 Dec 2025,151.60,153.08,151.56,152.24,147.74,1674717
01 Dec 2025,152.20,153.27,151.53,151.64,147.15,1103917
28 Nov 2025,153.57,154.10,152.07,152.51,148.00,1783139
27 Nov 2025,153.04,155.40,153.00,154.24,149.68,938539
26 Nov 2025,154.50,154.93,153.14,153.52,148.98,1673387
25 Nov 2025,154.96,154.96,152.37,153.14,148.61,1690417
24 Nov 2025,153.50,156.00,153.49,154.96,150.38,5520380
21 Nov 2025,152.00,153.72,150.92,153.06,148.53,2856997
20 Nov 2025,151.80,153.89,151.63,153.00,148.47,2008837
19 Nov 2025,152.10,152.71,150.48,151.30,146.82,1878675
18 Nov 2025,154.00,154.00,152.16,153.22,148.69,2442731
17 Nov 2025,156.88,158.38,154.63,155.79,151.18,1715618
14 Nov 2025,157.78,158.08,155.91,157.30,152.65,2261514
13 Nov 2025,158.32,160.34,158.07,160.19,155.45,3300653
12 Nov 2025,163.50,164.12,158.38,158.38,153.69,4397031
11 Nov 2025,174.60,174.84,163.39,163.40,158.57,4465748
10 Nov 2025,175.90,176.03,174.88,174.92,169.75,1888039
07 Nov 2025,177.00,177.79,175.55,175.91,170.71,2471564
06 Nov 2025,177.30,179.15,176.73,178.57,173.29,2040104
05 Nov 2025,175.50,177.36,174.26,176.35,171.13,2254770
04 Nov 2025,174.00,175.37,172.42,174.11,168.96,1571243
03 Nov 2025,170.95,175.64,170.16,175.54,170.35,1974438
31 Oct 2025,171.91,173.74,171.17,171.64,166.56,2043532
30 Oct 2025,169.23,172.04,169.16,170.53,165.49,1330626
29 Oct 2025,174.04,174.80,169.88,170.40,165.36,1604192
28 Oct 2025,173.61,175.86,173.60,174.02,168.87,1815291
27 Oct 2025,171.34,172.80,170.87,171.67,166.59,1080850
24 Oct 2025,171.78,172.40,170.02,170.37,165.33,1358579
23 Oct 2025,172.80,173.35,170.22,171.66,166.58,1428388
22 Oct 2025,173.49,174.88,173.40,174.15,169.00,1801032
21 Oct 2025,173.00,174.36,171.87,173.56,168.43,2192193
20 Oct 2025,168.53,172.73,167.51,172.70,167.59,2145323
17 Oct 2025,167.50,168.96,167.25,168.32,163.34,2260083
16 Oct 2025,169.22,170.95,167.07,168.10,163.13,2206440
15 Oct 2025,166.32,167.70,165.51,166.78,161.85,1632380
14 Oct 2025,164.90,165.00,161.82,164.40,159.54,1900819
13 Oct 2025,167.80,168.33,164.84,165.19,160.30,1294090
10 Oct 2025,167.67,169.20,167.35,168.34,163.36,1481754
09 Oct 2025,168.77,169.18,167.22,167.31,162.36,2169123
08 Oct 2025,169.25,170.63,169.04,169.42,164.41,1242369
07 Oct 2025,168.82,170.10,167.55,169.34,164.33,1359513
06 Oct 2025,170.94,171.86,169.31,169.96,164.93,793906
03 Oct 2025,168.75,171.00,168.50,170.38,165.34,1492004
02 Oct 2025,167.64,170.95,167.40,169.82,164.80,1995544
01 Oct 2025,166.52,167.84,165.12,167.06,162.12,1720182
30 Sep 2025,167.15,168.23,165.81,166.90,161.96,1882707
29 Sep 2025,165.00,169.38,164.76,168.43,163.45,1809099
26 Sep 2025,164.14,165.21,163.19,164.88,160.00,1546068
25 Sep 2025,163.69,164.88,162.54,163.74,158.90,1607175
24 Sep 2025,165.95,166.80,163.19,164.53,159.66,2009907
23 Sep 2025,166.00,168.68,164.96,166.87,161.93,1375851
22 Sep 2025,166.45,167.40,164.93,165.57,160.67,1272323
19 Sep 2025,166.52,166.95,165.43,166.17,161.25,4607592
18 Sep 2025,167.70,168.35,164.33,164.33,159.47,2379309
17 Sep 2025,168.42,169.16,167.90,168.15,163.18,1613610
16 Sep 2025,169.10,169.13,167.78,168.33,163.35,1390961
15 Sep 2025,168.69,168.98,167.74,168.90,163.90,1867293
12 Sep 2025,167.41,170.00,167.36,169.97,164.94,1236459
11 Sep 2025,168.59,168.59,166.82,167.77,162.81,1257595
10 Sep 2025,167.00,169.17,166.91,168.54,163.55,1448532
09 Sep 2025,168.24,168.24,165.38,166.08,161.17,1967975
08 Sep 2025,168.00,168.24,166.59,168.24,163.26,1221001
05 Sep 2025,169.27,169.60,167.25,168.14,163.17,1407522
04 Sep 2025,166.05,168.21,165.01,168.00,163.03,1657956
03 Sep 2025,169.00,169.28,164.30,164.55,159.68,2536459
02 Sep 2025,168.75,171.70,168.67,170.46,165.42,1294405
01 Sep 2025,170.58,171.59,168.08,168.95,163.95,1183192
29 Aug 2025,172.06,172.78,170.30,170.30,165.26,2230286
28 Aug 2025,170.37,173.35,170.16,173.35,168.22,1558387
27 Aug 2025,170.24,171.49,169.27,169.83,164.81,1134394
26 Aug 2025,170.30,171.76,168.80,169.08,164.08,2527097
25 Aug 2025,173.95,174.10,169.30,170.30,165.26,2121993
22 Aug 2025,173.67,174.50,172.50,172.84,167.73,3023915
21 Aug 2025,174.23,174.40,172.03,173.80,168.66,2274857
20 Aug 2025,169.01,174.14,168.96,172.40,167.30,3195377
19 Aug 2025,171.20,171.83,170.22,171.05,163.47,2161338
18 Aug 2025,168.33,170.31,168.12,170.19,162.64,1664555
15 Aug 2025,166.75,168.73,165.24,168.17,160.71,3133677
14 Aug 2025,167.12,168.97,166.55,167.21,159.80,2943953
13 Aug 2025,176.88,177.70,167.43,169.12,161.62,4412606
12 Aug 2025,178.60,180.00,178.05,178.80,170.87,1888777
11 Aug 2025,177.10,178.60,176.65,178.60,170.68,1129524
08 Aug 2025,176.93,177.98,176.20,176.61,168.78,1239266
07 Aug 2025,179.30,179.54,177.63,178.13,170.23,1188987
06 Aug 2025,177.60,179.86,177.45,179.08,171.14,1244593
05 Aug 2025,175.68,177.63,175.06,177.34,169.48,1356835
04 Aug 2025,174.00,174.93,173.43,174.93,167.17,1178894
01 Aug 2025,176.00,176.86,174.62,175.06,167.30,1725512
31 Jul 2025,177.11,178.19,176.11,177.91,170.02,1918660
30 Jul 2025,173.97,177.60,173.25,176.99,169.14,1817808
29 Jul 2025,173.88,174.64,172.53,174.29,166.56,1313893
28 Jul 2025,172.50,174.90,171.60,174.90,167.15,1249203
25 Jul 2025,173.40,173.61,170.97,172.87,165.21,1626092
24 Jul 2025,173.97,174.74,172.26,173.47,165.78,1622393
23 Jul 2025,172.59,173.85,170.67,173.30,165.62,2172774
22 Jul 2025,177.89,177.99,171.55,172.42,164.78,2384136
21 Jul 2025,181.50,181.60,176.90,177.87,169.98,1341894
18 Jul 2025,180.48,183.47,180.00,182.46,174.37,3632614
17 Jul 2025,178.50,180.80,178.00,180.80,172.78,2856557
16 Jul 2025,178.00,178.80,177.16,177.57,169.70,1592632
15 Jul 2025,179.50,180.40,178.85,179.76,171.79,1012788
14 Jul 2025,179.10,180.32,178.12,178.72,170.80,897592
11 Jul 2025,180.57,180.74,178.41,179.42,171.47,1396922
10 Jul 2025,179.48,181.59,179.00,180.37,172.37,1506974
09 Jul 2025,178.30,180.00,177.03,178.90,170.97,1361633
08 Jul 2025,177.08,179.90,176.84,179.28,171.33,2169151
07 Jul 2025,177.57,179.01,176.98,177.81,169.93,1233379
04 Jul 2025,179.51,180.49,176.44,178.00,170.11,2022811
03 Jul 2025,182.41,182.41,179.58,179.69,171.72,1989031
02 Jul 2025,183.00,183.85,180.51,183.67,175.53,3202955
01 Jul 2025,184.21,184.31,181.40,182.58,174.49,2968299
30 Jun 2025,185.36,186.83,183.41,184.75,176.56,2762322
27 Jun 2025,190.50,191.06,185.36,185.36,177.14,2059721
26 Jun 2025,190.49,191.88,190.26,190.71,182.26,1926397
25 Jun 2025,189.84,192.00,189.02,191.40,182.91,2247175
24 Jun 2025,185.19,188.60,184.95,188.13,179.79,2243842
23 Jun 2025,182.00,184.41,180.83,184.35,176.18,1407371
20 Jun 2025,182.51,183.00,180.13,182.53,174.44,6388012
19 Jun 2025,180.88,183.31,180.16,182.85,174.74,2085226
18 Jun 2025,178.92,181.30,178.30,180.18,172.19,1798143
17 Jun 2025,179.00,179.49,178.02,179.14,171.20,1402425
16 Jun 2025,178.50,179.68,178.23,179.41,171.46,1159837
13 Jun 2025,180.53,181.48,178.82,179.35,171.40,1725793
12 Jun 2025,182.01,182.80,180.53,180.53,172.53,1817457
11 Jun 2025,182.65,183.19,181.11,181.40,173.36,1412451
10 Jun 2025,180.00,182.25,178.55,182.00,173.93,2839373
06 Jun 2025,180.70,181.00,179.00,179.90,171.92,1820710
05 Jun 2025,181.20,182.00,179.61,181.34,173.30,1689652
04 Jun 2025,179.04,181.39,178.30,181.10,173.07,2142069
03 Jun 2025,177.82,178.64,176.72,178.64,170.72,1701236
02 Jun 2025,175.90,176.42,175.20,176.42,168.60,1055676
30 May 2025,174.25,176.46,173.96,175.95,168.15,5011347
29 May 2025,174.49,175.27,172.57,174.44,166.71,1156865
28 May 2025,175.94,176.64,173.79,173.79,166.09,1440731
27 May 2025,174.40,175.50,173.38,175.34,167.57,1236086
26 May 2025,173.50,174.12,172.65,173.88,166.17,765883
23 May 2025,172.72,174.65,172.29,173.84,166.13,1672870
22 May 2025,173.48,173.94,171.98,172.72,165.06,1853995
21 May 2025,173.10,176.46,172.77,174.98,167.22,2582355
20 May 2025,173.00,173.54,171.32,172.43,164.79,1796398
19 May 2025,169.66,171.64,169.49,171.36,163.76,1535720
16 May 2025,172.71,172.92,168.78,169.66,162.14,3762751
15 May 2025,168.97,169.74,166.62,169.74,162.21,2752729
14 May 2025,167.27,167.81,166.35,167.50,160.07,1954555
13 May 2025,167.59,168.00,165.25,166.14,158.77,1415682
12 May 2025,168.30,168.81,166.99,167.18,159.77,1165001
09 May 2025,165.59,167.64,165.09,167.04,159.63,1823621
08 May 2025,164.90,166.00,164.10,165.51,158.17,2728312
07 May 2025,167.10,168.12,165.96,165.96,158.60,3183649
06 May 2025,166.08,167.00,165.65,166.74,159.35,1208101
05 May 2025,169.28,169.49,165.47,166.93,159.53,1826786
02 May 2025,167.63,169.75,167.52,169.66,162.14,2436302
01 May 2025,166.57,168.28,165.94,167.25,159.84,1809325
30 Apr 2025,163.67,166.60,163.25,166.60,159.21,3925047
29 Apr 2025,162.75,163.95,162.47,162.98,155.75,1617274
28 Apr 2025,166.52,166.54,162.50,162.85,155.63,2730886
24 Apr 2025,165.02,165.98,163.40,164.72,157.42,1863637
23 Apr 2025,168.42,168.70,163.77,163.77,156.51,2891637
22 Apr 2025,159.80,168.00,159.31,168.00,160.55,5974009
17 Apr 2025,159.72,161.25,159.05,161.25,154.10,1964171
16 Apr 2025,158.08,160.00,157.79,159.32,152.26,2008112
15 Apr 2025,157.89,160.47,157.39,158.04,151.03,1866228
14 Apr 2025,155.39,157.63,154.90,157.29,150.32,1938840
11 Apr 2025,150.75,155.50,149.28,154.68,147.82,4265891
10 Apr 2025,157.02,157.44,153.45,154.53,147.68,2783794
09 Apr 2025,145.01,150.22,145.01,149.14,142.53,2725662
08 Apr 2025,146.52,148.46,144.23,148.46,141.88,3194841
07 Apr 2025,144.08,146.81,140.21,144.41,138.01,3802825
04 Apr 2025,153.69,156.20,153.26,154.00,147.17,3504025
03 Apr 2025,151.82,156.37,151.51,156.37,149.44,2343479
02 Apr 2025,154.54,154.84,153.22,154.82,147.96,2165184
01 Apr 2025,151.01,153.23,150.41,153.23,146.44,2083216
31 Mar 2025,149.50,151.10,147.94,150.93,144.24,2709628
28 Mar 2025,149.60,150.43,148.61,150.43,143.76,1796660
27 Mar 2025,149.23,150.04,148.38,150.04,143.39,1722640
26 Mar 2025,149.90,151.17,149.39,150.23,143.57,2043159
25 Mar 2025,148.45,149.77,147.90,148.63,142.04,1599602
24 Mar 2025,146.75,147.85,146.29,147.63,141.09,1308316
21 Mar 2025,145.70,146.95,145.20,145.60,139.15,6482426
20 Mar 2025,143.91,146.00,143.68,145.93,139.46,3402826
19 Mar 2025,142.89,144.47,142.54,142.77,136.44,1612901
18 Mar 2025,145.39,146.50,143.54,144.20,137.81,1552183
17 Mar 2025,143.89,144.66,143.29,144.66,138.25,1734195
14 Mar 2025,142.57,144.03,141.41,142.36,136.05,2741381
13 Mar 2025,145.01,145.57,143.67,144.00,137.62,2669521
12 Mar 2025,145.75,145.84,142.98,144.80,138.38,2922633
11 Mar 2025,145.69,148.13,144.40,146.92,140.41,2523185
10 Mar 2025,149.20,149.58,147.41,148.14,141.57,1456710
07 Mar 2025,150.88,150.96,147.22,148.50,141.92,2627604
06 Mar 2025,156.44,156.88,153.59,153.59,146.78,2374229
05 Mar 2025,156.36,156.98,154.40,156.39,149.46,1730411
04 Mar 2025,157.32,157.76,155.68,157.76,150.77,1467357
03 Mar 2025,158.40,158.40,155.29,157.13,150.16,1846285
28 Feb 2025,155.90,157.68,154.66,156.74,149.79,5342538
27 Feb 2025,155.90,156.29,154.80,156.29,149.36,1580374
26 Feb 2025,154.50,156.60,153.45,156.26,149.33,1504902
25 Feb 2025,155.94,156.46,152.99,154.27,147.43,1762476
24 Feb 2025,149.90,156.23,148.98,156.23,149.30,2875480
21 Feb 2025,156.00,156.12,151.42,151.73,145.00,3845525
20 Feb 2025,159.04,159.37,155.73,155.73,148.83,2747437
19 Feb 2025,158.75,160.73,156.59,158.94,151.89,3262757
18 Feb 2025,165.00,165.45,162.20,162.60,153.24,2577577
17 Feb 2025,164.99,165.14,162.02,164.97,155.47,1976104
14 Feb 2025,167.92,167.92,165.00,165.44,155.92,2390053
13 Feb 2025,165.77,167.61,164.61,166.72,157.12,1843099
12 Feb 2025,161.24,165.98,159.81,165.98,156.43,2199814
11 Feb 2025,162.02,163.03,161.61,162.16,152.83,1530120
10 Feb 2025,160.91,162.84,160.33,162.83,153.46,1431527
07 Feb 2025,161.64,162.98,161.13,162.67,153.31,1676158
06 Feb 2025,159.98,162.64,159.82,162.64,153.28,2051681
05 Feb 2025,158.31,159.07,157.65,158.57,149.44,1594857
04 Feb 2025,159.60,159.69,157.70,157.70,148.62,1174484
03 Feb 2025,156.50,159.29,156.17,158.13,149.03,1299935
31 Jan 2025,160.61,161.43,159.84,160.56,151.32,2896059
30 Jan 2025,159.35,160.61,158.82,160.61,151.37,1206445
29 Jan 2025,160.68,160.78,159.09,159.09,149.93,1318566
28 Jan 2025,159.67,160.37,159.18,159.28,150.11,1619685
24 Jan 2025,158.70,159.46,158.50,158.65,149.52,1821566
23 Jan 2025,157.97,158.00,156.40,157.85,148.76,1088333
22 Jan 2025,157.25,158.45,156.70,157.75,148.67,1263536
21 Jan 2025,155.00,157.96,154.73,156.20,147.21,1191280
20 Jan 2025,154.69,155.48,153.35,155.06,146.14,887899
17 Jan 2025,155.15,155.60,153.39,153.90,145.04,3930360
16 Jan 2025,154.30,155.80,153.88,155.75,146.79,2662759
15 Jan 2025,154.33,154.33,151.27,151.27,142.56,1189652
14 Jan 2025,154.36,154.50,151.00,151.96,143.21,1203687
13 Jan 2025,153.63,154.42,151.24,152.76,143.97,1493414
10 Jan 2025,159.50,159.80,155.57,156.05,147.07,1887834
09 Jan 2025,158.13,159.29,157.97,158.79,149.65,1243612
08 Jan 2025,156.50,161.70,155.84,159.75,150.56,2260821
07 Jan 2025,156.50,157.66,155.97,157.11,148.07,1035090
06 Jan 2025,156.00,156.76,155.24,156.02,147.04,1032059
03 Jan 2025,154.53,155.65,153.60,155.03,146.11,888021
02 Jan 2025,153.25,153.98,152.50,153.57,144.73,878386
31 Dec 2024,154.09,154.43,153.25,153.25,144.43,853239
30 Dec 2024,155.42,155.73,154.07,155.08,146.15,817557
27 Dec 2024,155.65,156.21,154.72,156.21,147.22,1175643
24 Dec 2024,154.38,155.47,153.87,155.12,146.19,679055
23 Dec 2024,151.99,154.68,151.51,154.68,145.78,1324530
20 Dec 2024,155.57,155.73,150.26,150.26,141.61,7340421
19 Dec 2024,157.00,157.45,155.50,155.99,147.01,3458022
18 Dec 2024,161.10,161.37,159.03,159.73,150.54,1827986
17 Dec 2024,158.61,161.29,158.00,161.13,151.86,2381043
16 Dec 2024,158.30,158.93,157.63,158.64,149.51,1709323
13 Dec 2024,157.00,158.28,156.30,158.21,149.10,1347793
12 Dec 2024,157.69,158.53,157.12,157.52,148.45,1065886
11 Dec 2024,157.92,158.12,156.41,157.52,148.45,1478648
10 Dec 2024,158.30,158.35,155.45,157.63,148.56,2413796
09 Dec 2024,157.00,159.38,155.92,159.38,150.21,1679852
06 Dec 2024,158.68,158.98,157.06,157.06,148.02,1645382
05 Dec 2024,158.25,158.40,157.68,157.99,148.90,1357790
04 Dec 2024,156.78,157.32,156.14,156.93,147.90,1233214
03 Dec 2024,158.51,159.19,157.78,157.78,148.70,1926463
02 Dec 2024,159.50,159.50,157.58,158.19,149.08,1160349
29 Nov 2024,157.00,158.58,156.51,158.58,149.45,2141565
28 Nov 2024,158.53,159.45,158.04,158.58,149.45,1379244
27 Nov 2024,156.00,157.80,155.90,157.57,148.50,1932684
26 Nov 2024,160.00,160.00,154.10,154.46,145.57,2006021
25 Nov 2024,160.00,160.27,158.34,160.14,150.92,3945712
22 Nov 2024,157.01,159.16,156.64,159.03,149.88,3988790
21 Nov 2024,156.67,157.05,154.88,156.24,147.25,1859501
20 Nov 2024,155.61,156.89,155.14,156.38,147.38,1749644
19 Nov 2024,153.00,157.28,152.42,155.61,146.65,2361297
18 Nov 2024,153.38,153.89,152.05,153.02,144.21,2012422
15 Nov 2024,154.00,154.95,152.53,155.13,146.20,2493400
14 Nov 2024,150.89,152.84,150.43,152.84,144.04,1822727
13 Nov 2024,148.05,149.62,147.65,149.62,141.01,1812592
12 Nov 2024,150.60,150.85,148.75,150.25,141.60,1574831
11 Nov 2024,149.30,150.35,148.86,149.79,141.17,2056899
08 Nov 2024,148.41,149.73,147.41,149.32,140.73,1953987
07 Nov 2024,145.99,147.26,143.90,147.26,138.78,1775473
06 Nov 2024,144.50,145.60,144.32,145.46,137.09,1384689
05 Nov 2024,144.35,144.40,142.80,143.85,135.57,1165546
04 Nov 2024,142.89,144.44,141.03,144.35,136.04,1396336
01 Nov 2024,141.65,142.22,140.40,142.09,133.91,1495906
31 Oct 2024,142.23,143.65,141.65,142.75,134.53,2175927
30 Oct 2024,144.00,144.00,141.80,142.93,134.70,1231647
29 Oct 2024,143.40,144.48,142.99,144.17,135.87,1941541
28 Oct 2024,144.00,144.12,142.23,142.86,134.64,1013407
25 Oct 2024,143.77,144.17,142.83,144.02,135.73,1271615
24 Oct 2024,141.76,144.00,141.36,143.43,135.17,1337219
23 Oct 2024,140.66,141.93,140.57,141.78,133.62,741238
22 Oct 2024,143.11,143.92,141.01,141.23,133.10,1577016
21 Oct 2024,143.50,144.45,143.10,144.45,136.14,1753172
18 Oct 2024,141.90,142.85,141.46,142.85,134.63,3075255
17 Oct 2024,141.30,142.00,140.35,142.00,133.83,3271793
16 Oct 2024,138.90,140.27,138.40,139.80,131.75,1708261
15 Oct 2024,138.41,139.69,137.95,139.29,131.27,1849572
14 Oct 2024,136.90,137.20,136.03,136.82,128.94,1020864
11 Oct 2024,135.88,136.07,134.88,135.64,127.83,1423248
10 Oct 2024,136.66,136.95,135.82,136.19,128.35,1622621
09 Oct 2024,136.48,136.57,135.60,135.63,127.82,1218703
08 Oct 2024,134.37,136.03,133.51,134.97,127.20,1587040
07 Oct 2024,133.82,135.08,133.13,134.77,127.01,934904
04 Oct 2024,133.10,133.50,132.52,132.74,125.10,1502412
03 Oct 2024,135.40,135.40,134.25,134.61,126.86,1851459
02 Oct 2024,132.16,134.19,132.10,134.19,126.47,2344849
01 Oct 2024,135.00,135.00,132.68,133.34,125.67,1744679
30 Sep 2024,134.50,136.11,134.32,135.39,127.60,3416736
27 Sep 2024,134.30,134.50,133.00,134.16,126.44,2154557
26 Sep 2024,135.99,136.49,133.42,134.35,126.62,2993957
25 Sep 2024,138.00,138.44,134.50,134.89,127.13,3752515
24 Sep 2024,142.51,142.89,138.06,138.06,130.11,3339377
23 Sep 2024,143.55,143.79,142.31,142.39,134.19,1459099
20 Sep 2024,144.50,144.83,143.57,144.50,136.18,6443818
19 Sep 2024,144.50,145.00,143.18,144.02,135.73,3443075
18 Sep 2024,142.65,143.75,142.36,143.32,135.07,1505418
17 Sep 2024,144.00,144.00,143.03,143.04,134.81,1556054
16 Sep 2024,142.05,143.12,141.85,142.99,134.76,1751879
13 Sep 2024,143.40,143.58,140.94,141.65,133.50,1991893
12 Sep 2024,141.96,143.07,141.66,142.96,134.73,1811911
11 Sep 2024,143.40,143.49,140.79,141.05,132.93,2649391
10 Sep 2024,144.06,145.24,143.19,143.77,135.49,2029126
09 Sep 2024,140.87,143.00,140.50,142.95,134.72,1988596
06 Sep 2024,141.78,144.25,141.40,143.47,135.21,2666532
05 Sep 2024,140.63,141.85,140.34,141.35,133.21,1585378
04 Sep 2024,141.50,141.57,139.04,139.94,131.89,2211376
03 Sep 2024,141.64,143.38,141.45,143.38,135.13,1892624
02 Sep 2024,139.35,141.87,138.67,141.77,133.61,1751323
30 Aug 2024,139.45,139.88,139.00,139.50,131.47,4322628
29 Aug 2024,138.35,139.33,138.03,138.80,130.81,2115830
28 Aug 2024,136.95,138.57,136.20,138.57,130.59,2608279
27 Aug 2024,138.34,138.49,136.80,137.43,129.52,2163558
26 Aug 2024,137.51,139.29,137.18,138.81,130.82,1888745
23 Aug 2024,136.40,136.80,135.85,136.80,128.93,1738992
22 Aug 2024,136.95,136.99,135.98,136.46,128.61,1565951
21 Aug 2024,138.22,138.37,135.65,136.03,128.20,3533301
20 Aug 2024,140.25,141.34,139.02,139.60,129.21,1651316
19 Aug 2024,137.72,139.25,137.37,139.25,128.88,1937287
16 Aug 2024,137.04,138.13,136.54,138.13,127.85,4427410
15 Aug 2024,134.00,136.09,133.94,134.90,124.86,2248327
14 Aug 2024,134.50,134.59,132.71,134.21,124.22,1734568
13 Aug 2024,130.43,132.52,130.23,132.52,122.66,1465262
12 Aug 2024,130.70,131.04,130.15,130.53,120.81,886756
09 Aug 2024,130.00,130.23,128.88,129.55,119.91,1941651
08 Aug 2024,127.35,129.11,126.96,129.11,119.50,1663083
07 Aug 2024,126.88,128.21,126.73,127.34,117.86,1843515
06 Aug 2024,125.50,128.42,125.50,127.69,118.19,2570052
05 Aug 2024,130.60,130.78,124.89,124.89,115.59,3591234
02 Aug 2024,133.50,134.25,131.66,132.46,122.60,3839143
01 Aug 2024,138.21,138.24,136.27,136.27,126.13,1586163
31 Jul 2024,136.34,137.53,135.60,137.49,127.26,2235562
30 Jul 2024,133.51,135.95,133.29,135.95,125.83,1937077
29 Jul 2024,133.83,134.90,133.80,134.90,124.86,1391737
26 Jul 2024,133.36,133.46,132.53,133.14,123.23,1901929
25 Jul 2024,131.35,132.60,131.20,132.60,122.73,1796200
24 Jul 2024,132.60,133.10,132.27,132.78,122.90,1130255
23 Jul 2024,132.59,133.31,132.10,133.14,123.23,1351942
22 Jul 2024,130.51,131.68,130.18,131.68,121.88,1192662
19 Jul 2024,130.86,131.63,130.40,131.63,121.83,4022762
18 Jul 2024,133.24,134.00,131.91,132.66,122.79,2061262
17 Jul 2024,132.50,134.25,132.00,133.50,123.56,1919380
16 Jul 2024,132.43,133.08,132.02,132.44,122.58,1732649
15 Jul 2024,132.75,133.30,131.90,132.69,122.81,1364623
12 Jul 2024,130.80,131.84,129.89,131.66,121.86,1965561
11 Jul 2024,130.17,130.30,129.30,129.92,120.25,1598054
10 Jul 2024,128.00,128.54,127.26,128.54,118.97,1246766
09 Jul 2024,127.50,128.97,126.98,128.69,119.11,1781761
08 Jul 2024,126.90,127.17,126.09,126.47,117.06,1027669
05 Jul 2024,127.58,127.85,126.65,127.10,117.64,1084617
04 Jul 2024,126.51,127.86,126.19,127.86,118.34,1394064
03 Jul 2024,126.23,126.44,124.80,125.38,116.05,1441307
02 Jul 2024,125.80,126.20,125.40,125.66,116.31,1457744
01 Jul 2024,126.44,126.53,125.43,126.20,116.81,1585105
28 Jun 2024,127.00,127.61,126.27,127.38,117.90,2190551
27 Jun 2024,125.00,126.20,124.35,126.20,116.81,2021794
26 Jun 2024,127.64,128.09,126.64,126.90,117.45,1900389
25 Jun 2024,128.11,128.68,127.51,128.63,119.06,2092832
24 Jun 2024,127.60,127.99,126.80,126.80,117.36,1767854
21 Jun 2024,128.00,128.25,125.90,127.68,118.18,7145883
20 Jun 2024,126.65,127.84,126.53,127.75,118.24,3548847
19 Jun 2024,127.79,127.88,126.77,126.94,117.49,2012104
18 Jun 2024,126.58,127.99,126.20,127.98,118.45,2236320
17 Jun 2024,124.99,125.60,124.76,125.49,116.15,1531082
14 Jun 2024,125.36,125.60,124.85,125.31,115.98,1597350
13 Jun 2024,125.33,125.69,124.90,125.48,116.14,2582193
12 Jun 2024,124.35,124.60,123.40,124.10,114.86,1809137
11 Jun 2024,124.05,125.03,123.72,124.93,115.63,2514626
07 Jun 2024,125.00,125.55,124.08,125.55,116.20,1414714
06 Jun 2024,124.50,125.97,124.21,124.85,115.56,2636419
05 Jun 2024,123.17,123.95,122.82,123.47,114.28,2389848
04 Jun 2024,121.15,122.49,121.05,122.46,113.34,2230997
03 Jun 2024,120.34,121.29,120.22,121.29,112.26,1686338
31 May 2024,118.80,119.54,118.53,119.54,110.64,3397759
30 May 2024,117.10,118.42,116.64,117.99,109.21,1327847
29 May 2024,119.38,119.49,117.89,118.34,109.53,1768394
28 May 2024,120.09,120.33,119.51,120.31,111.35,1699877
27 May 2024,119.73,120.33,119.73,120.10,111.16,1111552
24 May 2024,119.02,119.50,118.08,118.87,110.02,1902826
23 May 2024,120.72,121.00,120.23,120.73,111.74,1535204
22 May 2024,122.07,122.35,121.30,121.50,112.46,1428336
21 May 2024,121.69,121.79,120.92,121.79,112.72,1554701
20 May 2024,121.00,121.86,120.95,121.77,112.71,1224873
17 May 2024,121.50,121.79,120.34,121.04,112.03,3747916
16 May 2024,121.00,122.55,120.20,122.26,113.16,3208604
15 May 2024,119.50,120.07,119.28,119.93,111.00,1820801
14 May 2024,118.70,119.33,118.54,119.33,110.45,1472592
13 May 2024,117.54,119.12,117.06,119.12,110.25,1751999
10 May 2024,117.71,118.35,117.25,117.54,108.79,1483110
09 May 2024,119.70,119.70,117.09,117.09,108.37,1837558
08 May 2024,119.50,119.90,118.46,119.74,110.83,2104415
07 May 2024,117.57,119.00,116.89,119.00,110.14,2692665
06 May 2024,116.01,116.59,115.78,116.59,107.91,1426516
03 May 2024,115.76,115.76,114.74,115.23,106.65,1212181
02 May 2024,114.69,115.84,114.02,115.00,106.44,1545052
01 May 2024,113.60,114.11,113.00,113.92,105.44,1092138
30 Apr 2024,113.65,114.54,113.42,114.54,106.01,1315376
29 Apr 2024,114.00,114.20,113.66,113.84,105.37,1374832
26 Apr 2024,114.45,114.56,112.77,112.99,104.58,1672386
24 Apr 2024,115.50,115.85,115.00,115.00,106.44,1600191
23 Apr 2024,114.00,114.58,113.70,114.58,106.05,1197831
22 Apr 2024,113.09,113.68,112.39,112.88,104.48,1916178
19 Apr 2024,111.65,112.51,109.94,111.86,103.53,3479032
18 Apr 2024,111.73,113.16,111.73,112.73,104.34,1583905
17 Apr 2024,112.16,112.80,111.94,111.94,103.61,1405392
16 Apr 2024,113.58,113.74,111.63,112.20,103.85,3022718
15 Apr 2024,115.20,115.30,114.29,114.64,106.11,2434316
12 Apr 2024,116.37,116.69,116.01,116.24,107.59,1381123
11 Apr 2024,116.34,116.99,116.10,116.81,108.12,1787099
10 Apr 2024,119.15,119.21,117.98,118.21,109.41,1720573
09 Apr 2024,118.72,119.15,118.48,119.15,110.28,949230
08 Apr 2024,118.78,119.02,117.70,118.19,109.39,1168997
05 Apr 2024,117.07,118.17,116.63,118.04,109.25,1387617
04 Apr 2024,118.60,119.07,117.97,118.35,109.54,1282364
03 Apr 2024,119.63,119.93,117.64,117.81,109.04,2016061
02 Apr 2024,119.40,120.60,119.30,120.07,111.13,2314881
28 Mar 2024,120.56,120.56,119.40,120.34,111.38,2679602
27 Mar 2024,118.77,120.19,118.51,120.00,111.07,2340622
26 Mar 2024,118.90,119.49,118.57,118.60,109.77,1676353
25 Mar 2024,118.25,118.99,117.49,118.79,109.95,1974708
22 Mar 2024,118.30,118.35,116.56,117.48,108.74,3825604
21 Mar 2024,117.10,118.05,116.54,118.00,109.22,3579903
20 Mar 2024,116.30,116.87,115.65,115.65,107.04,2011037
19 Mar 2024,116.43,116.44,115.33,115.78,107.16,1817662
18 Mar 2024,115.40,116.56,115.27,116.46,107.79,1471598
15 Mar 2024,115.00,115.54,114.00,115.54,106.94,5370902
14 Mar 2024,117.54,117.56,115.34,116.22,107.57,1972503
13 Mar 2024,118.01,118.22,116.82,117.55,108.80,1749751
12 Mar 2024,119.02,120.08,117.51,117.74,108.98,1912342
11 Mar 2024,119.99,120.23,117.93,118.13,109.34,1620096
08 Mar 2024,119.54,121.54,119.02,121.45,112.41,3693739
07 Mar 2024,118.50,119.37,118.39,119.25,110.37,2404787
06 Mar 2024,117.00,118.41,116.68,118.31,109.50,1499396
05 Mar 2024,118.60,118.70,116.77,116.94,108.24,1985735
04 Mar 2024,117.55,118.55,117.36,118.12,109.33,1657258
01 Mar 2024,116.75,117.36,116.20,117.36,108.62,1547236
29 Feb 2024,116.18,116.76,115.23,116.41,107.74,4036090
28 Feb 2024,117.25,117.30,115.67,115.96,107.33,1605950
27 Feb 2024,116.20,117.12,115.54,117.12,108.40,2199043
26 Feb 2024,115.32,115.99,115.07,115.92,107.29,1623264
23 Feb 2024,115.33,115.88,114.57,114.83,106.28,1576082
22 Feb 2024,115.00,115.00,113.31,114.45,105.93,1691941
21 Feb 2024,114.31,115.96,114.10,114.62,106.09,3281940
20 Feb 2024,117.40,117.80,116.06,116.95,106.25,1772794
19 Feb 2024,115.86,117.29,115.62,117.13,106.42,1386827
16 Feb 2024,115.75,116.28,114.78,116.28,105.65,3844462
15 Feb 2024,113.50,115.17,113.26,114.16,103.72,2315896
14 Feb 2024,113.16,114.07,111.56,114.07,103.64,2740465
13 Feb 2024,117.26,117.75,116.00,116.00,105.39,1758908
12 Feb 2024,116.50,116.78,115.55,115.73,105.15,1005660
09 Feb 2024,116.27,116.75,116.01,116.24,105.61,2086972
08 Feb 2024,115.14,116.00,114.44,115.87,105.27,1366549
07 Feb 2024,114.92,115.64,114.22,114.55,104.07,1737069
06 Feb 2024,115.32,115.64,114.15,114.37,103.91,1997385
05 Feb 2024,115.02,115.48,113.97,115.48,104.92,1142496
02 Feb 2024,114.81,116.12,114.43,115.81,105.22,2545023
01 Feb 2024,116.65,116.80,114.10,114.10,103.67,2593915
31 Jan 2024,116.00,118.24,115.21,117.53,106.78,4128431
30 Jan 2024,116.12,116.94,115.77,116.05,105.44,1982285
29 Jan 2024,116.00,116.00,115.00,115.92,105.32,2017654
25 Jan 2024,115.00,115.14,114.00,114.86,104.36,1967920
24 Jan 2024,116.00,116.00,114.53,114.70,104.21,1509853
23 Jan 2024,114.90,115.98,114.71,115.66,105.08,2197384
22 Jan 2024,114.00,114.85,113.55,114.80,104.30,2353571
19 Jan 2024,113.12,113.90,112.71,113.28,102.92,4107588
18 Jan 2024,111.37,112.91,111.37,112.48,102.19,2131509
17 Jan 2024,112.82,112.99,111.71,112.33,102.06,2189913
16 Jan 2024,113.50,113.66,112.80,113.00,102.67,1896379
15 Jan 2024,113.50,113.80,113.15,113.73,103.33,207240
12 Jan 2024,113.00,113.80,112.80,113.63,103.24,1678657
11 Jan 2024,112.50,113.66,112.24,113.60,103.21,1667803
10 Jan 2024,112.97,113.30,112.04,112.04,101.79,1415900
09 Jan 2024,113.28,113.30,112.64,113.02,102.68,1510571
08 Jan 2024,112.76,113.22,111.87,111.98,101.74,1784232
05 Jan 2024,112.00,113.24,111.90,112.99,102.66,1502441
04 Jan 2024,112.30,112.32,110.94,111.49,101.29,1380616
03 Jan 2024,112.60,112.98,112.02,112.13,101.88,1207784
02 Jan 2024,111.85,113.61,111.79,113.61,103.22,1628690
29 Dec 2023,112.15,112.37,111.43,111.80,101.58,2170375
28 Dec 2023,111.81,112.29,111.56,112.29,102.02,1735707
27 Dec 2023,111.12,111.85,110.76,111.19,101.02,1017160
22 Dec 2023,110.19,110.83,110.16,110.50,100.39,3097447
21 Dec 2023,110.73,110.86,110.01,110.56,100.45,2830850
20 Dec 2023,110.80,111.15,110.65,110.97,100.82,2090455
19 Dec 2023,110.35,110.89,109.65,110.60,100.49,1966065
18 Dec 2023,109.50,110.13,109.14,110.00,99.94,1300270
15 Dec 2023,110.00,110.50,109.52,110.07,100.00,7159356
14 Dec 2023,108.92,109.52,108.63,109.52,99.50,2593767
13 Dec 2023,107.80,108.39,107.61,108.15,98.26,1727766
12 Dec 2023,106.73,107.64,106.65,107.41,97.59,1406122
11 Dec 2023,106.67,107.46,106.64,106.94,97.16,1395078
08 Dec 2023,105.77,106.44,105.22,106.44,96.71,1434178
07 Dec 2023,105.98,106.54,105.70,106.27,96.55,1747083
06 Dec 2023,105.49,106.72,105.24,106.34,96.62,3135300
05 Dec 2023,104.99,104.99,104.41,104.71,95.13,1417376
04 Dec 2023,104.95,105.58,104.59,105.12,95.51,2121950
01 Dec 2023,104.65,104.66,103.75,104.19,94.66,1781950
30 Nov 2023,103.55,104.66,103.25,104.66,95.09,5016298
29 Nov 2023,103.79,104.05,103.20,103.33,93.88,1277217
28 Nov 2023,102.50,103.86,102.35,103.34,93.89,1397249
27 Nov 2023,104.02,104.02,102.61,102.61,93.23,1288697
24 Nov 2023,103.10,104.05,103.00,103.69,94.21,1275404
23 Nov 2023,103.54,103.79,102.82,102.96,93.54,2421800
22 Nov 2023,103.40,104.31,103.38,103.80,94.31,1292108
21 Nov 2023,103.52,103.86,103.25,103.70,94.22,1970123
20 Nov 2023,102.80,103.32,102.70,103.17,93.74,1627761
17 Nov 2023,102.38,102.69,101.87,102.47,93.10,2729262
16 Nov 2023,102.80,102.88,101.85,102.29,92.94,1993737
15 Nov 2023,103.30,103.64,101.92,102.15,92.81,3169156
14 Nov 2023,102.35,102.64,101.62,102.28,92.93,2049690
13 Nov 2023,101.23,101.84,100.87,101.31,92.05,1472779
10 Nov 2023,101.75,101.88,101.01,101.32,92.05,1407582
09 Nov 2023,101.30,103.00,101.10,102.11,92.77,3152761
08 Nov 2023,100.58,101.06,100.21,100.69,91.48,1432581
07 Nov 2023,100.63,100.64,99.49,100.01,90.86,1806507
06 Nov 2023,99.84,101.26,99.75,100.42,91.24,2282526
03 Nov 2023,99.60,99.99,99.20,99.93,90.79,2507791
02 Nov 2023,98.27,99.01,98.06,98.43,89.43,2307420
01 Nov 2023,96.90,96.97,96.30,96.87,88.01,2162550
31 Oct 2023,97.09,97.21,96.25,96.56,87.73,2533920
30 Oct 2023,96.72,96.79,96.15,96.22,87.42,2033713
27 Oct 2023,97.55,98.28,97.55,97.80,88.86,2273929
26 Oct 2023,96.99,97.25,96.40,97.00,88.13,2289128
25 Oct 2023,98.20,98.55,97.12,97.35,88.45,1662864
24 Oct 2023,98.38,98.64,98.02,98.07,89.10,1686722
23 Oct 2023,98.30,98.60,97.63,97.82,88.87,1348775
20 Oct 2023,99.09,99.78,98.32,98.75,89.72,2641664
19 Oct 2023,100.09,100.58,99.33,99.78,90.66,2642789
18 Oct 2023,101.18,101.74,101.00,101.42,92.15,1652838
17 Oct 2023,101.35,101.51,100.92,101.20,91.95,1210306
16 Oct 2023,100.50,100.83,100.25,100.67,91.46,1448174
13 Oct 2023,100.60,101.23,100.51,100.97,91.74,1473078
12 Oct 2023,101.17,102.22,100.61,101.60,92.31,2162969
11 Oct 2023,100.89,101.00,100.32,100.64,91.44,1577672
10 Oct 2023,100.99,101.19,100.29,100.70,91.49,2252750
09 Oct 2023,99.97,100.56,99.70,100.03,90.88,1108229
06 Oct 2023,99.05,100.65,98.90,100.04,90.89,2408410
05 Oct 2023,98.30,99.38,98.20,98.98,89.93,1726498
04 Oct 2023,99.00,99.14,97.60,98.09,89.12,2543630
03 Oct 2023,98.66,99.85,98.50,99.69,90.57,2702099
02 Oct 2023,99.36,99.97,98.91,99.85,90.72,1131578
29 Sep 2023,99.98,100.08,99.56,99.97,90.83,2444569
28 Sep 2023,100.49,100.74,99.56,99.95,90.81,1422062
27 Sep 2023,100.00,100.58,99.86,100.53,91.34,1346621
26 Sep 2023,99.70,100.37,99.26,100.08,90.93,1292290
25 Sep 2023,100.00,100.00,99.02,99.88,90.75,1014251
22 Sep 2023,98.50,100.06,98.10,100.06,90.91,3396755
21 Sep 2023,101.67,101.88,99.75,100.08,90.93,2447271
20 Sep 2023,102.27,102.49,101.44,101.84,92.53,2498953
19 Sep 2023,102.32,102.39,101.44,102.13,92.79,1806193
18 Sep 2023,102.60,102.80,101.93,102.63,93.24,886664
15 Sep 2023,103.00,103.57,102.68,103.16,93.73,4199986
14 Sep 2023,101.17,102.46,101.15,102.13,92.79,2242700
13 Sep 2023,102.15,102.15,101.01,101.70,92.40,1281734
12 Sep 2023,102.40,102.59,101.12,102.11,92.77,1303827
11 Sep 2023,100.80,102.18,100.55,102.04,92.71,1707461
08 Sep 2023,101.23,101.47,100.15,100.81,91.59,1271405
07 Sep 2023,101.00,101.38,100.31,100.90,91.67,1721897
06 Sep 2023,102.75,103.18,101.29,101.51,92.23,2000414
05 Sep 2023,102.10,102.29,101.75,102.22,92.87,1274211
04 Sep 2023,101.69,102.27,101.57,102.01,92.68,1425483
01 Sep 2023,101.70,102.00,101.20,101.35,92.08,1596631
31 Aug 2023,101.83,102.45,101.61,102.18,92.84,3576801
30 Aug 2023,101.63,102.46,101.50,101.84,92.53,1810483
29 Aug 2023,101.39,101.45,100.48,101.03,91.79,1519428
28 Aug 2023,99.80,100.81,99.74,100.78,91.56,1652565
25 Aug 2023,100.24,100.27,99.37,99.57,90.46,2301999
24 Aug 2023,100.10,100.84,99.60,100.61,91.41,2630712
23 Aug 2023,98.20,99.84,98.00,99.45,90.36,3375196
22 Aug 2023,98.09,98.67,97.69,98.67,89.65,3070402
21 Aug 2023,98.92,99.58,98.32,98.45,89.45,2651338
18 Aug 2023,99.21,99.46,98.55,99.05,89.99,2430138
17 Aug 2023,99.90,99.90,98.67,99.65,90.54,3049916
16 Aug 2023,100.02,100.48,99.48,99.79,90.66,4423573
15 Aug 2023,104.00,104.19,103.35,103.51,91.86,1631886
14 Aug 2023,103.63,104.13,103.41,103.70,92.03,2624230
11 Aug 2023,104.31,105.00,104.02,104.40,92.65,1734661
10 Aug 2023,103.82,104.69,103.12,104.47,92.72,2461857
09 Aug 2023,104.81,105.22,103.55,104.85,93.05,2635786
08 Aug 2023,102.40,102.58,101.93,102.21,90.71,3241229
07 Aug 2023,102.09,102.22,101.49,101.85,90.39,2771020
04 Aug 2023,102.70,103.15,101.70,101.87,90.41,2687798
03 Aug 2023,102.96,103.34,102.06,102.46,90.93,2890772
02 Aug 2023,105.23,105.35,103.09,103.46,91.82,2074443
01 Aug 2023,105.22,106.20,104.84,105.85,93.94,1440788
31 Jul 2023,105.76,105.98,104.93,105.71,93.82,1265049
28 Jul 2023,105.51,106.09,104.82,105.50,93.63,1880770
27 Jul 2023,105.40,107.09,105.30,106.53,94.54,2544987
26 Jul 2023,103.93,105.77,103.67,105.00,93.19,1631244
25 Jul 2023,104.40,104.40,103.51,104.20,92.48,1520910
24 Jul 2023,105.30,105.30,104.33,104.43,92.68,1554919
21 Jul 2023,104.85,105.07,104.17,104.55,92.79,3354092
20 Jul 2023,105.50,106.23,104.70,105.25,93.41,3465003
19 Jul 2023,103.84,104.65,103.24,104.65,92.88,3567951
18 Jul 2023,102.30,103.10,102.11,102.57,91.03,2084918
17 Jul 2023,101.45,101.91,101.20,101.87,90.41,1608226
14 Jul 2023,100.88,101.59,100.59,101.33,89.93,2083622
13 Jul 2023,100.14,100.86,99.71,100.62,89.30,3171603
12 Jul 2023,100.01,100.15,99.15,99.15,87.99,1765254
11 Jul 2023,98.97,99.62,98.73,99.62,88.41,1793004
10 Jul 2023,99.14,99.47,98.32,98.52,87.43,1152141
07 Jul 2023,99.23,99.42,98.41,98.73,87.62,2017705
06 Jul 2023,101.06,101.46,100.13,100.43,89.13,2182248
05 Jul 2023,102.11,102.39,101.40,101.78,90.33,2156097
04 Jul 2023,101.05,102.40,100.42,102.28,90.77,2188463
03 Jul 2023,100.30,100.97,99.78,100.94,89.58,2147940
30 Jun 2023,100.16,100.30,99.56,100.27,88.99,2603014
29 Jun 2023,99.90,100.69,99.80,100.07,88.81,1593529
28 Jun 2023,98.70,99.94,98.63,99.54,88.34,2391541
27 Jun 2023,98.55,99.27,98.43,98.43,87.35,2139922
26 Jun 2023,98.38,98.50,97.49,97.93,86.91,2559460
23 Jun 2023,99.60,99.80,98.00,98.51,87.43,2750925
22 Jun 2023,101.51,101.59,99.97,100.08,88.82,2313609
21 Jun 2023,102.20,102.49,101.58,101.68,90.24,2594424
20 Jun 2023,100.80,101.97,100.36,101.62,90.19,2698905
19 Jun 2023,99.66,100.82,99.45,100.51,89.20,2771173
16 Jun 2023,98.30,99.35,98.06,99.35,88.17,6702838
15 Jun 2023,97.65,98.25,97.41,97.99,86.96,2837488
14 Jun 2023,97.00,97.55,96.60,97.37,86.41,2971378
13 Jun 2023,95.98,96.60,95.90,96.52,85.66,1973419
09 Jun 2023,95.74,96.12,95.60,95.80,85.02,1579114
08 Jun 2023,95.61,95.98,95.32,95.89,85.10,2346149
07 Jun 2023,96.75,97.00,95.69,95.69,84.92,2178339
06 Jun 2023,96.88,97.19,96.40,96.56,85.70,2041599
05 Jun 2023,97.56,98.01,97.22,97.50,86.53,2085675
02 Jun 2023,97.20,97.59,96.26,96.91,86.01,2569521
01 Jun 2023,96.52,97.62,96.30,96.80,85.91,2109961
31 May 2023,98.89,99.00,96.78,96.78,85.89,11931674
30 May 2023,99.20,99.70,98.73,99.18,88.02,1617947
29 May 2023,99.36,99.69,98.85,99.57,88.37,1530222
26 May 2023,97.80,98.68,97.79,98.16,87.12,1923403
25 May 2023,99.40,99.67,97.69,97.72,86.72,2862243
24 May 2023,99.20,99.98,98.84,99.93,88.69,1818274
23 May 2023,98.90,99.93,98.68,99.44,88.25,2886469
22 May 2023,99.69,99.80,98.60,98.90,87.77,1376062
19 May 2023,98.80,99.87,98.67,99.80,88.57,3056096
18 May 2023,98.37,98.42,97.76,98.00,86.97,2118783
17 May 2023,97.11,97.30,96.01,97.14,86.21,2147154
16 May 2023,98.30,98.94,97.59,97.59,86.61,2441266
15 May 2023,98.53,98.75,98.17,98.50,87.42,1288706
12 May 2023,98.85,99.18,98.36,98.96,87.83,1916311
11 May 2023,98.83,98.86,97.89,98.35,87.28,2072546
10 May 2023,96.94,97.85,96.69,97.85,86.84,2373018
09 May 2023,96.60,97.78,95.45,97.34,86.39,2406124
08 May 2023,97.00,97.54,96.31,97.12,86.19,2193033
05 May 2023,95.60,96.48,94.37,96.13,85.31,2799731
04 May 2023,95.94,97.24,94.82,95.76,84.99,2992222
03 May 2023,98.80,98.89,97.93,98.29,87.23,2145783
02 May 2023,100.79,100.95,99.61,100.10,88.84,2179624
01 May 2023,99.96,100.60,99.58,100.44,89.14,1471474
28 Apr 2023,99.58,100.24,99.17,99.36,88.18,2869131
27 Apr 2023,99.96,100.00,98.79,99.10,87.95,1423491
26 Apr 2023,100.00,100.30,99.22,99.89,88.65,2063264
24 Apr 2023,100.45,100.78,100.04,100.11,88.85,1002073
21 Apr 2023,100.50,100.61,98.70,99.80,88.57,3084544
20 Apr 2023,99.96,101.31,99.75,100.92,89.56,2447545
19 Apr 2023,99.38,99.67,99.07,99.37,88.19,982903
18 Apr 2023,99.12,99.62,99.12,99.40,88.22,1848784
17 Apr 2023,100.00,100.48,99.57,99.74,88.52,2059296
14 Apr 2023,98.22,99.28,98.20,99.11,87.96,1352457
13 Apr 2023,99.24,99.49,98.20,98.22,87.17,1668839
12 Apr 2023,100.35,100.36,98.68,99.23,88.06,1656007
11 Apr 2023,99.71,100.10,99.43,99.76,88.54,1821000
06 Apr 2023,99.40,99.48,98.32,99.01,87.87,1780447
05 Apr 2023,98.69,99.59,98.67,99.06,87.91,1535460
04 Apr 2023,99.75,99.86,98.50,98.98,87.84,1577845
03 Apr 2023,98.59,100.00,98.55,99.27,88.10,2174951
31 Mar 2023,98.35,98.78,97.91,98.32,87.26,2549472
30 Mar 2023,97.56,97.95,97.01,97.75,86.75,2611402
29 Mar 2023,95.31,96.34,94.85,96.34,85.50,2120814
28 Mar 2023,95.60,96.58,95.50,96.06,85.25,1915223
27 Mar 2023,96.42,96.50,95.04,95.07,84.37,2040884
24 Mar 2023,96.04,96.79,95.35,95.84,85.06,2765386
23 Mar 2023,96.77,97.40,96.45,97.03,86.11,1900925
22 Mar 2023,97.90,98.76,97.14,97.14,86.21,2889674
21 Mar 2023,96.90,97.52,96.25,96.52,85.66,2225019
20 Mar 2023,95.20,97.13,95.06,96.08,85.27,2079792
17 Mar 2023,96.23,96.63,95.34,96.45,85.60,6451777
16 Mar 2023,94.00,96.15,93.35,95.30,84.58,6488332
15 Mar 2023,96.20,96.97,94.64,95.40,84.67,3162252
14 Mar 2023,93.14,95.28,93.05,95.28,84.56,4703866
13 Mar 2023,96.00,96.65,94.88,95.12,84.42,2531902
10 Mar 2023,96.81,97.11,95.23,95.51,84.76,3399512
09 Mar 2023,98.81,99.25,98.42,98.72,87.61,2100981
08 Mar 2023,98.35,98.94,97.83,98.41,87.34,1862278
07 Mar 2023,98.85,99.25,98.15,98.90,87.77,2461272
06 Mar 2023,98.19,99.23,98.10,98.60,87.51,1734529
03 Mar 2023,97.30,98.11,97.19,97.75,86.75,2835253
02 Mar 2023,99.26,99.60,97.07,97.07,86.15,3973674
01 Mar 2023,99.95,100.37,99.05,99.05,87.91,2589393
28 Feb 2023,101.22,101.71,100.46,100.69,89.36,4181654
27 Feb 2023,101.10,101.75,100.73,101.39,89.98,1875413
24 Feb 2023,99.79,101.29,99.71,101.22,89.83,2873586
23 Feb 2023,99.46,100.58,99.46,99.90,88.66,2366921
22 Feb 2023,98.70,100.15,98.46,99.20,88.04,3345735
21 Feb 2023,102.03,102.21,101.20,101.52,88.23,1842679
20 Feb 2023,101.00,102.39,100.98,102.23,88.85,1597651
17 Feb 2023,101.20,102.57,100.65,100.97,87.76,4030572
16 Feb 2023,102.36,103.31,101.37,101.50,88.22,4756659
15 Feb 2023,104.11,106.15,102.08,103.00,89.52,7122390
14 Feb 2023,110.31,110.40,109.09,109.25,94.95,1712454
13 Feb 2023,109.86,109.90,109.03,109.30,95.00,1552187
10 Feb 2023,109.85,110.19,109.56,109.95,95.56,1516258
09 Feb 2023,110.21,110.60,109.59,110.21,95.79,1378411
08 Feb 2023,110.40,110.69,110.15,110.32,95.88,1486405
07 Feb 2023,110.86,111.04,109.95,110.30,95.86,1606239
06 Feb 2023,111.20,111.38,110.39,110.75,96.26,1325884
03 Feb 2023,109.90,111.43,109.80,111.15,96.60,2487251
02 Feb 2023,110.55,110.55,109.73,109.73,95.37,2267124
01 Feb 2023,110.49,110.81,109.60,110.15,95.73,2037070
31 Jan 2023,109.86,110.45,109.62,110.06,95.66,1745314
30 Jan 2023,109.70,110.10,109.58,109.76,95.40,1465480
27 Jan 2023,109.50,109.95,108.95,109.85,95.47,2186238
25 Jan 2023,108.01,109.20,107.79,108.83,94.59,1620732
24 Jan 2023,108.40,108.54,107.35,108.05,93.91,1494747
23 Jan 2023,109.00,109.11,108.40,108.61,94.40,2377559
20 Jan 2023,108.70,109.15,108.38,108.66,94.44,3741095
19 Jan 2023,108.23,108.83,107.23,108.74,94.51,2196287
18 Jan 2023,107.56,108.00,106.87,107.65,93.56,1756089
17 Jan 2023,107.30,107.95,107.08,107.44,93.38,2328626
16 Jan 2023,106.69,107.59,106.33,107.35,93.30,1250653
13 Jan 2023,105.65,107.06,105.59,106.50,92.56,1929496
12 Jan 2023,104.30,105.35,103.79,105.18,91.41,2087584
11 Jan 2023,103.70,103.88,103.00,103.53,89.98,1092327
10 Jan 2023,102.81,104.05,102.60,103.32,89.80,1075679
09 Jan 2023,103.88,104.29,103.27,103.32,89.80,1048736
06 Jan 2023,102.88,103.57,102.52,103.18,89.68,2450188
05 Jan 2023,103.56,104.70,103.21,103.32,89.80,1693577
04 Jan 2023,101.50,103.29,101.06,103.14,89.64,2276220
03 Jan 2023,103.73,103.90,100.21,101.05,87.83,1709983
30 Dec 2022,102.55,103.15,102.55,102.60,89.17,1537609
29 Dec 2022,103.14,103.32,101.85,102.08,88.72,1718922
28 Dec 2022,104.42,104.55,102.76,103.10,89.61,1666602
23 Dec 2022,104.70,104.96,104.21,104.82,91.10,1367754
22 Dec 2022,105.35,106.11,105.32,105.62,91.80,1462993
21 Dec 2022,106.01,106.28,104.73,104.73,91.02,2285186
20 Dec 2022,105.81,106.11,104.93,105.33,91.54,1662006
19 Dec 2022,105.00,105.76,104.75,105.63,91.81,1136661
16 Dec 2022,106.06,106.29,105.16,105.98,92.11,5159674
15 Dec 2022,106.70,107.69,106.22,106.80,92.82,2244376
14 Dec 2022,106.62,107.06,105.84,106.92,92.93,1959240
13 Dec 2022,106.33,107.20,105.90,106.44,92.51,2662642
12 Dec 2022,105.00,105.48,104.61,105.39,91.60,1353473
09 Dec 2022,105.30,105.68,104.53,104.98,91.24,2054672
08 Dec 2022,105.94,105.99,104.90,105.35,91.56,1828854
07 Dec 2022,105.55,106.34,104.57,105.55,91.74,2903191
06 Dec 2022,106.53,107.75,106.32,106.44,92.51,2016506
05 Dec 2022,107.33,107.71,106.90,106.94,92.94,1433376
02 Dec 2022,108.40,108.40,106.42,106.95,92.95,3451688
01 Dec 2022,108.48,108.99,108.08,108.42,94.23,1369948
30 Nov 2022,108.38,108.71,107.43,107.86,93.74,5911776
29 Nov 2022,108.26,108.43,107.51,108.09,93.94,1650824
28 Nov 2022,108.75,109.06,108.13,108.48,94.28,1928931
25 Nov 2022,108.20,109.20,107.92,109.20,94.91,2163400
24 Nov 2022,108.07,108.32,107.57,108.01,93.87,1691775
23 Nov 2022,108.00,108.29,107.74,108.07,93.93,1932908
22 Nov 2022,106.74,107.87,106.63,107.50,93.43,2395517
21 Nov 2022,106.60,107.12,106.22,106.58,92.63,2766456
18 Nov 2022,105.55,106.23,105.16,105.82,91.97,3028383
17 Nov 2022,105.92,105.92,105.00,105.64,91.81,2655083
16 Nov 2022,105.19,105.47,103.42,104.58,90.89,2941625
15 Nov 2022,105.80,107.45,105.53,106.48,92.54,2427583
14 Nov 2022,105.49,105.49,103.90,105.10,91.35,1919104
11 Nov 2022,106.40,106.40,104.97,105.81,91.96,3384469
10 Nov 2022,105.43,105.43,103.85,104.04,90.42,2073110
09 Nov 2022,104.50,105.25,103.77,104.77,91.06,1990001
08 Nov 2022,103.54,104.83,103.30,104.48,90.81,1872728
07 Nov 2022,103.98,103.99,102.50,103.08,89.59,1717044
04 Nov 2022,103.77,103.99,102.53,103.05,89.56,2787631
03 Nov 2022,104.76,104.90,103.96,104.50,90.82,2143283
02 Nov 2022,106.06,106.80,105.22,105.97,92.10,2073713
01 Nov 2022,104.75,106.05,103.82,106.05,92.17,2628163
31 Oct 2022,104.22,105.00,103.82,104.68,90.98,3084095
28 Oct 2022,103.18,103.54,102.82,103.22,89.71,2426561
27 Oct 2022,103.20,103.55,99.79,102.42,89.02,2830132
26 Oct 2022,102.00,102.57,101.60,102.00,88.65,1915194
25 Oct 2022,101.50,101.92,100.69,101.78,88.46,1902730
24 Oct 2022,101.10,101.18,99.74,100.48,87.33,1627347
21 Oct 2022,100.00,100.48,98.38,99.28,86.29,3151996
20 Oct 2022,99.79,100.85,99.56,100.77,87.58,2969685
19 Oct 2022,100.30,100.80,100.00,100.48,87.33,2337497
18 Oct 2022,99.47,100.00,98.65,99.78,86.72,2472383
17 Oct 2022,98.73,98.88,97.92,98.09,85.25,1600452
14 Oct 2022,99.76,99.95,98.85,98.90,85.96,2313393
13 Oct 2022,97.40,99.34,96.96,98.13,85.29,3321019
12 Oct 2022,94.25,96.85,94.15,96.29,83.69,2662711
11 Oct 2022,95.30,95.46,93.83,94.00,81.70,1981852
10 Oct 2022,95.36,95.55,94.44,94.96,82.53,1721714
07 Oct 2022,94.99,96.73,94.89,96.42,83.80,2455127
06 Oct 2022,96.60,97.08,96.07,96.88,84.20,2055834
05 Oct 2022,95.99,97.60,95.79,97.29,84.56,3870008
04 Oct 2022,92.00,94.87,91.89,94.79,82.38,3030551
03 Oct 2022,91.15,91.37,89.66,90.61,78.75,2038034
30 Sep 2022,93.22,93.23,90.26,90.70,78.83,3741428
29 Sep 2022,93.83,94.19,93.12,93.12,80.93,2094138
28 Sep 2022,92.50,93.00,91.79,92.54,80.43,2433767
27 Sep 2022,93.94,94.34,92.97,93.43,81.20,2709362
26 Sep 2022,92.60,93.98,92.28,93.61,81.36,2274251
23 Sep 2022,94.52,94.89,93.40,93.64,81.38,2720087
21 Sep 2022,96.28,96.28,95.08,95.45,82.96,1946963
20 Sep 2022,95.95,96.80,95.66,96.53,83.90,2389248
19 Sep 2022,94.25,95.03,94.25,94.66,82.27,1474030
16 Sep 2022,94.55,95.28,94.04,94.23,81.90,5980478
15 Sep 2022,94.85,95.34,94.66,95.06,82.62,3364419
14 Sep 2022,95.63,95.68,94.43,94.46,82.10,2958659
13 Sep 2022,97.00,98.08,96.74,97.94,85.12,2343197
12 Sep 2022,96.00,96.70,95.63,96.28,83.68,1596321
09 Sep 2022,95.77,97.29,94.34,95.53,83.03,3030132
08 Sep 2022,94.67,95.66,93.85,95.21,82.75,2701707
07 Sep 2022,96.01,96.57,94.05,94.10,81.78,2876328
06 Sep 2022,96.22,96.65,96.11,96.11,83.53,1676568
05 Sep 2022,97.48,97.48,95.90,96.51,83.88,1963119
02 Sep 2022,96.10,97.40,96.06,96.95,84.26,2183269
01 Sep 2022,95.87,96.96,94.65,96.05,83.48,3228601
31 Aug 2022,96.56,97.47,96.05,97.47,84.71,2916918
30 Aug 2022,96.41,97.31,96.32,96.55,83.91,1833997
29 Aug 2022,96.53,96.74,95.62,96.28,83.68,2107747
26 Aug 2022,98.20,98.70,97.65,98.31,85.44,1915332
25 Aug 2022,97.53,98.05,96.65,97.82,85.02,1706595
24 Aug 2022,97.25,98.03,97.16,97.20,84.48,2155170
23 Aug 2022,98.50,98.68,97.02,97.02,84.32,2354382
22 Aug 2022,99.31,99.80,98.81,98.96,86.01,1796830
19 Aug 2022,101.05,101.10,99.55,99.95,86.87,3405681
18 Aug 2022,99.97,101.09,99.68,100.99,87.77,2811590
17 Aug 2022,100.40,100.46,99.62,99.62,86.58,3400334
16 Aug 2022,101.10,101.75,100.55,101.46,86.36,1989122
15 Aug 2022,100.43,101.06,100.16,100.46,85.51,1503959
12 Aug 2022,100.15,100.35,99.46,100.34,85.40,2721743
11 Aug 2022,101.40,102.16,100.18,100.85,85.84,2725288
10 Aug 2022,101.28,101.65,100.06,101.00,85.96,2880434
09 Aug 2022,102.19,102.32,100.74,101.28,86.20,2629041
08 Aug 2022,101.08,102.89,101.03,102.60,87.33,1662514
05 Aug 2022,101.59,101.96,101.13,101.41,86.31,1551472
04 Aug 2022,101.07,101.99,100.87,101.80,86.65,1916972
03 Aug 2022,101.25,101.35,100.24,100.47,85.51,2021471
02 Aug 2022,100.99,102.27,100.43,101.97,86.79,1905527
01 Aug 2022,100.68,101.08,99.09,101.08,86.03,2374671
29 Jul 2022,100.30,101.36,100.10,100.77,85.77,3122636
28 Jul 2022,99.48,100.20,99.11,99.89,85.02,3301364
27 Jul 2022,96.51,99.37,96.46,98.90,84.18,2221207
26 Jul 2022,97.29,97.30,96.43,96.73,82.33,1269447
25 Jul 2022,97.88,97.88,96.85,97.07,82.62,1672440
22 Jul 2022,97.35,98.38,96.90,97.80,83.24,4505354
21 Jul 2022,96.20,97.67,95.44,97.62,83.09,2660268
20 Jul 2022,96.00,96.36,95.50,96.02,81.73,1775377
19 Jul 2022,94.37,94.99,93.73,94.95,80.82,1718090
18 Jul 2022,94.31,94.39,92.99,94.24,80.21,1849349
15 Jul 2022,92.46,93.27,91.35,93.27,79.39,2727568
14 Jul 2022,93.54,94.35,93.06,93.22,79.34,2558730
13 Jul 2022,93.75,94.63,93.09,94.63,80.54,3038458
12 Jul 2022,92.95,93.88,92.45,93.63,79.69,2669294
11 Jul 2022,93.00,93.73,92.16,92.55,78.77,1505516
08 Jul 2022,94.00,94.00,92.38,92.59,78.81,2405606
07 Jul 2022,92.24,93.08,91.58,93.08,79.22,2438758
06 Jul 2022,90.62,92.46,90.31,92.00,78.30,2837673
05 Jul 2022,91.12,92.07,90.58,91.23,77.65,1908049
04 Jul 2022,91.83,92.41,91.24,91.45,77.84,2113007
01 Jul 2022,90.97,91.51,90.21,90.70,77.20,2828357
30 Jun 2022,92.40,92.41,90.38,90.38,76.93,3821949
29 Jun 2022,93.30,93.50,92.23,93.00,79.16,2391929
28 Jun 2022,93.99,94.30,93.10,93.54,79.62,2486253
27 Jun 2022,91.99,93.80,91.46,93.74,79.79,2891382
24 Jun 2022,89.35,90.35,88.79,90.16,76.74,2760719
23 Jun 2022,89.61,90.54,89.48,89.75,76.39,3006090
22 Jun 2022,90.79,90.92,89.12,89.57,76.24,3340800
21 Jun 2022,88.38,89.69,87.98,89.67,76.32,2458551
20 Jun 2022,87.80,89.37,87.42,87.55,74.52,3499314
17 Jun 2022,88.25,88.45,86.98,87.26,74.27,9136594
16 Jun 2022,92.29,92.87,90.00,90.47,77.00,5203139
15 Jun 2022,90.50,91.91,89.94,90.62,77.13,4460665
14 Jun 2022,89.70,91.20,88.44,91.20,77.62,6989032
10 Jun 2022,94.30,96.90,93.70,93.78,79.82,4520476
09 Jun 2022,96.00,96.31,92.70,94.95,80.82,6983162
08 Jun 2022,102.40,102.90,97.47,97.47,82.96,4931040
07 Jun 2022,104.10,104.31,101.83,101.96,86.78,2301490
06 Jun 2022,105.10,105.34,104.44,104.68,89.10,1061366
03 Jun 2022,106.21,106.40,104.69,105.20,89.54,1671897
02 Jun 2022,105.66,105.76,104.76,105.44,89.74,1545595
01 Jun 2022,105.00,106.71,105.00,106.71,90.82,2044084
31 May 2022,106.29,106.54,104.36,104.36,88.82,4192211
30 May 2022,107.00,107.08,106.18,106.56,90.70,1894069
27 May 2022,106.81,107.00,106.16,106.63,90.76,1461568
26 May 2022,106.46,107.25,105.32,105.43,89.74,1894406
25 May 2022,105.70,107.25,105.52,106.17,90.37,2405961
24 May 2022,104.15,105.94,104.15,105.09,89.45,1765212
23 May 2022,105.26,105.40,103.83,104.50,88.94,1476420
20 May 2022,104.00,105.13,103.64,104.60,89.03,2869553
19 May 2022,103.51,104.15,103.25,103.80,88.35,3044524
18 May 2022,105.40,105.53,103.93,104.80,89.20,2073911
17 May 2022,103.97,105.37,103.67,105.12,89.47,2147425
16 May 2022,103.00,103.73,102.40,103.33,87.95,1696160
13 May 2022,102.42,102.56,101.51,102.28,87.05,2897483
12 May 2022,100.65,102.92,100.26,102.15,86.94,2911126
11 May 2022,101.61,102.44,100.97,101.51,86.40,1696686
10 May 2022,101.80,102.29,100.55,101.70,86.56,2909325
09 May 2022,102.28,102.79,101.81,102.66,87.38,1449093
06 May 2022,102.64,102.64,101.56,102.40,87.16,2436089
05 May 2022,102.98,104.07,102.40,103.71,88.27,1778171
04 May 2022,103.20,103.48,101.77,102.98,87.65,1490166
03 May 2022,102.25,102.97,101.57,102.26,87.04,1229690
02 May 2022,103.10,103.35,102.27,102.97,87.64,1289117
29 Apr 2022,103.80,104.19,103.38,103.88,88.42,2251074
28 Apr 2022,104.09,104.37,102.63,103.23,87.86,1607790
27 Apr 2022,103.68,103.87,102.56,103.00,87.67,1758440
26 Apr 2022,103.01,105.25,102.55,104.75,89.16,2387922
22 Apr 2022,108.00,108.10,105.37,105.37,89.68,3289367
21 Apr 2022,108.00,108.39,107.41,108.35,92.22,1872803
20 Apr 2022,107.51,108.05,106.86,107.24,91.28,1834918
19 Apr 2022,106.81,107.37,106.42,107.01,91.08,1758577
14 Apr 2022,105.91,107.11,105.83,106.50,90.65,1393778
13 Apr 2022,106.55,106.90,106.08,106.55,90.69,1479813
12 Apr 2022,106.79,107.08,106.00,106.71,90.82,1334658
11 Apr 2022,105.80,107.12,105.75,106.88,90.97,1515505
08 Apr 2022,105.65,105.70,104.90,105.38,89.69,1740982
07 Apr 2022,105.02,105.56,104.64,105.24,89.57,1347251
06 Apr 2022,104.04,105.79,103.76,105.71,89.97,1879653
05 Apr 2022,104.07,104.85,103.84,104.36,88.82,1304088
04 Apr 2022,104.79,105.24,103.72,103.72,88.28,1542723
01 Apr 2022,105.77,106.13,104.52,104.53,88.97,2047994
31 Mar 2022,107.20,107.34,105.77,105.77,90.02,3259035
30 Mar 2022,106.98,107.54,106.49,107.07,91.13,1735594
29 Mar 2022,106.45,107.10,106.27,106.37,90.54,1579916
28 Mar 2022,106.98,107.04,106.00,106.14,90.34,1280146
25 Mar 2022,107.29,107.77,105.92,105.92,90.15,2925283
24 Mar 2022,106.35,107.35,106.25,107.35,91.37,1676029
23 Mar 2022,106.63,107.46,106.43,107.45,91.45,1705322
22 Mar 2022,106.90,107.30,106.07,106.07,90.28,1773598
21 Mar 2022,106.29,107.35,105.70,105.70,89.97,2217058
18 Mar 2022,105.74,106.29,105.10,106.29,90.47,6310578
17 Mar 2022,107.00,107.00,105.28,106.15,90.35,3996962
16 Mar 2022,104.31,104.79,103.73,104.76,89.17,2869840
15 Mar 2022,102.55,103.80,102.30,103.78,88.33,3188234
14 Mar 2022,100.33,102.08,100.10,102.00,86.82,3220955
11 Mar 2022,98.71,100.11,98.63,99.38,84.59,3634352
10 Mar 2022,98.25,99.92,98.10,99.74,84.89,3458497
09 Mar 2022,95.25,97.79,94.88,97.41,82.91,2627749
08 Mar 2022,94.60,96.24,94.41,95.59,81.36,3711886
07 Mar 2022,94.25,94.85,93.65,94.64,80.55,3315111
04 Mar 2022,94.80,95.05,93.46,94.60,80.52,3169612
03 Mar 2022,95.26,95.45,94.14,94.51,80.44,4427098
02 Mar 2022,92.59,95.20,92.59,94.70,80.60,3049670
01 Mar 2022,94.01,96.24,93.89,94.82,80.70,2320712
28 Feb 2022,94.28,94.94,92.54,93.46,79.55,10046963
25 Feb 2022,95.62,95.90,93.53,93.88,79.90,4902678
24 Feb 2022,95.92,96.22,94.44,94.71,80.61,3504427
23 Feb 2022,96.04,96.95,95.81,96.69,82.30,2267917
22 Feb 2022,96.36,96.83,95.05,96.04,81.74,2688137
21 Feb 2022,96.95,98.34,96.24,98.09,83.49,1968627
18 Feb 2022,98.00,98.58,97.41,97.75,83.20,2361575
17 Feb 2022,98.59,99.31,98.14,98.81,84.10,2591681
16 Feb 2022,98.41,98.82,97.54,98.57,83.90,3647780
15 Feb 2022,99.08,100.35,98.93,99.49,83.19,2667416
14 Feb 2022,98.30,100.51,98.20,100.04,83.65,2578374
11 Feb 2022,99.42,100.18,98.33,98.55,82.40,3457229
10 Feb 2022,100.00,100.78,98.64,100.78,84.27,4167883
09 Feb 2022,99.01,99.89,97.91,99.56,83.25,5436704
08 Feb 2022,93.07,94.63,92.95,94.30,78.85,2890934
07 Feb 2022,93.40,94.21,92.44,94.00,78.60,3137168
04 Feb 2022,92.94,94.10,92.82,94.10,78.68,3237852
03 Feb 2022,93.50,94.89,92.61,93.44,78.13,3331673
02 Feb 2022,94.50,95.07,94.22,94.74,79.22,2078320
01 Feb 2022,94.15,94.99,93.22,93.93,78.54,2611835
31 Jan 2022,95.01,95.23,93.74,93.74,78.38,3146452
28 Jan 2022,94.76,96.01,92.37,95.67,80.00,13796397
27 Jan 2022,96.05,97.82,93.01,93.78,78.42,5359270
25 Jan 2022,96.71,97.15,93.87,95.45,79.81,5802823
24 Jan 2022,97.00,98.07,96.70,97.44,81.48,1889354
21 Jan 2022,97.81,98.31,97.01,97.37,81.42,3593016
20 Jan 2022,98.14,99.05,97.65,98.61,82.45,2895501
19 Jan 2022,100.39,100.63,98.83,99.33,83.06,2638102
18 Jan 2022,101.00,101.23,100.60,100.79,84.28,1264465
17 Jan 2022,101.85,101.85,100.81,101.16,84.59,1467142
14 Jan 2022,101.76,102.65,100.50,100.85,84.33,2155504
13 Jan 2022,101.90,102.44,101.69,102.12,85.39,1639007
12 Jan 2022,102.15,102.48,100.82,101.58,84.94,1557284
11 Jan 2022,102.52,102.89,100.62,101.76,85.09,2346000
10 Jan 2022,102.87,103.32,102.08,103.32,86.39,1467407
07 Jan 2022,101.99,102.87,101.89,102.65,85.83,2596039
06 Jan 2022,102.80,103.13,99.78,99.97,83.59,2603548
05 Jan 2022,103.28,103.48,102.62,103.20,86.29,2086996
04 Jan 2022,102.00,102.82,101.30,102.51,85.72,2195465
31 Dec 2021,102.27,102.67,101.00,101.00,84.45,1198104
30 Dec 2021,102.00,102.58,101.71,102.27,85.51,1015385
29 Dec 2021,101.42,102.37,101.37,101.90,85.21,1548336
24 Dec 2021,100.58,101.14,100.58,100.63,84.14,888168
23 Dec 2021,100.00,100.59,99.76,100.11,83.71,992730
22 Dec 2021,99.80,99.92,99.21,99.78,83.43,1653355
21 Dec 2021,99.54,100.00,99.00,99.59,83.27,1828187
20 Dec 2021,98.65,99.20,98.03,99.20,82.95,1714077
17 Dec 2021,97.17,99.48,97.05,99.12,82.88,7120915
16 Dec 2021,96.68,97.36,96.29,96.79,80.93,2773830
15 Dec 2021,97.38,98.00,96.51,96.93,81.05,1829146
14 Dec 2021,97.03,98.39,96.85,97.54,81.56,1888180
13 Dec 2021,98.30,99.28,97.74,98.03,81.97,1772633
10 Dec 2021,97.80,98.56,97.56,97.90,81.86,1710318
09 Dec 2021,98.12,98.57,97.53,98.16,82.08,1745841
08 Dec 2021,98.26,98.92,97.01,97.95,81.90,2474246
07 Dec 2021,98.00,98.23,96.76,97.63,81.63,1866694
06 Dec 2021,96.62,97.69,96.19,97.24,81.31,2142812
03 Dec 2021,96.51,96.93,95.64,96.61,80.78,2664935
02 Dec 2021,93.00,96.04,93.00,95.90,80.19,2980988
01 Dec 2021,92.60,94.04,92.38,93.88,78.50,2498623
30 Nov 2021,94.56,94.99,93.16,93.18,77.91,6085030
29 Nov 2021,93.37,94.58,92.70,93.78,78.42,3307834
26 Nov 2021,95.80,96.36,94.22,94.81,79.28,3048649
25 Nov 2021,96.87,97.06,95.67,95.77,80.08,2580435
24 Nov 2021,97.20,98.33,96.51,97.18,81.26,2809339
23 Nov 2021,96.15,97.36,96.15,96.82,80.96,2387557
22 Nov 2021,97.82,97.99,95.65,95.80,80.10,2513854
19 Nov 2021,97.73,98.71,97.50,97.81,81.79,3532584
18 Nov 2021,99.00,99.13,97.46,97.46,81.49,5120941
17 Nov 2021,103.30,103.30,98.63,98.99,82.77,8337211
16 Nov 2021,107.50,107.97,107.06,107.68,90.04,2426125
15 Nov 2021,108.03,108.11,107.40,108.01,90.31,1515787
12 Nov 2021,107.31,108.40,106.70,108.12,90.41,1646144
11 Nov 2021,109.01,109.18,106.43,107.17,89.61,2093965
10 Nov 2021,109.00,109.94,108.67,108.91,91.07,1474499
09 Nov 2021,109.85,109.85,108.73,108.81,90.98,1589464
08 Nov 2021,110.00,110.19,109.27,110.13,92.09,1514479
05 Nov 2021,108.50,109.95,108.49,109.71,91.74,2419455
04 Nov 2021,107.25,108.50,107.20,108.50,90.72,1833682
03 Nov 2021,106.52,107.26,106.13,107.00,89.47,1829800
02 Nov 2021,106.32,106.55,105.07,105.76,88.43,1628086
01 Nov 2021,105.68,106.40,104.75,106.29,88.88,2767296
29 Oct 2021,107.00,107.20,104.17,104.68,87.53,3024922
28 Oct 2021,105.99,106.86,105.57,106.86,89.35,2271484
27 Oct 2021,105.04,106.11,104.88,106.10,88.72,1831998
26 Oct 2021,105.55,106.00,104.98,105.10,87.88,1398841
25 Oct 2021,105.00,105.93,104.98,105.46,88.18,1352099
22 Oct 2021,104.51,104.97,103.93,104.88,87.70,2794987
21 Oct 2021,105.03,105.28,104.56,104.95,87.76,2364710
20 Oct 2021,104.36,105.18,104.15,105.03,87.82,2504461
19 Oct 2021,103.94,104.45,103.62,103.89,86.87,1590707
18 Oct 2021,102.55,104.15,102.55,103.94,86.91,2328844
15 Oct 2021,102.27,102.45,101.52,102.28,85.52,1712117
14 Oct 2021,103.41,103.44,101.91,101.91,85.21,2358452
13 Oct 2021,104.64,104.89,103.04,103.22,86.31,2906039
12 Oct 2021,103.65,105.20,103.65,104.89,87.71,3707945
11 Oct 2021,104.01,104.96,103.50,104.69,87.54,2335810
08 Oct 2021,103.70,104.45,102.93,104.45,87.34,8012331
07 Oct 2021,103.87,104.00,102.70,103.41,86.47,3551947
06 Oct 2021,104.60,104.69,102.39,103.42,86.48,8996170
05 Oct 2021,104.79,106.27,104.21,105.50,88.22,5578795
04 Oct 2021,102.76,105.63,102.47,105.16,87.93,10273487
01 Oct 2021,102.00,103.07,99.62,100.08,83.68,6047430
30 Sep 2021,104.00,104.46,103.33,104.33,87.24,5580253
29 Sep 2021,103.49,103.88,101.85,102.62,85.81,4789117
28 Sep 2021,105.00,105.94,103.88,104.00,86.96,3966023
27 Sep 2021,102.29,104.94,102.00,104.59,87.45,4102986
24 Sep 2021,101.50,101.76,100.80,101.70,85.04,1852521
23 Sep 2021,100.42,101.23,100.14,100.80,84.29,1811104
22 Sep 2021,99.73,100.48,99.51,99.64,83.32,1814722
21 Sep 2021,99.93,100.48,99.59,100.34,83.90,1824143
20 Sep 2021,101.79,102.23,100.78,100.81,84.29,1826955
17 Sep 2021,102.10,103.21,102.05,102.88,86.02,5172919
16 Sep 2021,101.99,102.85,101.61,102.85,86.00,3551486
15 Sep 2021,101.13,101.79,100.38,101.41,84.80,1668541
14 Sep 2021,100.90,101.96,100.11,101.58,84.94,2114634
13 Sep 2021,100.78,101.37,100.39,101.30,84.70,1119691
10 Sep 2021,101.92,101.99,100.68,101.09,84.53,1995586
09 Sep 2021,102.05,102.30,100.09,100.55,84.08,2468569
08 Sep 2021,101.58,103.30,101.52,102.92,86.06,2118352
07 Sep 2021,102.00,102.49,101.58,102.14,85.41,1332462
06 Sep 2021,101.31,102.16,100.63,102.16,85.42,1458446
03 Sep 2021,101.36,102.00,101.02,101.84,85.16,1604540
02 Sep 2021,101.50,102.00,100.41,101.37,84.76,1887736
01 Sep 2021,99.62,101.00,99.15,101.00,84.45,1788312
31 Aug 2021,100.00,100.63,99.61,100.12,83.72,2947816
30 Aug 2021,102.00,102.10,100.00,100.42,83.97,1928907
27 Aug 2021,100.85,101.58,100.45,101.54,84.90,1907148
26 Aug 2021,100.64,101.24,99.84,100.99,84.44,1664793
25 Aug 2021,99.99,100.83,99.77,100.32,83.88,1403418
24 Aug 2021,100.51,100.60,99.75,99.91,83.54,1335240
23 Aug 2021,99.89,100.17,99.62,100.17,83.76,1326874
20 Aug 2021,100.00,100.70,99.25,99.27,83.01,2620966
19 Aug 2021,99.12,100.07,99.10,99.22,82.96,2242541
18 Aug 2021,99.49,100.57,99.28,99.77,83.42,3036114
17 Aug 2021,100.68,100.90,99.00,99.00,82.78,3990475
16 Aug 2021,103.55,103.63,102.42,102.54,84.07,3855925
13 Aug 2021,106.00,106.26,103.63,104.03,85.29,3735467
12 Aug 2021,108.86,108.92,105.34,105.88,86.81,3841214
11 Aug 2021,108.75,109.03,107.13,108.17,88.68,3614887
10 Aug 2021,105.66,106.56,105.19,106.56,87.36,2356568
09 Aug 2021,104.76,105.58,104.25,104.94,86.04,1889463
06 Aug 2021,103.50,104.22,103.28,103.75,85.06,1917193
05 Aug 2021,102.50,103.70,102.31,103.41,84.78,1995170
04 Aug 2021,101.50,102.50,101.50,102.23,83.81,1876527
03 Aug 2021,101.02,101.75,101.02,101.45,83.17,1639681
02 Aug 2021,99.89,102.35,99.66,101.66,83.35,2317578
30 Jul 2021,99.66,100.17,99.45,99.65,81.70,2502824
29 Jul 2021,99.31,99.55,98.91,99.45,81.53,1744882
28 Jul 2021,100.03,100.35,99.11,99.30,81.41,2323659
27 Jul 2021,99.39,100.78,99.26,100.71,82.57,2547943
26 Jul 2021,99.22,99.79,98.80,99.14,81.28,1408492
23 Jul 2021,99.00,99.40,98.77,99.12,81.26,1557685
22 Jul 2021,98.98,99.88,98.93,99.88,81.89,2039580
21 Jul 2021,98.25,98.86,97.80,98.42,80.69,1894365
20 Jul 2021,96.40,97.90,96.03,97.61,80.03,2194476
19 Jul 2021,97.25,97.93,96.24,97.68,80.08,1615348
16 Jul 2021,98.31,98.32,97.61,98.19,80.50,3147728
15 Jul 2021,98.99,99.13,98.11,98.31,80.60,2046644
14 Jul 2021,98.40,99.05,97.95,98.78,80.99,2042014
13 Jul 2021,100.00,100.12,98.34,98.39,80.67,2270019
12 Jul 2021,99.35,99.49,98.72,99.17,81.31,1510229
09 Jul 2021,98.65,98.89,97.71,98.59,80.83,2720818
08 Jul 2021,99.36,100.18,99.14,99.49,81.57,1807323
07 Jul 2021,98.50,99.71,98.35,99.71,81.75,1879216
06 Jul 2021,99.50,99.96,98.62,98.62,80.85,2030654
05 Jul 2021,99.03,99.46,98.72,99.18,81.31,1210399
02 Jul 2021,99.15,99.50,98.74,99.49,81.57,1880758
01 Jul 2021,99.85,100.00,98.52,98.70,80.92,2109527
30 Jun 2021,100.88,101.00,99.87,99.87,81.88,2267452
29 Jun 2021,99.11,100.50,98.76,100.48,82.38,1940208
28 Jun 2021,99.45,99.87,98.30,99.87,81.88,1711467
25 Jun 2021,99.97,99.99,98.76,99.26,81.38,2374636
24 Jun 2021,99.00,99.18,98.20,98.65,80.88,2322776
23 Jun 2021,99.87,100.17,98.92,99.20,81.33,2295011
22 Jun 2021,100.37,101.20,99.84,100.23,82.17,2855988
21 Jun 2021,101.72,101.82,98.06,98.06,80.40,4770270
18 Jun 2021,105.35,105.40,103.69,103.69,85.01,8444253
17 Jun 2021,105.50,106.57,105.11,105.91,86.83,3930519
16 Jun 2021,104.01,104.94,103.41,104.82,85.94,2775509
15 Jun 2021,101.50,103.72,101.46,103.45,84.81,2296140
11 Jun 2021,101.00,101.69,100.82,101.36,83.10,1740852
10 Jun 2021,101.00,102.12,100.77,101.85,83.50,1791330
09 Jun 2021,101.38,101.91,100.94,101.08,82.87,1826370
08 Jun 2021,101.85,102.42,100.71,101.48,83.20,2202865
07 Jun 2021,102.25,102.30,101.47,101.93,83.57,1248446
04 Jun 2021,101.74,102.64,101.50,102.52,84.05,2392986
03 Jun 2021,100.50,101.85,100.39,101.21,82.98,1880601
02 Jun 2021,100.00,100.42,99.31,100.33,82.26,1992987
01 Jun 2021,99.37,99.82,98.84,99.46,81.54,1231266
31 May 2021,100.72,101.50,99.65,99.72,81.76,2196204
28 May 2021,99.09,100.56,98.82,100.56,82.44,2803414
27 May 2021,99.65,100.08,98.74,98.97,81.14,3488494
26 May 2021,99.25,100.20,99.25,99.58,81.64,1976479
25 May 2021,98.87,99.65,98.60,99.63,81.68,1526334
24 May 2021,98.00,99.16,97.65,98.76,80.97,1693358
21 May 2021,97.99,98.57,97.57,98.05,80.39,4462981
20 May 2021,96.09,98.48,95.86,98.40,80.67,3276187
19 May 2021,96.69,97.00,95.10,95.32,78.15,2971615
18 May 2021,98.35,98.85,97.76,97.76,80.15,1910587
17 May 2021,96.99,98.40,96.91,97.79,80.17,1931159
14 May 2021,97.25,97.38,96.41,96.58,79.18,2110994
13 May 2021,95.43,96.50,94.82,95.98,78.69,2460516
12 May 2021,94.00,95.57,93.85,95.57,78.35,3398755
11 May 2021,95.00,95.50,94.25,94.58,77.54,2280046
10 May 2021,93.90,95.18,93.80,95.15,78.01,1951229
07 May 2021,93.00,94.10,92.60,93.92,77.00,3055557
06 May 2021,93.00,93.10,91.97,92.94,76.20,3482352
05 May 2021,92.51,92.72,91.56,92.72,76.02,3096594
04 May 2021,89.94,90.65,89.56,90.45,74.16,1980156
03 May 2021,89.47,89.99,89.21,89.70,73.54,1772294
30 Apr 2021,89.78,89.78,88.82,89.04,73.00,2702298
29 Apr 2021,90.60,90.81,89.89,90.00,73.79,1635378
28 Apr 2021,89.51,90.59,89.50,90.21,73.96,2462101
27 Apr 2021,89.00,89.46,88.40,89.33,73.24,1836324
26 Apr 2021,89.75,89.99,88.97,89.05,73.01,1226856
23 Apr 2021,88.94,89.39,88.75,89.39,73.29,1616978
22 Apr 2021,88.57,89.14,88.31,89.14,73.08,2948752
21 Apr 2021,87.05,88.31,86.90,88.17,72.29,2770888
20 Apr 2021,88.69,88.83,87.57,87.74,71.93,1835450
19 Apr 2021,88.49,89.08,88.12,88.84,72.84,2140964
16 Apr 2021,87.68,88.01,87.45,87.99,72.14,2825845
15 Apr 2021,88.00,88.00,87.15,87.91,72.07,1921598
14 Apr 2021,87.25,87.90,87.03,87.80,71.98,2014595
13 Apr 2021,86.65,87.47,86.63,87.19,71.48,1578334
12 Apr 2021,87.11,87.45,86.45,86.72,71.10,1568333
09 Apr 2021,87.20,87.49,86.44,87.13,71.43,1644070
08 Apr 2021,86.90,87.86,86.74,87.12,71.43,2641603
07 Apr 2021,86.06,86.73,85.73,86.53,70.94,1941057
06 Apr 2021,86.95,86.95,86.03,86.03,70.53,2032271
01 Apr 2021,85.95,86.37,85.53,86.21,70.68,1828365
31 Mar 2021,86.01,87.14,85.80,86.10,70.59,3266727
30 Mar 2021,85.66,86.42,85.13,85.40,70.02,1725824
29 Mar 2021,86.17,86.60,85.47,85.57,70.16,1559267
26 Mar 2021,86.82,87.06,85.93,86.00,70.51,2506871
25 Mar 2021,86.19,86.98,85.79,86.54,70.95,2145117
24 Mar 2021,85.05,86.47,84.71,86.37,70.81,2100578
23 Mar 2021,84.22,85.36,84.20,84.77,69.50,1668194
22 Mar 2021,84.70,85.36,83.94,85.08,69.75,1718564
19 Mar 2021,85.50,85.79,84.40,84.71,69.45,9528922
18 Mar 2021,86.92,87.00,85.51,85.75,70.30,4351783
17 Mar 2021,86.93,87.88,86.40,87.11,71.42,2412813
16 Mar 2021,86.59,87.72,86.51,87.18,71.48,2770885
15 Mar 2021,86.51,86.99,85.76,86.40,70.84,1984298
12 Mar 2021,86.57,86.98,86.17,86.49,70.91,1436474
11 Mar 2021,87.82,87.88,85.77,86.45,70.88,2295069
10 Mar 2021,87.99,88.00,86.72,86.72,71.10,2059023
09 Mar 2021,88.45,88.99,87.67,87.89,72.06,2381197
08 Mar 2021,87.83,88.66,87.24,87.32,71.59,2592114
05 Mar 2021,86.40,86.80,85.53,86.45,70.88,3125494
04 Mar 2021,85.71,86.38,84.81,86.38,70.82,3528772
03 Mar 2021,84.25,85.40,84.25,85.40,70.02,2216522
02 Mar 2021,84.61,85.27,84.37,84.49,69.27,2100089
01 Mar 2021,81.90,84.14,81.79,84.11,68.96,2483224
26 Feb 2021,82.64,83.66,81.56,81.56,66.87,3900672
25 Feb 2021,83.52,84.16,83.32,83.70,68.62,2379912
24 Feb 2021,83.27,83.55,82.31,82.78,67.87,1709865
23 Feb 2021,81.94,83.40,81.60,83.29,68.29,2047232
22 Feb 2021,82.51,82.55,81.72,81.90,67.15,2071470
19 Feb 2021,83.10,83.57,81.65,82.51,67.65,4206236
18 Feb 2021,84.08,84.27,82.80,83.62,68.56,3373355
17 Feb 2021,85.40,85.74,84.04,84.28,69.10,2340499
16 Feb 2021,85.16,85.91,84.89,85.91,70.43,4133771
15 Feb 2021,87.10,87.20,86.35,86.59,69.76,2396310
12 Feb 2021,87.00,87.73,86.35,86.87,69.99,2235993
11 Feb 2021,85.94,87.19,85.25,87.05,70.13,2322335
10 Feb 2021,88.00,88.47,85.77,86.12,69.38,3228687
09 Feb 2021,88.38,88.71,87.04,87.42,70.43,1882826
08 Feb 2021,88.80,89.20,88.60,88.62,71.40,1820303
05 Feb 2021,88.20,88.89,87.85,88.64,71.41,2242933
04 Feb 2021,87.87,88.13,86.76,87.06,70.14,2315913
03 Feb 2021,87.21,88.48,87.12,87.59,70.57,2455634
02 Feb 2021,85.62,86.97,85.35,86.59,69.76,2678902
01 Feb 2021,83.00,84.68,82.02,84.68,68.22,2604306
29 Jan 2021,85.99,86.09,83.38,83.51,67.28,4486404
28 Jan 2021,85.31,85.46,83.90,85.14,68.59,3455937
27 Jan 2021,86.06,86.92,85.86,86.60,69.77,2843239
25 Jan 2021,85.11,85.74,84.80,85.27,68.70,1361881
22 Jan 2021,85.00,85.32,84.81,85.09,68.55,4575426
21 Jan 2021,85.03,85.48,84.51,85.32,68.74,2358103
20 Jan 2021,85.11,85.19,84.25,84.37,67.97,1663224
19 Jan 2021,85.00,85.61,84.91,85.11,68.57,2049672
18 Jan 2021,85.10,85.35,84.16,84.67,68.21,1469159
15 Jan 2021,86.10,86.47,85.25,85.38,68.79,2866714
14 Jan 2021,85.50,86.40,85.40,86.33,69.55,2524347
13 Jan 2021,85.40,86.10,85.11,85.97,69.26,1887641
12 Jan 2021,85.49,86.26,85.28,85.88,69.19,1940939
11 Jan 2021,85.40,85.63,84.94,85.16,68.61,1840016
08 Jan 2021,84.99,85.63,84.79,85.63,68.99,2446079
07 Jan 2021,84.38,85.18,83.70,84.58,68.14,3011086
06 Jan 2021,82.69,83.35,82.28,82.90,66.79,2252786
05 Jan 2021,83.00,83.26,82.49,83.23,67.05,1809541
04 Jan 2021,82.23,83.92,82.17,83.75,67.47,1414844
31 Dec 2020,83.40,83.83,82.11,82.11,66.15,1120867
30 Dec 2020,83.55,83.80,83.09,83.59,67.34,1340818
29 Dec 2020,83.80,84.42,83.80,84.01,67.68,1165218
24 Dec 2020,83.97,84.50,83.15,83.15,66.99,883611
23 Dec 2020,82.79,83.36,82.60,83.18,67.01,1402217
22 Dec 2020,82.75,83.64,82.18,82.42,66.40,1995338
21 Dec 2020,83.12,83.51,82.34,83.00,66.87,1607940
18 Dec 2020,84.40,84.45,83.16,83.16,67.00,8380263
17 Dec 2020,84.59,84.84,84.10,84.72,68.25,4344206
16 Dec 2020,83.13,84.68,83.13,83.85,67.55,2037896
15 Dec 2020,84.30,84.46,82.81,83.07,66.93,2858544
14 Dec 2020,82.50,84.54,82.50,83.92,67.61,2641931
11 Dec 2020,82.90,83.05,82.17,82.39,66.38,2534051
10 Dec 2020,83.55,84.27,82.89,83.09,66.94,5242972
09 Dec 2020,82.00,83.60,81.84,83.18,67.01,4244217
08 Dec 2020,80.38,81.81,80.00,81.81,65.91,3903389
07 Dec 2020,80.50,80.79,80.05,80.74,65.05,2093503
04 Dec 2020,79.80,80.62,79.67,80.18,64.60,2250549
03 Dec 2020,80.00,80.10,79.48,79.56,64.10,1879664
02 Dec 2020,80.33,80.39,79.35,80.10,64.53,3014706
01 Dec 2020,79.01,80.63,78.79,80.25,64.65,2463844
30 Nov 2020,80.65,81.25,79.07,79.07,63.70,4762676
27 Nov 2020,81.00,81.69,80.52,80.71,65.02,2403041
26 Nov 2020,81.90,81.99,81.09,81.09,65.33,2020361
25 Nov 2020,82.40,83.35,82.04,82.37,66.36,3687505
24 Nov 2020,80.01,81.53,79.95,81.16,65.39,2684006
23 Nov 2020,79.79,80.05,79.27,79.60,64.13,1945889
20 Nov 2020,78.78,80.00,78.10,80.00,64.45,6969228
19 Nov 2020,78.00,78.87,77.18,78.87,63.54,4383570
18 Nov 2020,75.46,77.55,75.44,77.55,62.48,3979413
17 Nov 2020,74.65,75.46,74.60,75.39,60.74,4312323
16 Nov 2020,74.00,74.56,73.79,74.49,60.01,350619
13 Nov 2020,72.80,73.42,72.53,73.14,58.93,2805108
12 Nov 2020,74.40,74.60,72.87,73.07,58.87,3365097
11 Nov 2020,72.95,74.44,72.66,74.40,59.94,5151533
10 Nov 2020,72.00,73.14,71.32,72.40,58.33,6300671
09 Nov 2020,69.87,70.58,69.80,70.31,56.65,2365509
06 Nov 2020,70.00,70.25,69.26,69.79,56.23,2084788
05 Nov 2020,68.39,69.67,68.31,69.67,56.13,3856662
04 Nov 2020,69.50,69.72,67.87,68.41,55.11,2725022
03 Nov 2020,69.07,70.45,68.98,69.82,56.25,4195170
02 Nov 2020,69.68,69.70,66.04,68.87,55.49,3410760
30 Oct 2020,68.15,69.63,68.04,69.02,55.61,3779713
29 Oct 2020,68.15,68.67,67.75,68.14,54.90,2736317
28 Oct 2020,68.02,68.79,67.66,68.45,55.15,2260344
27 Oct 2020,69.10,69.38,68.31,68.75,55.39,2139783
26 Oct 2020,69.95,70.10,69.50,69.71,56.16,1509835
23 Oct 2020,69.62,69.91,68.96,69.90,56.32,2327154
22 Oct 2020,69.01,69.46,68.66,69.33,55.86,2607989
21 Oct 2020,69.21,69.82,69.08,69.67,56.13,3012271
20 Oct 2020,70.01,70.45,69.02,69.14,55.70,3276870
19 Oct 2020,69.85,70.25,69.52,70.01,56.40,1711635
16 Oct 2020,69.00,69.65,68.93,69.24,55.78,2994507
15 Oct 2020,68.62,69.72,68.33,69.28,55.82,2461648
14 Oct 2020,68.91,69.33,68.57,68.67,55.32,2158016
13 Oct 2020,69.57,70.66,69.14,69.38,55.90,3234295
12 Oct 2020,67.69,68.62,67.47,68.61,55.28,2140654
09 Oct 2020,68.50,68.55,67.71,67.71,54.55,2430743
08 Oct 2020,68.25,68.38,67.61,68.11,54.87,3174818
07 Oct 2020,66.17,67.61,66.16,67.57,54.44,3011826
06 Oct 2020,66.29,66.43,65.37,66.15,53.29,2227080
05 Oct 2020,64.71,65.99,64.57,65.99,53.17,1961004
02 Oct 2020,63.92,64.25,63.56,63.72,51.34,2525561
01 Oct 2020,63.91,64.54,63.78,64.04,51.59,2109305
30 Sep 2020,64.06,64.53,63.59,63.61,51.25,4612677
29 Sep 2020,65.89,66.04,64.90,65.02,52.38,1979376
28 Sep 2020,66.50,66.64,65.04,65.49,52.76,2440377
25 Sep 2020,65.49,66.78,65.25,66.13,53.28,4021873
24 Sep 2020,63.48,64.43,63.00,64.20,51.72,2762068
23 Sep 2020,63.49,64.47,63.35,64.27,51.78,3572552
22 Sep 2020,63.00,63.28,62.64,63.07,50.81,3671667
21 Sep 2020,64.30,64.35,63.31,63.50,51.16,4649205
18 Sep 2020,65.11,65.25,64.37,64.37,51.86,6395277
17 Sep 2020,65.37,65.77,65.00,65.00,52.37,3934061
16 Sep 2020,65.60,65.83,65.01,65.70,52.93,3905800
15 Sep 2020,66.00,66.16,65.00,65.03,52.39,3757071
14 Sep 2020,66.19,66.59,65.80,66.17,53.31,1944822
11 Sep 2020,66.00,66.26,65.80,65.80,53.01,2996930
10 Sep 2020,67.88,67.88,66.29,66.72,53.75,2969184
09 Sep 2020,66.60,66.98,66.33,66.79,53.81,3026643
08 Sep 2020,67.87,68.49,67.57,68.49,55.18,2062956
07 Sep 2020,66.37,67.90,66.07,67.37,54.28,2350246
04 Sep 2020,67.13,67.44,66.67,66.73,53.76,2884072
03 Sep 2020,68.25,68.60,68.02,68.18,54.93,2379411
02 Sep 2020,66.96,67.92,66.90,67.61,54.47,2427562
01 Sep 2020,67.51,67.72,66.42,66.79,53.81,4125905
31 Aug 2020,68.85,69.16,68.28,68.28,55.01,2630027
28 Aug 2020,69.32,69.68,68.82,69.09,55.66,3290137
27 Aug 2020,69.65,69.83,68.90,69.07,55.65,3089720
26 Aug 2020,69.82,69.87,68.80,69.65,56.11,2667332
25 Aug 2020,70.00,70.78,69.60,70.45,56.76,3548162
24 Aug 2020,69.58,69.63,68.85,68.95,55.55,2682292
21 Aug 2020,70.50,71.15,69.63,69.63,56.10,4129176
20 Aug 2020,69.85,70.67,69.85,70.26,56.61,4527699
19 Aug 2020,69.51,71.06,69.51,71.04,57.23,3711730
18 Aug 2020,70.80,71.24,70.03,70.48,55.99,4601033
17 Aug 2020,71.10,71.45,70.65,70.76,56.22,3329741
14 Aug 2020,72.43,72.87,71.27,71.76,57.01,4061418
13 Aug 2020,74.99,75.17,72.13,72.43,57.54,5960634
12 Aug 2020,75.97,76.75,73.95,74.34,59.06,4403812
11 Aug 2020,74.00,76.03,73.91,74.70,59.35,4249396
10 Aug 2020,72.10,74.12,72.06,73.98,58.77,3363578
07 Aug 2020,71.21,71.65,71.02,71.52,56.82,2499015
06 Aug 2020,72.00,72.24,71.15,71.71,56.97,2237150
05 Aug 2020,70.31,71.77,69.67,71.70,56.96,2914726
04 Aug 2020,71.30,72.25,71.17,71.50,56.80,4177168
03 Aug 2020,70.41,70.51,69.13,69.93,55.56,3299430
31 Jul 2020,72.60,72.67,71.03,71.20,56.56,4787087
30 Jul 2020,73.30,73.87,73.03,73.22,58.17,2916496
29 Jul 2020,72.80,73.91,72.54,73.01,58.00,4074211
28 Jul 2020,72.82,73.05,72.13,72.21,57.37,1907858
27 Jul 2020,72.85,73.28,72.27,72.49,57.59,1905993
24 Jul 2020,73.20,73.64,72.75,72.86,57.88,2473039
23 Jul 2020,73.76,73.96,73.18,73.74,58.58,2494631
22 Jul 2020,74.30,74.72,73.57,74.13,58.89,2723772
21 Jul 2020,72.78,74.43,72.34,74.43,59.13,3172653
20 Jul 2020,72.21,72.35,71.55,71.99,57.19,1506664
17 Jul 2020,72.78,73.02,72.21,72.60,57.68,3329439
16 Jul 2020,73.07,73.45,72.09,72.64,57.71,3339604
15 Jul 2020,72.00,72.80,71.40,72.73,57.78,3427002
14 Jul 2020,72.00,72.25,71.44,71.73,56.99,2788782
13 Jul 2020,71.80,72.63,71.50,72.12,57.30,3169882
10 Jul 2020,70.61,71.15,70.21,70.63,56.11,2954790
09 Jul 2020,71.02,71.13,70.42,70.42,55.95,2582172
08 Jul 2020,70.97,71.47,70.25,70.56,56.06,3698529
07 Jul 2020,71.90,72.39,71.16,71.24,56.60,3742188
06 Jul 2020,71.40,72.30,70.97,71.42,56.74,2432574
03 Jul 2020,71.43,71.93,70.77,71.57,56.86,2633309
02 Jul 2020,69.80,71.16,69.52,71.10,56.49,4184511
01 Jul 2020,69.45,69.88,68.87,69.88,55.52,2669469
30 Jun 2020,69.55,70.15,69.01,69.42,55.15,4503164
29 Jun 2020,67.80,68.58,67.37,68.58,54.48,2706964
26 Jun 2020,68.67,69.41,68.32,69.27,55.03,5935454
25 Jun 2020,67.96,68.61,67.57,67.65,53.74,3797086
24 Jun 2020,69.24,69.60,68.63,69.24,55.01,2798594
23 Jun 2020,69.66,69.66,68.29,69.03,54.84,2516618
22 Jun 2020,68.15,69.86,67.90,69.44,55.17,2314821
19 Jun 2020,69.65,69.87,68.36,68.68,54.56,5999403
18 Jun 2020,69.15,69.44,68.13,69.01,54.83,6359929
17 Jun 2020,69.70,69.78,68.56,69.59,55.29,3893680
16 Jun 2020,68.76,69.57,68.15,69.09,54.89,5425361
15 Jun 2020,67.22,68.00,66.30,66.30,52.67,4090602
12 Jun 2020,66.50,67.64,65.38,67.32,53.48,6002755
11 Jun 2020,69.87,70.50,68.31,68.44,54.37,5573908
10 Jun 2020,71.38,72.42,70.60,71.60,56.88,3872247
09 Jun 2020,71.00,72.42,70.67,72.20,57.36,5346437
05 Jun 2020,68.17,68.98,67.91,68.73,54.60,4428390
04 Jun 2020,67.90,68.65,66.91,67.66,53.75,6606740
03 Jun 2020,64.61,66.29,64.46,66.11,52.52,3553552
02 Jun 2020,64.00,64.44,63.57,64.03,50.87,2100991
01 Jun 2020,63.05,64.23,62.31,63.90,50.77,3070283
29 May 2020,65.37,65.65,63.75,63.75,50.65,8073379
28 May 2020,66.01,67.03,65.09,65.73,52.22,5684569
27 May 2020,61.81,65.88,61.74,64.30,51.08,10042101
26 May 2020,59.40,61.31,59.11,61.31,48.71,6741584
25 May 2020,59.34,59.37,58.65,58.99,46.86,3314489
22 May 2020,59.15,59.46,58.70,58.70,46.63,3533352
21 May 2020,60.34,60.40,59.05,59.05,46.91,3701924
20 May 2020,59.10,60.10,59.02,60.07,47.72,2628015
19 May 2020,60.10,60.40,59.40,59.65,47.39,3796234
18 May 2020,59.89,59.94,58.88,58.90,46.79,2783661
15 May 2020,59.50,59.76,58.91,59.60,47.35,2541031
14 May 2020,59.40,59.59,58.82,58.90,46.79,4440061
13 May 2020,59.20,60.85,58.79,60.85,48.34,4472151
12 May 2020,60.19,60.50,59.25,59.71,47.44,3095215
11 May 2020,60.00,60.77,59.80,60.14,47.78,3138014
08 May 2020,60.25,60.30,59.47,59.60,47.35,3732173
07 May 2020,59.93,60.19,59.14,59.26,47.08,3227213
06 May 2020,60.50,60.70,59.88,60.35,47.95,2251545
05 May 2020,60.60,61.19,60.15,60.85,48.34,3811757
04 May 2020,58.63,60.11,58.01,59.88,47.57,3294801
01 May 2020,61.51,61.54,58.84,58.84,46.75,5231281
30 Apr 2020,61.88,62.93,61.26,62.69,49.80,5477696
29 Apr 2020,59.35,61.07,59.35,61.07,48.52,3903547
28 Apr 2020,59.10,60.13,58.00,58.61,46.56,4608913
27 Apr 2020,58.25,58.88,57.00,58.88,46.78,4215834
24 Apr 2020,58.55,59.55,58.49,58.88,46.78,4408844
23 Apr 2020,60.00,60.24,58.37,58.83,46.74,4443380
22 Apr 2020,58.38,59.95,57.58,59.25,47.07,4437856
21 Apr 2020,60.14,60.45,58.63,58.63,46.58,4261494
20 Apr 2020,60.99,61.59,59.88,59.88,47.57,3866241
17 Apr 2020,62.15,62.29,61.05,61.06,48.51,3484591
16 Apr 2020,60.47,61.26,60.14,61.26,48.67,5129177
15 Apr 2020,62.50,63.25,61.50,62.07,49.31,4472733
14 Apr 2020,61.76,62.75,60.80,62.75,49.85,4179847
09 Apr 2020,61.57,61.76,59.84,61.76,49.07,4265838
08 Apr 2020,60.00,61.25,59.31,59.81,47.52,7488425
07 Apr 2020,63.60,64.79,61.00,61.87,49.15,6689173
06 Apr 2020,61.09,62.99,60.50,62.47,49.63,4475626
03 Apr 2020,62.10,62.50,59.67,60.11,47.75,5466414
02 Apr 2020,61.25,62.29,59.68,61.24,48.65,8116112
01 Apr 2020,64.00,64.00,61.57,63.67,50.58,6392579
31 Mar 2020,64.60,68.18,61.00,61.82,49.11,9250686
30 Mar 2020,57.85,63.95,57.85,63.95,50.81,5825869
27 Mar 2020,63.28,63.79,57.66,57.66,45.81,12591507
26 Mar 2020,62.90,63.21,60.06,61.80,49.10,5841282
25 Mar 2020,62.00,62.40,57.88,62.40,49.57,7698259
24 Mar 2020,56.01,58.08,55.00,57.00,45.28,6944322
23 Mar 2020,57.71,57.80,53.44,54.26,43.11,10019723
20 Mar 2020,64.41,64.41,59.91,59.91,47.60,10756489
19 Mar 2020,66.19,68.50,60.45,60.95,48.42,10958660
18 Mar 2020,65.96,66.90,61.96,63.95,50.81,10404325
17 Mar 2020,59.72,67.90,59.70,67.64,53.74,11345264
16 Mar 2020,61.44,65.38,59.72,59.72,47.44,10752353
13 Mar 2020,60.47,66.36,57.16,66.36,52.72,17021972
12 Mar 2020,67.90,68.74,63.11,63.11,50.14,10247518
11 Mar 2020,73.07,73.50,68.50,68.50,54.42,8171997
10 Mar 2020,67.53,73.37,65.75,73.37,58.29,8874773
09 Mar 2020,71.00,71.96,69.15,69.15,54.94,7669261
06 Mar 2020,75.33,75.50,73.93,73.93,58.73,4995332
05 Mar 2020,78.15,78.30,76.39,76.75,60.97,5804404
04 Mar 2020,78.17,78.40,76.50,77.11,61.26,4610814
03 Mar 2020,81.50,81.95,79.09,79.11,62.85,4537570
02 Mar 2020,80.05,80.77,78.75,80.47,63.93,4714534
28 Feb 2020,82.25,82.59,81.27,81.78,64.97,7654504
27 Feb 2020,85.12,85.64,83.73,84.43,67.08,4435151
26 Feb 2020,85.33,86.05,85.07,85.35,67.81,3362264
25 Feb 2020,86.30,87.28,85.85,86.80,68.96,3475833
24 Feb 2020,87.61,87.99,87.40,87.99,69.90,2432907
21 Feb 2020,87.85,88.80,87.53,88.80,70.55,2506023
20 Feb 2020,87.83,88.10,87.41,87.85,69.79,2902590
19 Feb 2020,88.01,88.15,87.50,87.83,69.78,8050978
18 Feb 2020,89.81,90.26,89.58,90.26,70.12,3817424
17 Feb 2020,90.79,90.88,89.25,89.46,69.50,2619663
14 Feb 2020,89.40,91.05,89.30,90.99,70.69,7942600
13 Feb 2020,88.49,88.73,87.87,88.73,68.93,4143011
12 Feb 2020,86.20,88.56,86.20,88.18,68.50,7132862
11 Feb 2020,84.80,85.00,84.52,84.72,65.81,1913033
10 Feb 2020,84.74,84.74,84.08,84.32,65.50,1818742
07 Feb 2020,84.62,84.80,83.95,84.80,65.88,3368097
06 Feb 2020,83.93,84.35,83.50,84.23,65.43,3581220
05 Feb 2020,85.00,85.00,83.28,83.28,64.70,3166202
04 Feb 2020,84.40,84.69,83.96,84.31,65.50,2564013
03 Feb 2020,84.15,84.95,84.06,84.55,65.68,2139581
31 Jan 2020,85.57,85.97,84.90,85.26,66.23,6713764
30 Jan 2020,84.84,85.44,84.68,85.44,66.37,3176161
29 Jan 2020,84.44,84.86,84.16,84.61,65.73,1877335
28 Jan 2020,83.70,84.07,83.54,84.02,65.27,2273413
24 Jan 2020,84.90,85.40,84.77,84.94,65.99,2839291
23 Jan 2020,84.44,84.95,84.26,84.52,65.66,2105704
22 Jan 2020,83.50,84.56,83.49,84.45,65.60,3656698
21 Jan 2020,83.88,83.88,83.20,83.48,64.85,1923944
20 Jan 2020,84.00,84.40,83.83,83.93,65.20,1980399
17 Jan 2020,84.74,84.96,84.01,84.05,65.29,2401336
16 Jan 2020,84.00,84.46,83.88,84.46,65.61,3058484
15 Jan 2020,83.10,83.77,83.10,83.66,64.99,2039328
14 Jan 2020,82.96,83.52,82.77,83.17,64.61,2703855
13 Jan 2020,82.10,82.58,81.73,82.48,64.07,1434635
10 Jan 2020,81.63,82.50,81.61,82.50,64.09,2875353
09 Jan 2020,81.50,81.84,81.17,81.49,63.31,3014295
08 Jan 2020,81.22,81.25,80.03,80.90,62.85,1719114
07 Jan 2020,80.82,81.20,80.18,81.20,63.08,2417468
06 Jan 2020,79.73,79.88,79.23,79.77,61.97,2129260
03 Jan 2020,80.97,81.19,80.25,80.31,62.39,1622784
02 Jan 2020,79.79,80.22,79.39,79.88,62.05,1416232
31 Dec 2019,80.53,80.55,79.80,79.90,62.07,1766363
30 Dec 2019,81.25,81.30,80.47,81.10,63.00,905155
27 Dec 2019,80.99,81.12,80.55,81.07,62.98,1159836
24 Dec 2019,80.72,80.85,80.40,80.71,62.70,783104
23 Dec 2019,81.19,81.30,80.75,80.84,62.80,1317871
20 Dec 2019,81.86,81.94,81.00,81.25,63.12,7478049
19 Dec 2019,82.35,82.38,81.47,81.73,63.49,4093135
18 Dec 2019,81.73,82.07,81.51,81.90,63.62,3524114
17 Dec 2019,81.50,81.90,81.01,81.90,63.62,2402263
16 Dec 2019,80.50,81.50,80.21,81.46,63.28,3266776
13 Dec 2019,80.20,80.69,79.86,80.06,62.19,2833940
12 Dec 2019,79.81,80.07,79.58,79.72,61.93,1936584
11 Dec 2019,79.83,80.35,79.52,80.31,62.39,2438700
10 Dec 2019,79.35,79.64,78.82,79.23,61.55,1450289
09 Dec 2019,79.42,79.56,79.07,79.26,61.57,1382702
06 Dec 2019,79.06,79.10,78.71,78.99,61.36,2327383
05 Dec 2019,78.74,78.94,78.40,78.62,61.08,3434240
04 Dec 2019,78.50,78.56,77.81,77.81,60.45,5003594
03 Dec 2019,80.24,80.40,79.20,79.34,61.64,3917400
02 Dec 2019,81.35,81.88,80.86,81.43,63.26,2135334
29 Nov 2019,81.80,81.86,80.72,80.82,62.78,4176189
28 Nov 2019,81.85,82.00,81.50,81.60,63.39,2655672
27 Nov 2019,80.83,81.75,80.64,81.69,63.46,4243299
26 Nov 2019,80.00,80.74,79.89,80.74,62.72,4528389
25 Nov 2019,80.00,80.29,79.60,79.89,62.06,2015514
22 Nov 2019,79.33,79.94,78.80,79.60,61.84,3097801
21 Nov 2019,78.76,79.89,78.55,79.33,61.63,3337094
20 Nov 2019,80.10,80.30,79.13,79.60,61.84,2972717
19 Nov 2019,80.10,80.67,79.85,80.67,62.67,2557115
18 Nov 2019,80.30,80.50,79.91,80.34,62.41,1405715
15 Nov 2019,80.19,80.87,80.05,80.69,62.68,2651459
14 Nov 2019,79.55,79.84,79.04,79.77,61.97,2149047
13 Nov 2019,80.83,80.99,79.20,79.24,61.56,3299689
12 Nov 2019,80.46,80.89,79.97,80.83,62.79,3219212
11 Nov 2019,79.59,80.29,79.57,80.05,62.19,2818260
08 Nov 2019,79.06,79.44,78.71,79.17,61.50,1773150
07 Nov 2019,78.51,79.09,78.23,79.04,61.40,3340465
06 Nov 2019,78.10,78.57,77.83,78.00,60.59,2684846
05 Nov 2019,77.65,78.10,77.42,77.70,60.36,3036286
04 Nov 2019,77.65,77.68,76.66,77.05,59.86,3840544
01 Nov 2019,78.10,78.30,77.43,78.24,60.78,3363281
31 Oct 2019,79.50,79.50,78.32,78.66,61.11,2808309
30 Oct 2019,80.06,80.38,79.50,79.69,61.91,2361523
29 Oct 2019,80.15,80.60,80.15,80.46,62.51,1510421
28 Oct 2019,80.77,80.97,80.33,80.48,62.52,1464194
25 Oct 2019,80.45,80.77,80.29,80.70,62.69,4235620
24 Oct 2019,80.12,80.37,80.08,80.29,62.37,2426692
23 Oct 2019,79.73,79.94,79.28,79.94,62.10,1787716
22 Oct 2019,79.69,79.88,79.49,79.66,61.88,1442971
21 Oct 2019,79.20,79.79,79.03,79.79,61.98,1422877
18 Oct 2019,79.65,79.79,79.17,79.64,61.87,2038298
17 Oct 2019,80.68,80.75,79.86,80.11,62.23,3174599
16 Oct 2019,79.80,80.50,79.72,80.43,62.48,2907048
15 Oct 2019,78.96,79.35,78.80,79.31,61.61,957243
14 Oct 2019,79.20,79.64,78.99,79.07,61.43,1212377
11 Oct 2019,78.84,78.96,78.40,78.77,61.19,2361404
10 Oct 2019,78.00,78.52,77.71,78.10,60.67,1635549
09 Oct 2019,77.80,78.19,77.65,78.18,60.73,1503988
08 Oct 2019,78.39,78.67,78.13,78.60,61.06,1884181
07 Oct 2019,78.28,78.39,77.72,77.94,60.55,1021796
04 Oct 2019,77.51,77.83,77.00,77.59,60.28,2516609
03 Oct 2019,78.00,78.06,77.34,77.34,60.08,3919413
02 Oct 2019,80.00,80.26,79.51,79.60,61.84,3237695
01 Oct 2019,80.96,81.36,80.12,81.28,63.14,2799927
30 Sep 2019,81.51,81.54,80.83,80.83,62.79,2520880
27 Sep 2019,81.38,81.80,81.19,81.54,63.34,5336753
26 Sep 2019,81.60,81.99,80.88,81.18,63.06,3127123
25 Sep 2019,81.71,81.89,81.35,81.58,63.38,3461785
24 Sep 2019,82.23,82.55,82.10,82.10,63.78,3297104
23 Sep 2019,82.39,82.56,81.77,82.05,63.74,1928322
20 Sep 2019,82.15,82.55,81.82,82.18,63.84,4427114
19 Sep 2019,82.34,82.64,81.82,82.18,63.84,5445784
18 Sep 2019,82.10,82.35,81.44,81.74,63.50,2664207
17 Sep 2019,81.40,82.24,81.21,82.24,63.89,3399399
16 Sep 2019,81.61,81.94,81.37,81.69,63.46,2992334
13 Sep 2019,81.75,82.24,81.71,82.14,63.81,3497608
12 Sep 2019,81.29,81.46,81.10,81.35,63.20,2795277
11 Sep 2019,80.15,80.60,80.01,80.60,62.61,2757774
10 Sep 2019,79.99,80.33,79.68,79.89,62.06,2718563
09 Sep 2019,79.40,80.00,79.35,79.81,62.00,2167582
06 Sep 2019,79.51,79.71,79.42,79.54,61.79,2777704
05 Sep 2019,79.00,79.59,78.81,79.25,61.57,2099227
04 Sep 2019,77.89,78.69,77.79,78.69,61.13,2505318
03 Sep 2019,78.97,79.27,78.45,78.78,61.20,1701064
02 Sep 2019,78.90,79.29,78.64,78.94,61.32,1826554
30 Aug 2019,77.77,79.05,77.52,79.05,61.41,6147476
29 Aug 2019,77.00,77.48,76.92,77.41,60.14,2988307
28 Aug 2019,76.61,76.82,76.32,76.80,59.66,1997056
27 Aug 2019,76.80,77.25,76.73,77.15,59.93,2359061
26 Aug 2019,76.31,76.76,75.81,76.76,59.63,1815254
23 Aug 2019,77.02,77.40,76.61,77.40,60.13,1815994
22 Aug 2019,77.48,77.48,76.99,77.10,59.89,1964387
21 Aug 2019,76.87,77.12,76.55,77.02,59.83,2970370
20 Aug 2019,76.70,77.25,76.43,77.13,59.92,3950231
19 Aug 2019,75.94,76.29,75.80,76.29,59.27,2682547
16 Aug 2019,74.45,75.25,74.45,75.12,58.36,3014001
15 Aug 2019,75.10,75.80,74.34,74.34,57.75,5335767
14 Aug 2019,77.40,77.41,76.33,76.63,59.53,6351228
13 Aug 2019,79.56,80.00,79.25,79.46,59.93,3347281
12 Aug 2019,79.46,79.99,79.14,79.94,60.30,2131570
09 Aug 2019,79.61,79.80,79.09,79.42,59.90,4335354
08 Aug 2019,77.60,78.96,77.50,78.96,59.56,4315824
07 Aug 2019,77.81,79.47,77.47,78.70,59.36,6919201
06 Aug 2019,79.84,80.29,79.20,79.80,60.19,4177911
05 Aug 2019,82.00,82.43,81.15,81.21,61.25,1373507
02 Aug 2019,81.75,82.18,81.21,81.88,61.76,2428468
01 Aug 2019,81.50,82.35,81.33,81.92,61.79,3129406
31 Jul 2019,83.09,83.43,82.30,82.30,62.08,3304674
30 Jul 2019,83.49,83.70,83.00,83.40,62.91,3120288
29 Jul 2019,82.80,83.45,82.38,83.25,62.79,3280357
26 Jul 2019,82.99,83.29,82.53,82.59,62.29,6715835
25 Jul 2019,82.73,83.00,82.37,83.00,62.60,3721233
24 Jul 2019,82.00,82.35,81.60,82.35,62.11,3329560
23 Jul 2019,81.90,82.11,81.51,81.55,61.51,2316067
22 Jul 2019,82.15,82.20,81.51,81.85,61.74,1390532
19 Jul 2019,81.50,82.27,81.37,82.09,61.92,2208256
18 Jul 2019,81.15,81.45,80.90,81.38,61.38,1503108
17 Jul 2019,80.77,81.44,80.60,81.32,61.34,1339322
16 Jul 2019,80.95,81.20,80.85,80.85,60.98,1435095
15 Jul 2019,80.91,81.44,80.80,81.06,61.14,1575737
12 Jul 2019,81.24,82.00,80.91,81.52,61.49,3140331
11 Jul 2019,80.88,81.47,80.57,81.24,61.28,2098294
10 Jul 2019,81.50,81.95,81.01,81.24,61.28,1696610
09 Jul 2019,80.69,81.03,80.40,80.97,61.07,2473175
08 Jul 2019,82.00,82.14,81.28,81.28,61.31,1900273
05 Jul 2019,82.02,82.55,81.63,82.26,62.05,2886920
04 Jul 2019,81.44,82.20,81.23,81.57,61.53,2785014
03 Jul 2019,80.54,81.19,80.12,80.95,61.06,3356436
02 Jul 2019,82.22,82.43,80.52,81.05,61.13,3516402
01 Jul 2019,83.50,83.52,81.88,82.32,62.09,2964519
28 Jun 2019,83.20,83.99,82.50,82.78,62.44,7376177
27 Jun 2019,81.98,83.00,81.93,83.00,62.60,2587665
26 Jun 2019,82.29,82.38,81.85,82.19,61.99,3256761
25 Jun 2019,82.66,82.69,82.04,82.38,62.14,1997999
24 Jun 2019,82.00,82.70,81.91,82.70,62.38,1606761
21 Jun 2019,82.89,82.99,81.90,82.24,62.03,5058429
20 Jun 2019,82.78,83.00,81.97,82.89,62.52,4528129
19 Jun 2019,81.70,82.39,81.66,82.30,62.08,5180862
18 Jun 2019,80.70,81.45,80.69,81.45,61.43,5192688
17 Jun 2019,79.80,80.69,79.71,80.19,60.48,2277090
14 Jun 2019,79.81,79.92,79.13,79.77,60.17,2314464
13 Jun 2019,80.15,80.49,80.00,80.42,60.66,2020161
12 Jun 2019,81.00,81.25,79.86,79.87,60.24,2880475
11 Jun 2019,80.10,81.00,80.02,80.95,61.06,2954049
07 Jun 2019,79.99,80.00,79.50,80.00,60.34,2342094
06 Jun 2019,79.47,80.00,79.45,79.72,60.13,3028387
05 Jun 2019,79.00,79.50,78.82,79.39,59.88,3016640
04 Jun 2019,77.92,78.73,77.40,78.42,59.15,3000157
03 Jun 2019,78.06,78.56,77.81,77.91,58.76,2379890
31 May 2019,77.95,78.54,77.72,78.51,59.22,6604404
30 May 2019,77.38,78.42,77.38,78.20,58.98,3465876
29 May 2019,77.53,77.99,77.35,77.89,58.75,2732763
28 May 2019,77.84,78.34,77.75,78.04,58.86,4145532
27 May 2019,77.51,78.12,77.51,77.64,58.56,1439079
24 May 2019,77.75,78.18,77.31,78.18,58.97,2851840
23 May 2019,78.93,78.93,78.03,78.15,58.95,3187084
22 May 2019,78.70,79.00,78.16,79.00,59.59,3539248
21 May 2019,79.60,79.79,77.05,78.97,59.56,6145587
20 May 2019,76.96,77.72,75.00,77.40,58.38,10224511
17 May 2019,73.90,73.99,72.74,72.83,54.93,2939669
16 May 2019,72.93,73.33,72.41,73.33,55.31,3245252
15 May 2019,72.69,72.89,72.22,72.54,54.71,2903634
14 May 2019,72.76,72.90,72.01,72.57,54.74,3135573
13 May 2019,73.90,74.00,73.09,73.50,55.44,3217303
10 May 2019,75.18,75.48,74.80,75.40,56.87,2007443
09 May 2019,74.42,75.29,74.42,75.17,56.70,1893374
08 May 2019,74.21,74.80,74.15,74.74,56.37,1569921
07 May 2019,75.07,75.65,74.61,74.61,56.28,1890973
06 May 2019,74.47,75.24,74.29,74.94,56.52,1621358
03 May 2019,74.92,75.38,74.45,74.98,56.55,2066251
02 May 2019,75.00,75.03,74.46,74.86,56.46,1967634
01 May 2019,74.81,75.86,74.70,75.50,56.95,2275425
30 Apr 2019,74.91,75.07,74.51,74.52,56.21,2336279
29 Apr 2019,75.40,75.45,74.70,75.11,56.65,1673023
26 Apr 2019,75.09,75.50,74.87,75.45,56.91,2906927
24 Apr 2019,74.50,75.34,74.43,75.16,56.69,6661349
23 Apr 2019,73.58,74.33,73.29,74.20,55.97,3027492
18 Apr 2019,73.65,73.83,73.08,73.41,55.37,2739790
17 Apr 2019,72.80,73.45,72.78,73.29,55.28,2583116
16 Apr 2019,72.09,72.81,72.00,72.69,54.83,2535090
15 Apr 2019,71.94,72.28,71.86,72.19,54.45,2279880
12 Apr 2019,70.94,71.74,70.79,71.63,54.03,3170599
11 Apr 2019,70.27,70.46,70.00,70.26,52.99,3282063
10 Apr 2019,70.14,71.03,70.03,70.75,53.36,2079661
09 Apr 2019,70.56,70.60,69.72,70.25,52.99,2741284
08 Apr 2019,71.01,71.07,70.50,70.67,53.30,2086127
05 Apr 2019,71.06,71.25,70.63,70.89,53.47,2601681
04 Apr 2019,71.52,71.58,70.96,71.23,53.73,2364739
03 Apr 2019,71.51,71.69,71.05,71.39,53.85,2582854
02 Apr 2019,71.90,72.16,71.25,71.38,53.84,2267274
01 Apr 2019,71.00,71.77,71.00,71.36,53.82,1893435
29 Mar 2019,70.78,71.00,70.38,70.64,53.28,5134907
28 Mar 2019,70.82,71.04,70.30,70.91,53.48,2981799
27 Mar 2019,70.60,70.84,70.20,70.84,53.43,2413219
26 Mar 2019,70.74,70.96,70.47,70.71,53.33,2274251
25 Mar 2019,70.63,70.91,70.30,70.78,53.39,2792861
22 Mar 2019,71.30,71.85,71.00,71.43,53.88,1612285
21 Mar 2019,70.53,71.19,70.51,71.13,53.65,4797875
20 Mar 2019,71.01,71.32,70.70,70.79,53.39,3282179
19 Mar 2019,72.30,72.30,71.26,71.33,53.80,2978248
18 Mar 2019,72.03,72.61,71.52,71.75,54.12,3044657
15 Mar 2019,73.34,73.34,72.03,72.31,54.54,5551817
14 Mar 2019,73.39,73.39,72.51,72.55,54.72,2031806
13 Mar 2019,73.13,73.15,72.27,72.70,54.83,2971382
12 Mar 2019,73.69,74.00,73.51,73.69,55.58,2355849
11 Mar 2019,72.68,73.28,72.60,73.05,55.10,2164041
08 Mar 2019,74.00,74.14,73.10,73.18,55.20,3624931
07 Mar 2019,74.98,75.00,74.51,74.68,56.33,3135990
06 Mar 2019,74.09,74.75,74.01,74.75,56.38,3025463
05 Mar 2019,73.69,74.23,73.55,74.06,55.86,2616966
04 Mar 2019,74.55,74.82,73.98,74.05,55.85,2261615
01 Mar 2019,73.95,74.65,73.90,74.35,56.08,3554240
28 Feb 2019,73.51,73.95,73.16,73.95,55.78,3968439
27 Feb 2019,73.43,73.71,73.15,73.65,55.55,2223896
26 Feb 2019,73.69,73.69,72.80,73.15,55.17,2069074
25 Feb 2019,73.80,73.93,73.05,73.76,55.63,2485374
22 Feb 2019,73.21,73.85,72.73,73.85,55.70,4838373
21 Feb 2019,72.20,73.22,71.98,73.10,55.14,4539658
20 Feb 2019,71.50,72.19,71.17,71.66,54.05,2514470
19 Feb 2019,70.72,71.85,70.72,71.67,54.06,2952891
18 Feb 2019,71.47,71.48,70.66,70.97,53.53,2057522
15 Feb 2019,70.50,71.04,70.25,70.81,53.41,2578410
14 Feb 2019,71.21,71.34,70.55,70.59,53.24,2787802
13 Feb 2019,71.75,71.75,70.95,71.21,53.71,6133536
12 Feb 2019,73.79,74.13,73.15,73.33,53.80,3431996
11 Feb 2019,74.59,74.75,73.34,73.82,54.16,2926427
08 Feb 2019,73.45,74.94,73.45,74.75,54.84,5082651
07 Feb 2019,72.59,74.25,72.50,74.06,54.34,4119932
06 Feb 2019,73.90,74.25,72.02,72.60,53.27,5414328
05 Feb 2019,73.69,73.89,72.41,73.60,54.00,7693619
04 Feb 2019,69.45,70.92,69.22,70.30,51.58,2595413
01 Feb 2019,69.23,70.27,69.15,69.76,51.18,3144898
31 Jan 2019,71.24,71.45,69.91,69.91,51.29,4965542
30 Jan 2019,71.23,71.33,70.82,71.24,52.27,3204973
29 Jan 2019,72.02,72.37,71.28,71.35,52.35,2569527
25 Jan 2019,72.67,72.96,72.29,72.54,53.22,5756348
24 Jan 2019,72.39,72.55,71.86,72.51,53.20,1862511
23 Jan 2019,71.90,72.42,71.64,72.13,52.92,1979598
22 Jan 2019,72.68,72.94,71.92,72.18,52.96,2142852
21 Jan 2019,73.42,73.55,72.93,73.05,53.60,1412257
18 Jan 2019,73.09,73.42,72.93,73.23,53.73,1943242
17 Jan 2019,72.91,73.08,72.56,72.77,53.39,2510233
16 Jan 2019,72.78,72.99,72.14,72.55,53.23,2463396
15 Jan 2019,72.48,72.80,72.29,72.65,53.30,2350615
14 Jan 2019,71.93,72.28,71.60,71.92,52.77,2511661
11 Jan 2019,72.48,72.49,71.66,71.66,52.58,2187613
10 Jan 2019,72.38,72.45,71.71,72.45,53.16,2617459
09 Jan 2019,72.63,72.75,72.06,72.33,53.07,2317350
08 Jan 2019,72.38,72.80,72.00,72.47,53.17,2363648
07 Jan 2019,72.50,72.99,72.45,72.57,53.24,2615597
04 Jan 2019,71.50,71.96,71.08,71.89,52.75,3501951
03 Jan 2019,71.25,71.98,70.86,71.84,52.71,3345567
02 Jan 2019,72.35,72.47,70.77,70.97,52.07,2858639
31 Dec 2018,71.95,72.72,71.94,72.39,53.11,2208331
28 Dec 2018,70.60,71.91,70.35,71.91,52.76,3546188
27 Dec 2018,69.50,70.34,69.20,70.33,51.60,2558888
24 Dec 2018,67.55,68.80,67.55,68.65,50.37,1285325
21 Dec 2018,69.11,69.64,67.60,68.48,50.24,9441177
20 Dec 2018,68.86,69.91,68.70,68.92,50.57,4793001
19 Dec 2018,68.92,69.99,68.70,69.40,50.92,4300599
18 Dec 2018,68.34,69.33,68.22,68.60,50.33,3125139
17 Dec 2018,68.31,69.58,68.16,69.26,50.82,3069368
14 Dec 2018,69.63,69.90,68.51,68.81,50.49,3842203
13 Dec 2018,70.25,70.99,69.56,70.18,51.49,2098764
12 Dec 2018,68.78,70.08,68.35,70.08,51.42,3753951
11 Dec 2018,68.53,68.85,67.92,68.43,50.21,2558095
10 Dec 2018,69.08,69.39,68.20,68.27,50.09,3969241
07 Dec 2018,69.81,70.70,69.30,70.37,51.63,2548553
06 Dec 2018,69.35,69.78,69.02,69.67,51.12,2910742
05 Dec 2018,69.52,70.08,69.12,70.00,51.36,2666241
04 Dec 2018,71.29,71.79,70.70,70.80,51.95,2685903
03 Dec 2018,72.06,72.27,71.26,71.55,52.50,2476218
30 Nov 2018,72.09,72.73,71.23,71.23,52.26,7590949
29 Nov 2018,72.74,73.05,72.18,72.43,53.14,3424908
28 Nov 2018,72.29,72.49,71.82,72.09,52.89,2672431
27 Nov 2018,71.97,72.21,70.96,72.21,52.98,3378679
26 Nov 2018,71.22,71.83,70.89,71.36,52.36,4536943
23 Nov 2018,70.33,71.57,70.32,71.30,52.31,3277567
22 Nov 2018,70.11,70.86,69.92,70.63,51.82,2633051
21 Nov 2018,68.75,70.06,68.47,70.06,51.40,3504716
20 Nov 2018,68.20,69.20,67.72,69.20,50.77,3281333
19 Nov 2018,68.86,68.90,68.29,68.50,50.26,2192091
16 Nov 2018,69.15,69.70,68.90,68.90,50.55,2008024
15 Nov 2018,69.29,69.40,67.75,68.86,50.52,3253977
14 Nov 2018,71.00,71.25,69.06,69.21,50.78,3378631
13 Nov 2018,70.90,71.28,70.52,70.90,52.02,3900383
12 Nov 2018,70.73,71.78,70.46,71.77,52.66,2384638
09 Nov 2018,70.45,70.95,70.35,70.95,52.06,2818344
08 Nov 2018,69.85,70.64,69.51,70.62,51.81,3533519
07 Nov 2018,69.00,69.90,68.92,69.35,50.88,3047152
06 Nov 2018,68.14,69.23,67.85,68.95,50.59,1731764
05 Nov 2018,68.09,68.58,67.31,67.98,49.88,2088395
02 Nov 2018,68.60,68.79,67.65,68.35,50.15,3697329
01 Nov 2018,69.30,69.55,68.20,68.94,50.58,4650596
31 Oct 2018,68.52,69.28,68.03,69.23,50.79,4697573
30 Oct 2018,66.69,68.16,66.68,68.16,50.01,2835199
29 Oct 2018,66.10,66.71,66.00,66.64,48.89,1962573
26 Oct 2018,65.56,66.11,65.26,65.81,48.28,6297268
25 Oct 2018,66.13,66.23,65.27,65.27,47.89,3656808
24 Oct 2018,66.48,67.25,66.41,66.86,49.05,2234525
23 Oct 2018,67.29,67.92,66.61,66.61,48.87,2236402
22 Oct 2018,67.49,67.98,66.91,67.34,49.41,2152964
19 Oct 2018,66.92,67.94,66.52,67.92,49.83,2694039
18 Oct 2018,66.95,67.37,66.58,67.22,49.32,2772564
17 Oct 2018,66.68,67.23,66.59,66.90,49.08,2588079
16 Oct 2018,65.64,66.55,65.50,65.77,48.25,2766720
15 Oct 2018,66.80,67.00,65.23,65.63,48.15,3114956
12 Oct 2018,66.43,67.27,66.07,67.03,49.18,4588852
11 Oct 2018,68.00,68.36,67.00,67.00,49.16,3629075
10 Oct 2018,68.75,69.11,68.08,68.97,50.60,2663207
09 Oct 2018,69.35,69.67,68.67,68.75,50.44,2950342
08 Oct 2018,70.00,70.07,69.30,69.35,50.88,2036713
05 Oct 2018,69.90,70.25,69.65,70.00,51.36,2107747
04 Oct 2018,70.00,70.25,69.80,69.92,51.30,1960153
03 Oct 2018,69.67,70.23,69.60,69.61,51.07,1927070
02 Oct 2018,70.68,70.68,69.32,69.57,51.04,3539461
01 Oct 2018,71.13,71.37,70.13,70.42,51.67,2063204
28 Sep 2018,69.95,72.19,69.92,71.41,52.39,5646364
27 Sep 2018,70.01,70.42,69.98,70.08,51.42,2499328
26 Sep 2018,70.65,70.77,70.02,70.18,51.49,3399090
25 Sep 2018,71.18,71.42,70.51,70.80,51.95,1982367
24 Sep 2018,71.54,71.67,71.25,71.57,52.51,1951825
21 Sep 2018,72.10,72.48,71.65,71.94,52.78,4081456
20 Sep 2018,71.55,72.19,71.54,71.88,52.74,3783393
19 Sep 2018,72.00,72.10,71.63,72.09,52.89,2382725
18 Sep 2018,71.54,72.23,71.51,71.92,52.77,2245087
17 Sep 2018,71.50,72.00,71.11,71.75,52.64,1690695
14 Sep 2018,71.31,71.64,71.18,71.50,52.46,2823428
13 Sep 2018,71.48,71.81,71.06,71.18,52.22,2708851
12 Sep 2018,72.00,72.21,71.63,71.93,52.77,4798543
11 Sep 2018,71.14,72.13,71.06,71.87,52.73,3061454
10 Sep 2018,70.14,70.78,69.82,70.75,51.91,2011655
07 Sep 2018,69.81,70.69,69.81,70.51,51.73,2662882
06 Sep 2018,70.00,70.58,69.78,70.14,51.46,3140755
05 Sep 2018,70.80,70.85,70.03,70.11,51.44,1933291
04 Sep 2018,71.10,71.21,70.51,70.73,51.89,2475205
03 Sep 2018,71.24,71.72,71.08,71.21,52.25,1750708
31 Aug 2018,72.03,72.48,71.24,71.24,52.27,5114799
30 Aug 2018,73.53,73.56,72.06,72.15,52.94,3989330
29 Aug 2018,72.00,73.25,71.78,73.23,53.73,5119217
28 Aug 2018,71.45,72.31,71.45,71.73,52.63,3550699
27 Aug 2018,70.89,71.32,70.10,71.19,52.23,2531178
24 Aug 2018,70.44,71.79,70.00,70.89,52.01,4531175
23 Aug 2018,71.61,71.65,70.55,70.75,51.91,3832474
22 Aug 2018,72.65,72.79,71.53,71.88,52.74,2967965
21 Aug 2018,73.61,73.77,72.82,72.95,53.52,3141486
20 Aug 2018,74.44,74.44,73.34,73.61,54.01,3469377
17 Aug 2018,74.12,74.65,73.77,74.29,54.51,2242154
16 Aug 2018,73.77,74.31,73.38,74.12,54.38,4713252
15 Aug 2018,73.25,73.99,73.02,73.99,54.29,6162789
14 Aug 2018,75.45,75.99,75.20,75.86,53.96,4051537
13 Aug 2018,75.35,75.40,74.65,74.94,53.31,2641443
10 Aug 2018,75.71,76.00,75.37,75.39,53.63,3958293
09 Aug 2018,75.18,75.69,74.63,75.37,53.61,3201984
08 Aug 2018,74.18,74.93,73.21,74.81,53.22,5165542
07 Aug 2018,73.60,73.79,72.65,72.89,51.85,4048916
06 Aug 2018,73.04,73.86,73.00,73.56,52.33,2113075
03 Aug 2018,73.99,74.10,72.75,72.83,51.81,3884428
02 Aug 2018,74.00,74.24,73.43,73.68,52.41,2325541
01 Aug 2018,74.38,74.61,73.66,73.71,52.43,3369098
31 Jul 2018,75.20,75.43,74.79,74.79,53.20,2548855
30 Jul 2018,75.05,75.08,74.74,74.90,53.28,1998436
27 Jul 2018,75.33,75.63,74.92,75.36,53.61,4827208
26 Jul 2018,74.79,75.01,74.37,74.83,53.23,3159476
25 Jul 2018,75.13,75.25,74.58,74.76,53.18,2599361
24 Jul 2018,75.80,75.80,75.01,75.17,53.47,2128578
23 Jul 2018,75.72,75.90,75.05,75.24,53.52,1861469
20 Jul 2018,75.31,76.10,75.31,75.90,53.99,2547182
19 Jul 2018,75.57,75.76,74.84,75.39,53.63,2279376
18 Jul 2018,74.61,75.22,74.41,75.02,53.37,2298934
17 Jul 2018,74.38,74.86,74.06,74.49,52.99,2326849
16 Jul 2018,75.34,75.60,74.11,74.24,52.81,2301570
13 Jul 2018,75.67,75.74,74.26,74.85,53.24,2677839
12 Jul 2018,74.50,75.63,74.14,75.21,53.50,2733149
11 Jul 2018,74.25,74.28,73.54,74.05,52.68,3101381
10 Jul 2018,76.30,76.50,74.05,74.43,52.95,4469531
09 Jul 2018,76.00,76.74,75.92,76.10,54.13,4637959
06 Jul 2018,74.80,75.70,74.55,75.67,53.83,3410925
05 Jul 2018,73.80,74.54,73.64,74.46,52.97,2899406
04 Jul 2018,73.91,73.98,73.45,73.59,52.35,2065495
03 Jul 2018,73.15,74.20,72.61,73.97,52.62,3661537
02 Jul 2018,72.70,73.17,72.38,72.70,51.72,2049487
29 Jun 2018,73.48,73.67,72.86,72.87,51.84,6091515
28 Jun 2018,72.70,73.29,72.13,73.23,52.09,2567273
27 Jun 2018,73.04,73.37,72.61,72.61,51.65,2981498
26 Jun 2018,72.03,73.28,71.68,72.81,51.79,2708542
25 Jun 2018,73.83,74.70,71.88,72.16,51.33,3647015
22 Jun 2018,72.85,73.86,72.77,73.86,52.54,4421609
21 Jun 2018,72.97,72.99,72.29,72.90,51.86,7428730
20 Jun 2018,70.65,71.95,70.42,71.91,51.15,4092599
19 Jun 2018,70.10,70.47,69.70,69.88,49.71,3044721
18 Jun 2018,69.27,70.00,69.24,69.70,49.58,2366307
15 Jun 2018,67.70,69.00,67.67,68.98,49.07,5922177
14 Jun 2018,67.88,67.92,67.22,67.45,47.98,3419047
13 Jun 2018,68.85,68.87,68.01,68.18,48.50,3075419
12 Jun 2018,69.45,69.50,68.78,68.85,48.98,4098851
08 Jun 2018,69.33,69.74,69.27,69.37,49.35,1568016
07 Jun 2018,69.30,69.80,68.97,69.26,49.27,2381711
06 Jun 2018,70.45,70.50,69.10,69.23,49.25,3993516
05 Jun 2018,69.69,70.68,69.53,70.39,50.07,3837080
04 Jun 2018,69.92,70.36,69.49,69.69,49.57,3049958
01 Jun 2018,69.21,69.22,68.70,68.70,48.87,2428795
31 May 2018,70.00,70.02,69.21,69.30,49.30,3404730
30 May 2018,69.80,69.86,69.33,69.60,49.51,3208843
29 May 2018,69.70,70.59,69.56,70.35,50.04,2498273
28 May 2018,69.78,70.09,69.39,69.61,49.52,2140947
25 May 2018,69.37,70.13,69.20,69.87,49.70,3450605
24 May 2018,69.61,69.87,69.11,69.59,49.50,2763549
23 May 2018,70.00,70.35,69.71,69.81,49.66,2601288
22 May 2018,70.01,70.28,69.63,70.25,49.97,3279548
21 May 2018,70.40,70.46,70.00,70.09,49.86,2261388
18 May 2018,71.24,71.24,70.40,70.50,50.15,3110054
17 May 2018,70.77,71.28,70.47,71.16,50.62,4310845
16 May 2018,70.97,71.57,70.68,70.79,50.36,3869986
15 May 2018,71.29,71.78,70.92,70.92,50.45,2937818
14 May 2018,70.18,70.93,70.06,70.80,50.36,3586761
11 May 2018,70.52,71.23,70.20,70.53,50.17,3779356
10 May 2018,71.77,71.78,70.98,70.98,50.49,3695222
09 May 2018,71.91,72.00,70.80,71.41,50.80,6582126
08 May 2018,73.09,73.76,72.57,73.50,52.28,2956389
07 May 2018,73.01,73.20,72.57,72.71,51.72,2111927
04 May 2018,73.98,73.98,72.58,72.76,51.76,2546384
03 May 2018,73.93,74.01,73.28,73.91,52.58,2782258
02 May 2018,72.98,73.69,72.26,73.46,52.26,2476471
01 May 2018,71.82,73.25,71.31,73.17,52.05,4045489
30 Apr 2018,71.25,72.10,71.21,71.82,51.09,3843213
27 Apr 2018,72.60,72.63,71.09,71.54,50.89,5975530
26 Apr 2018,73.52,73.78,72.11,72.25,51.40,4384515
24 Apr 2018,72.72,73.73,72.72,73.46,52.26,3665086
23 Apr 2018,71.86,72.94,71.77,72.67,51.69,2343315
20 Apr 2018,72.20,72.57,71.93,72.06,51.26,2148031
19 Apr 2018,72.77,72.78,72.29,72.40,51.50,3139245
18 Apr 2018,72.50,72.68,72.16,72.41,51.51,1826752
17 Apr 2018,72.75,73.21,72.65,72.76,51.76,1905309
16 Apr 2018,73.25,73.55,72.61,72.62,51.66,2001961
13 Apr 2018,73.33,73.42,73.00,73.16,52.04,1251461
12 Apr 2018,73.31,73.62,72.92,73.09,51.99,2959474
11 Apr 2018,74.00,74.30,73.38,73.64,52.38,2523325
10 Apr 2018,73.11,74.50,72.85,74.36,52.90,1945119
09 Apr 2018,73.13,73.92,73.11,73.55,52.32,1313607
06 Apr 2018,73.76,73.83,73.31,73.49,52.28,2268366
05 Apr 2018,72.70,73.92,72.33,73.80,52.50,3530929
04 Apr 2018,72.15,72.80,71.81,72.80,51.79,3646590
03 Apr 2018,71.59,72.43,71.45,72.26,51.40,2576796
29 Mar 2018,72.13,72.76,72.01,72.31,51.44,5292851
28 Mar 2018,72.34,72.40,71.82,71.86,51.12,3132651
27 Mar 2018,72.62,72.87,72.27,72.43,51.52,2576258
26 Mar 2018,72.40,72.65,71.71,72.02,51.23,3114044
23 Mar 2018,74.10,74.16,72.81,72.81,51.79,3617914
22 Mar 2018,75.43,75.44,74.66,74.87,53.26,2530879
21 Mar 2018,75.41,75.83,75.15,75.78,53.91,1926293
20 Mar 2018,74.88,75.58,74.61,75.19,53.49,2354537
19 Mar 2018,75.66,75.98,74.89,74.89,53.27,2364077
16 Mar 2018,75.97,76.25,75.03,75.34,53.59,3791783
15 Mar 2018,77.00,77.00,75.65,75.78,53.91,4006228
14 Mar 2018,76.50,76.64,76.16,76.55,54.45,3068664
13 Mar 2018,77.30,77.41,76.67,77.05,54.81,2990565
12 Mar 2018,77.49,77.66,77.17,77.36,55.03,2828994
09 Mar 2018,76.35,76.95,76.20,76.87,54.68,2944053
08 Mar 2018,75.72,76.20,75.51,76.17,54.18,3278343
07 Mar 2018,75.21,75.68,75.05,75.14,53.45,2458242
06 Mar 2018,75.70,76.05,75.49,75.69,53.84,2280493
05 Mar 2018,75.73,75.73,74.80,75.03,53.37,1541207
02 Mar 2018,75.82,76.20,75.12,75.73,53.87,2447987
01 Mar 2018,76.06,76.39,75.91,76.06,54.11,1695236
28 Feb 2018,76.60,76.89,76.12,76.39,54.34,3744085
27 Feb 2018,77.00,77.24,76.71,76.76,54.60,2736893
26 Feb 2018,75.98,76.60,75.60,76.60,54.49,3450024
23 Feb 2018,75.02,75.68,74.41,75.46,53.68,4526316
22 Feb 2018,74.52,74.80,74.07,74.65,53.10,2473068
21 Feb 2018,74.28,74.65,73.92,74.33,52.87,2210925
20 Feb 2018,74.25,74.38,73.83,74.26,52.82,2238370
19 Feb 2018,74.10,74.59,74.02,74.40,52.92,1449284
16 Feb 2018,74.00,74.89,74.00,74.02,52.65,2222914
15 Feb 2018,74.25,74.29,73.74,73.86,52.54,3596362
14 Feb 2018,74.20,74.30,73.76,73.98,52.63,4217278
13 Feb 2018,76.23,76.74,75.88,76.30,52.85,3334988
12 Feb 2018,76.39,76.50,75.56,75.88,52.56,3411170
09 Feb 2018,75.75,76.47,75.48,76.25,52.82,3621859
08 Feb 2018,76.80,77.21,76.51,76.51,53.00,3493180
07 Feb 2018,78.61,78.96,76.77,76.79,53.19,5676630
06 Feb 2018,78.44,78.50,76.69,77.40,53.62,5684063
05 Feb 2018,79.96,80.27,79.52,79.80,55.28,2393475
02 Feb 2018,79.90,81.18,79.90,80.79,55.96,2631703
01 Feb 2018,79.00,80.15,78.90,80.01,55.42,2965072
31 Jan 2018,78.76,79.32,78.62,78.87,54.63,2953798
30 Jan 2018,78.81,79.46,78.75,79.09,54.79,1702998
29 Jan 2018,78.99,79.54,78.53,79.19,54.86,2385820
25 Jan 2018,78.46,78.67,78.03,78.65,54.48,3723004
24 Jan 2018,79.30,79.48,78.65,78.65,54.48,1923320
23 Jan 2018,79.11,79.58,79.10,79.25,54.90,2033594
22 Jan 2018,79.70,79.72,78.63,78.85,54.62,2414568
19 Jan 2018,80.10,80.42,79.83,79.83,55.30,1557603
18 Jan 2018,80.29,80.50,79.90,79.90,55.35,2093401
17 Jan 2018,80.21,80.39,79.86,80.11,55.49,2066964
16 Jan 2018,81.02,81.19,80.50,80.58,55.82,1518213
15 Jan 2018,81.30,81.42,80.72,81.17,56.23,1431419
12 Jan 2018,81.38,81.50,80.69,80.88,56.03,1781313
11 Jan 2018,81.74,81.74,81.08,81.30,56.32,2791094
10 Jan 2018,82.47,82.66,81.61,81.61,56.53,1944703
09 Jan 2018,81.99,82.46,81.98,82.19,56.93,3283522
08 Jan 2018,81.40,81.75,81.30,81.62,56.54,1293549
05 Jan 2018,80.54,81.25,80.37,81.16,56.22,2208531
04 Jan 2018,80.48,80.48,79.81,79.97,55.40,1596303
03 Jan 2018,80.47,80.64,80.06,80.14,55.51,1349269
02 Jan 2018,80.30,80.33,79.78,80.22,55.57,1284609
