Date,Open,High,Low,Close,Adj Close,Volume
30 Dec 2025,31.64,31.87,30.77,30.95,30.80,2934635
29 Dec 2025,31.54,31.57,30.98,31.32,31.02,2941775
24 Dec 2025,31.51,31.67,31.20,31.65,31.35,2150732
23 Dec 2025,30.91,31.92,30.68,31.63,31.33,5097836
22 Dec 2025,29.09,29.31,28.88,29.22,28.94,2211236
19 Dec 2025,29.29,29.35,28.70,28.80,28.53,8680640
18 Dec 2025,28.59,29.00,28.43,28.66,28.39,5655118
17 Dec 2025,29.10,29.58,28.68,28.68,28.41,4597609
16 Dec 2025,29.60,29.74,29.30,29.44,29.16,3728443
15 Dec 2025,29.00,29.70,28.91,29.48,29.20,1888510
12 Dec 2025,29.35,29.58,29.24,29.44,29.16,2950578
11 Dec 2025,29.69,30.08,29.20,29.20,28.92,3293481
10 Dec 2025,29.30,29.65,29.19,29.29,29.01,3503023
09 Dec 2025,29.55,29.97,29.28,29.28,29.00,3535326
08 Dec 2025,29.30,29.81,29.28,29.66,29.38,1745565
05 Dec 2025,29.64,29.67,29.16,29.51,29.23,3067260
04 Dec 2025,29.54,29.81,29.13,29.36,29.08,4094680
03 Dec 2025,29.70,30.50,29.68,30.17,29.88,3516522
02 Dec 2025,29.97,30.17,29.83,29.88,29.60,2860360
01 Dec 2025,29.70,30.35,29.63,29.78,29.50,3441539
28 Nov 2025,29.86,29.95,29.51,29.68,29.40,2686239
27 Nov 2025,29.57,30.17,29.51,29.73,29.45,2246309
26 Nov 2025,29.80,29.89,29.26,29.40,29.12,3072589
25 Nov 2025,29.65,29.65,28.96,29.03,28.76,2818029
24 Nov 2025,29.20,29.37,28.86,29.24,28.96,9108333
21 Nov 2025,28.78,29.60,28.64,28.64,28.37,5525657
20 Nov 2025,29.30,30.43,29.30,29.70,29.42,5552569
19 Nov 2025,29.20,29.65,29.03,29.14,28.86,3245917
18 Nov 2025,30.11,30.26,28.83,28.83,28.56,3394224
17 Nov 2025,29.90,29.92,29.30,29.71,29.43,1989691
14 Nov 2025,29.59,29.64,29.13,29.57,29.29,3191271
13 Nov 2025,30.54,30.60,29.50,29.88,29.60,4836887
12 Nov 2025,30.85,30.86,30.50,30.54,30.25,3046795
11 Nov 2025,30.70,31.16,30.65,30.95,30.66,3942970
10 Nov 2025,30.59,30.67,30.23,30.49,30.20,3564913
07 Nov 2025,30.68,31.21,30.35,30.88,30.59,3517544
06 Nov 2025,31.40,31.53,30.43,30.71,30.42,5874886
05 Nov 2025,31.62,32.35,30.83,31.23,30.93,6508731
04 Nov 2025,33.25,33.33,32.33,32.33,32.02,2482780
03 Nov 2025,32.75,33.16,32.51,32.95,32.64,1965566
31 Oct 2025,33.05,33.49,33.00,33.03,32.72,3936178
30 Oct 2025,32.88,33.27,32.56,33.03,32.72,2130623
29 Oct 2025,33.84,34.08,33.15,33.45,33.13,1911072
28 Oct 2025,34.38,34.49,33.74,33.92,33.60,2392212
27 Oct 2025,34.34,34.78,34.02,34.34,34.02,2668714
24 Oct 2025,34.01,34.20,33.90,34.03,33.71,1186945
23 Oct 2025,33.23,34.06,33.23,33.86,33.54,2119101
22 Oct 2025,33.47,34.25,33.33,33.76,33.44,2637726
21 Oct 2025,33.92,34.27,33.78,34.27,33.95,2386868
20 Oct 2025,34.16,34.31,33.74,33.92,33.60,2069625
17 Oct 2025,34.29,34.31,33.66,33.68,33.36,3028966
16 Oct 2025,33.75,34.50,33.59,34.50,34.17,5235138
15 Oct 2025,33.17,33.39,32.57,32.89,32.58,3481005
14 Oct 2025,33.10,33.20,32.48,32.88,32.57,2290341
13 Oct 2025,32.88,33.26,32.52,33.25,32.94,2413671
10 Oct 2025,33.34,33.49,33.14,33.22,32.91,1987685
09 Oct 2025,33.90,34.05,33.25,33.40,33.08,2147663
08 Oct 2025,33.80,33.87,33.57,33.57,33.25,1925433
07 Oct 2025,33.99,33.99,33.54,33.81,33.49,2197828
06 Oct 2025,34.03,34.18,33.76,33.94,33.62,1180818
03 Oct 2025,33.61,34.26,33.50,34.01,33.69,4007991
02 Oct 2025,33.60,33.95,33.20,33.70,33.38,3062636
01 Oct 2025,32.67,33.14,32.51,32.98,32.67,2671082
30 Sep 2025,33.00,33.00,32.66,32.78,32.47,3226457
29 Sep 2025,32.95,33.20,32.80,33.05,32.74,3041047
26 Sep 2025,33.30,33.52,32.83,32.88,32.57,3339082
25 Sep 2025,32.99,33.33,32.77,33.19,32.88,2673646
24 Sep 2025,33.82,33.92,33.50,33.55,33.23,2771436
23 Sep 2025,34.11,34.24,33.79,33.85,33.53,2218579
22 Sep 2025,34.40,34.47,33.84,34.09,33.77,1569510
19 Sep 2025,34.31,34.54,34.08,34.36,34.04,8781593
18 Sep 2025,33.91,34.15,33.58,33.93,33.61,3048267
17 Sep 2025,34.20,34.47,34.04,34.09,33.77,2869276
16 Sep 2025,34.60,34.60,34.10,34.39,34.06,2826319
15 Sep 2025,34.14,34.70,33.97,34.29,33.97,2559466
12 Sep 2025,33.88,34.55,33.73,34.37,34.05,3055737
11 Sep 2025,33.35,34.05,33.34,33.71,33.39,2976457
10 Sep 2025,32.98,33.46,32.98,33.46,33.14,3318369
09 Sep 2025,33.40,33.49,32.50,32.81,32.50,3419240
08 Sep 2025,33.85,33.85,33.23,33.47,33.15,2333919
05 Sep 2025,32.96,33.50,32.95,33.48,33.16,2899577
04 Sep 2025,32.48,32.79,32.33,32.79,32.48,4136009
03 Sep 2025,33.24,33.31,32.18,32.26,31.96,4544680
02 Sep 2025,33.74,33.75,33.10,33.50,33.18,3111407
01 Sep 2025,34.25,34.39,33.51,33.98,33.66,5678974
29 Aug 2025,34.80,34.94,34.17,34.35,34.03,3755176
28 Aug 2025,34.16,34.74,34.01,34.73,34.40,2262650
27 Aug 2025,34.18,34.26,33.72,34.04,33.72,7028405
26 Aug 2025,34.70,34.90,33.97,34.05,33.73,4268362
25 Aug 2025,34.20,34.34,33.76,34.19,33.87,4690286
22 Aug 2025,35.40,35.45,33.90,33.90,33.58,4704009
21 Aug 2025,36.22,37.31,35.03,35.62,35.28,4989465
20 Aug 2025,36.23,36.39,35.82,36.14,35.80,3324641
19 Aug 2025,35.95,36.02,35.53,35.85,35.51,2225732
18 Aug 2025,35.85,36.08,35.67,35.84,35.50,2205138
15 Aug 2025,35.84,36.15,35.72,35.89,35.55,2280734
14 Aug 2025,35.60,35.94,35.27,35.82,35.48,3077877
13 Aug 2025,35.55,35.72,35.20,35.33,35.00,2351003
12 Aug 2025,35.25,35.58,35.17,35.35,35.02,2130428
11 Aug 2025,35.36,35.51,35.08,35.41,35.08,1554194
08 Aug 2025,35.12,35.65,35.12,35.41,35.08,2365844
07 Aug 2025,35.70,35.88,35.37,35.37,35.04,2827361
06 Aug 2025,35.20,35.74,35.03,35.47,35.13,4615559
05 Aug 2025,34.91,35.05,34.51,34.91,34.58,2810224
04 Aug 2025,34.70,34.90,34.36,34.39,34.06,1813090
01 Aug 2025,35.24,35.24,34.64,34.64,34.31,2735710
31 Jul 2025,34.94,35.37,34.83,35.18,34.85,2961997
30 Jul 2025,34.99,35.27,34.65,34.97,34.64,2026773
29 Jul 2025,34.92,35.22,34.77,34.89,34.56,1872006
28 Jul 2025,35.10,35.28,34.94,35.02,34.69,1512769
25 Jul 2025,34.80,34.95,34.27,34.84,34.51,1525744
24 Jul 2025,35.41,35.45,34.73,34.97,34.64,2256056
23 Jul 2025,35.29,35.69,35.25,35.25,34.92,2587318
22 Jul 2025,34.86,35.22,34.72,35.09,34.76,2052476
21 Jul 2025,35.00,35.00,34.32,34.69,34.36,1471846
18 Jul 2025,34.60,34.97,34.29,34.97,34.64,2170601
17 Jul 2025,34.60,34.79,34.03,34.44,34.11,3759516
16 Jul 2025,34.08,34.24,33.77,34.16,33.84,2122733
15 Jul 2025,34.18,34.44,33.92,34.22,33.90,1460154
14 Jul 2025,33.86,34.10,33.72,33.84,33.52,1727706
11 Jul 2025,34.50,34.54,33.74,33.74,33.42,2085341
10 Jul 2025,34.27,34.54,34.15,34.34,34.02,1553239
09 Jul 2025,34.89,34.95,33.96,34.03,33.71,3445267
08 Jul 2025,35.13,35.25,34.79,34.95,34.62,3259331
07 Jul 2025,35.15,35.39,34.79,34.89,34.56,1599849
04 Jul 2025,34.90,35.44,34.85,35.05,34.72,2140381
03 Jul 2025,34.99,35.00,34.40,34.73,34.40,3017688
02 Jul 2025,34.42,35.07,34.20,34.89,34.56,4365762
01 Jul 2025,34.74,34.87,33.81,34.19,33.87,3611848
30 Jun 2025,34.14,34.67,33.94,34.24,33.92,4830310
27 Jun 2025,34.59,34.68,33.69,34.10,33.78,4469671
26 Jun 2025,34.70,34.79,34.39,34.39,33.92,2574519
25 Jun 2025,34.89,35.09,34.56,34.83,34.35,2534594
24 Jun 2025,34.90,35.09,34.65,34.71,34.23,3557325
23 Jun 2025,34.21,34.70,33.96,34.59,34.11,2620990
20 Jun 2025,34.78,34.87,34.22,34.57,34.09,7804694
19 Jun 2025,34.11,34.91,34.08,34.54,34.06,5444470
18 Jun 2025,34.48,34.83,34.42,34.59,34.11,3379945
17 Jun 2025,34.02,34.74,33.94,34.53,34.05,2435695
16 Jun 2025,34.29,34.50,34.00,34.16,33.69,1998802
13 Jun 2025,34.22,34.57,33.94,33.98,33.51,2627246
12 Jun 2025,34.38,34.53,33.71,33.91,33.44,3323613
11 Jun 2025,34.65,34.72,34.33,34.33,33.86,2615238
10 Jun 2025,33.80,34.38,33.76,34.27,33.80,4068041
06 Jun 2025,33.65,33.75,33.37,33.57,33.11,2646902
05 Jun 2025,33.48,33.68,33.30,33.58,33.12,3102973
04 Jun 2025,32.95,33.47,32.85,33.23,32.77,3551143
03 Jun 2025,32.85,33.55,32.67,32.99,32.54,3558917
02 Jun 2025,32.53,32.97,32.38,32.64,32.19,2969761
30 May 2025,32.33,32.92,31.56,32.92,32.47,15104700
29 May 2025,32.60,32.87,32.18,32.51,32.06,5506767
28 May 2025,32.68,32.96,32.25,32.96,32.51,6962906
27 May 2025,32.88,32.97,32.49,32.68,32.23,2477669
26 May 2025,32.60,32.90,32.50,32.84,32.39,1988193
23 May 2025,32.20,32.88,32.05,32.68,32.23,3068014
22 May 2025,31.54,31.98,31.32,31.97,31.53,2933738
21 May 2025,32.25,32.34,31.86,32.11,31.67,2595001
20 May 2025,31.71,32.36,31.69,32.20,31.76,3118529
19 May 2025,31.99,32.22,31.50,31.62,31.18,1775551
16 May 2025,31.48,31.92,31.28,31.82,31.38,3137321
15 May 2025,31.25,31.49,30.83,30.92,30.49,3768103
14 May 2025,31.09,31.42,30.67,31.22,30.79,3539952
13 May 2025,32.44,32.52,30.98,31.25,30.82,4279028
12 May 2025,31.88,32.13,31.59,31.86,31.42,3356897
09 May 2025,31.16,31.56,30.61,31.35,30.92,2747602
08 May 2025,30.55,31.34,30.55,31.13,30.70,3882236
07 May 2025,30.99,31.06,30.25,31.05,30.62,4788382
06 May 2025,31.06,31.23,30.65,30.78,30.36,2507946
05 May 2025,31.49,31.57,30.60,30.73,30.31,3478908
02 May 2025,31.04,31.65,30.71,31.42,30.99,3753943
01 May 2025,30.11,31.27,30.09,31.00,30.57,5382093
30 Apr 2025,29.54,29.98,29.31,29.98,29.57,6760709
29 Apr 2025,29.48,30.00,29.17,29.42,29.01,4679168
28 Apr 2025,29.70,29.70,28.96,28.96,28.56,3749172
24 Apr 2025,28.83,28.99,28.71,28.74,28.34,3037728
23 Apr 2025,28.31,28.60,28.14,28.50,28.11,3353435
22 Apr 2025,27.38,27.95,27.15,27.68,27.30,2879725
17 Apr 2025,27.73,28.24,27.52,28.14,27.75,2715204
16 Apr 2025,27.76,27.91,27.52,27.64,27.26,3708910
15 Apr 2025,28.11,28.45,27.79,27.79,27.41,3505765
14 Apr 2025,27.70,28.32,27.54,28.12,27.73,3527571
11 Apr 2025,27.00,27.51,26.62,27.45,27.07,4530327
10 Apr 2025,30.89,30.98,27.52,27.80,27.42,7956003
09 Apr 2025,26.15,26.38,25.55,26.07,25.71,6190685
08 Apr 2025,26.73,26.99,26.01,26.48,26.12,7370171
07 Apr 2025,25.30,27.11,25.01,26.38,26.02,9371733
04 Apr 2025,28.00,28.39,27.42,27.56,27.18,6622744
03 Apr 2025,28.85,29.28,28.85,29.02,28.62,4783137
02 Apr 2025,29.40,30.43,29.25,30.12,29.71,4237468
01 Apr 2025,29.25,29.47,28.79,29.19,28.79,3539481
31 Mar 2025,28.89,29.15,28.43,28.43,28.04,8225096
28 Mar 2025,30.28,30.37,29.29,29.29,28.89,5995567
27 Mar 2025,31.00,31.09,30.36,30.36,29.94,5110687
26 Mar 2025,31.22,31.71,31.10,31.61,31.17,3482561
25 Mar 2025,31.75,32.13,31.29,31.29,30.86,3805380
24 Mar 2025,31.32,31.56,31.13,31.27,30.84,2858550
21 Mar 2025,31.63,31.91,31.27,31.45,31.02,10680059
20 Mar 2025,31.11,31.68,31.04,31.59,31.15,5432305
19 Mar 2025,30.75,31.23,30.54,30.73,30.31,3340116
18 Mar 2025,31.10,31.66,31.02,31.24,30.81,2552240
17 Mar 2025,31.36,31.36,30.71,30.91,30.48,2902581
14 Mar 2025,31.01,31.51,30.73,30.81,30.39,3465253
13 Mar 2025,31.10,31.77,30.84,31.03,30.60,6925760
12 Mar 2025,30.17,30.71,29.83,30.71,30.29,5667526
11 Mar 2025,30.30,30.80,29.99,30.55,30.13,5668875
10 Mar 2025,30.81,31.02,30.55,30.72,30.30,4214580
07 Mar 2025,31.45,31.77,30.53,30.53,30.11,6005213
06 Mar 2025,31.95,32.21,31.70,32.06,31.62,4464110
05 Mar 2025,31.60,32.00,31.36,32.00,31.56,4525799
04 Mar 2025,31.75,31.77,31.07,31.67,31.23,4010129
03 Mar 2025,31.98,32.22,31.80,31.96,31.52,4627229
28 Feb 2025,31.98,32.04,31.00,31.31,30.88,44569574
27 Feb 2025,32.19,32.67,31.92,32.10,31.66,7127865
26 Feb 2025,32.83,32.83,32.15,32.15,31.71,7003747
25 Feb 2025,33.40,33.40,32.41,32.66,32.21,8265804
24 Feb 2025,33.65,34.83,33.12,33.12,32.66,21334022
21 Feb 2025,34.69,35.13,34.50,34.55,34.07,9061675
20 Feb 2025,33.50,34.20,33.30,34.20,33.73,17255787
19 Feb 2025,35.98,35.98,35.98,35.98,35.48,0
18 Feb 2025,34.97,35.98,34.71,35.98,35.48,5190217
17 Feb 2025,35.10,35.90,35.06,35.23,34.74,3842462
14 Feb 2025,36.50,36.50,35.53,35.61,35.12,4736874
13 Feb 2025,36.11,36.40,36.01,36.26,35.76,2003258
12 Feb 2025,36.02,36.35,35.93,36.16,35.66,2332528
11 Feb 2025,36.13,36.29,35.87,36.14,35.64,1732972
10 Feb 2025,36.22,36.28,35.98,36.09,35.59,1822929
07 Feb 2025,36.50,36.83,36.34,36.42,35.92,1749003
06 Feb 2025,36.20,36.56,35.94,36.20,35.70,2381560
05 Feb 2025,35.57,35.99,35.54,35.66,35.17,2714582
04 Feb 2025,36.45,36.47,35.46,35.46,34.97,2970916
03 Feb 2025,35.06,36.09,35.02,35.88,35.39,2482416
31 Jan 2025,36.47,36.95,36.37,36.45,35.95,4037120
30 Jan 2025,35.25,36.14,35.24,35.94,35.44,3145913
29 Jan 2025,35.28,35.66,35.15,35.64,35.15,4655955
28 Jan 2025,35.19,36.22,34.91,35.00,34.52,9135344
24 Jan 2025,38.86,39.15,38.12,38.12,37.59,2246636
23 Jan 2025,37.80,38.44,37.59,38.19,37.66,2698098
22 Jan 2025,38.38,38.89,38.13,38.63,38.10,3055865
21 Jan 2025,38.38,38.49,37.78,37.85,37.33,1758803
20 Jan 2025,37.95,38.14,37.73,38.06,37.54,1655792
17 Jan 2025,37.70,38.06,37.49,37.84,37.32,1702697
16 Jan 2025,37.53,37.96,37.53,37.69,37.17,2792994
15 Jan 2025,37.25,37.36,36.37,36.54,36.04,2627705
14 Jan 2025,37.07,37.34,36.76,36.76,36.25,1971428
13 Jan 2025,36.31,36.93,36.31,36.63,36.13,2007735
10 Jan 2025,37.28,37.50,37.08,37.42,36.90,1705836
09 Jan 2025,37.02,37.60,36.80,37.34,36.83,1811817
08 Jan 2025,36.95,37.46,36.94,37.24,36.73,2012409
07 Jan 2025,37.46,37.49,37.16,37.34,36.83,1455742
06 Jan 2025,37.20,37.25,36.94,37.17,36.66,2186056
03 Jan 2025,36.21,36.62,35.96,36.53,36.03,1437701
02 Jan 2025,35.54,36.10,35.54,36.03,35.53,1096423
31 Dec 2024,36.61,36.68,35.64,35.64,35.15,2453995
30 Dec 2024,36.53,37.11,36.17,36.37,35.87,2529179
27 Dec 2024,36.53,36.99,36.38,36.89,36.23,1465257
24 Dec 2024,36.65,36.85,36.46,36.53,35.88,918559
23 Dec 2024,36.40,36.78,36.16,36.55,35.90,1714571
20 Dec 2024,35.68,36.13,35.52,35.92,35.28,7717188
19 Dec 2024,35.87,36.15,35.72,36.00,35.36,4899407
18 Dec 2024,36.98,37.34,36.75,36.83,36.18,2466756
17 Dec 2024,36.14,37.00,36.14,36.75,36.10,2295917
16 Dec 2024,36.78,36.78,36.12,36.12,35.48,2803485
13 Dec 2024,37.13,37.41,36.37,36.78,36.13,2894280
12 Dec 2024,37.74,37.82,37.03,37.24,36.58,3646041
11 Dec 2024,37.00,37.61,36.97,37.61,36.94,3886611
10 Dec 2024,39.33,39.43,36.88,36.98,36.32,15975897
09 Dec 2024,36.38,38.32,36.20,37.80,37.13,8095835
06 Dec 2024,36.49,37.29,36.46,36.57,35.92,3869207
05 Dec 2024,37.14,37.41,36.26,36.26,35.62,5576379
04 Dec 2024,36.60,37.24,35.96,37.02,36.36,6429192
03 Dec 2024,37.89,38.26,37.80,38.12,37.44,2963469
02 Dec 2024,37.66,37.77,37.37,37.75,37.08,2713733
29 Nov 2024,37.94,38.40,37.91,37.91,37.24,2075592
28 Nov 2024,38.55,38.73,38.18,38.23,37.55,2256457
27 Nov 2024,38.48,38.76,38.34,38.46,37.78,2220886
26 Nov 2024,38.24,38.35,37.83,38.16,37.48,2193861
25 Nov 2024,37.74,38.18,37.40,37.81,37.14,6720360
22 Nov 2024,37.72,37.74,37.16,37.25,36.59,2346504
21 Nov 2024,37.32,37.41,36.89,37.05,36.39,2862064
20 Nov 2024,37.60,37.85,37.15,37.45,36.78,2299460
19 Nov 2024,37.45,37.89,37.09,37.53,36.86,2583373
18 Nov 2024,37.36,37.52,37.12,37.12,36.46,1437399
15 Nov 2024,37.05,37.74,36.79,37.50,36.83,3051188
14 Nov 2024,36.70,37.24,36.37,37.09,36.43,3437756
13 Nov 2024,36.34,36.53,35.92,36.53,35.88,2443342
12 Nov 2024,36.95,36.95,35.97,36.52,35.87,2556643
11 Nov 2024,35.88,36.69,35.84,36.60,35.95,2800854
08 Nov 2024,36.32,36.32,35.69,35.70,35.07,3035026
07 Nov 2024,36.00,36.55,35.18,35.34,34.71,3157615
06 Nov 2024,36.25,36.72,35.82,36.22,35.58,2763111
05 Nov 2024,36.66,36.66,36.13,36.30,35.65,1815517
04 Nov 2024,36.75,37.01,36.47,36.50,35.85,1757775
01 Nov 2024,36.15,36.88,36.07,36.51,35.86,2436247
31 Oct 2024,36.73,36.89,36.43,36.64,35.99,3533404
30 Oct 2024,36.22,36.81,35.96,36.68,36.03,3694526
29 Oct 2024,36.73,37.19,36.20,36.24,35.60,3780503
28 Oct 2024,36.04,36.06,35.50,35.82,35.18,1965943
25 Oct 2024,35.75,36.37,35.74,36.04,35.40,1782092
24 Oct 2024,35.78,36.45,35.66,35.95,35.31,2965662
23 Oct 2024,36.36,36.55,35.86,35.86,35.22,1572182
22 Oct 2024,36.75,37.12,35.99,36.07,35.43,2125539
21 Oct 2024,36.74,37.38,36.66,37.06,36.40,2848543
18 Oct 2024,37.24,37.40,36.56,36.56,35.91,3351573
17 Oct 2024,37.15,37.97,37.10,37.42,36.75,3720279
16 Oct 2024,36.55,37.03,36.34,36.79,36.14,2980155
15 Oct 2024,36.55,36.90,36.47,36.68,36.03,2050961
14 Oct 2024,36.64,36.75,36.35,36.41,35.76,1441099
11 Oct 2024,36.53,36.72,36.27,36.46,35.81,2810015
10 Oct 2024,36.50,37.03,36.36,36.73,36.08,1955477
09 Oct 2024,37.06,37.09,36.21,36.30,35.65,2233748
08 Oct 2024,36.62,37.25,36.52,36.82,36.17,2181948
07 Oct 2024,36.71,36.84,36.16,36.59,35.94,2123835
04 Oct 2024,37.51,37.52,36.92,37.07,36.41,3019400
03 Oct 2024,37.30,37.80,37.08,37.80,37.13,2948706
02 Oct 2024,37.00,37.22,36.62,37.22,36.56,2979662
01 Oct 2024,36.87,37.66,36.63,37.08,36.42,4280528
30 Sep 2024,36.45,37.08,36.19,36.99,36.33,6929273
27 Sep 2024,35.99,36.44,35.78,35.93,35.29,2779702
26 Sep 2024,36.39,36.53,36.09,36.34,35.69,2162368
25 Sep 2024,36.11,36.50,35.93,36.16,35.52,2957853
24 Sep 2024,35.83,36.14,35.75,36.14,35.50,2110912
23 Sep 2024,35.70,36.37,35.57,35.74,35.10,3460410
20 Sep 2024,36.73,37.12,36.11,36.29,35.64,15328491
19 Sep 2024,36.23,36.50,35.78,36.50,35.85,5235090
18 Sep 2024,35.35,36.08,35.35,35.95,35.31,2707570
17 Sep 2024,35.21,36.09,35.21,35.92,35.28,2889137
16 Sep 2024,35.72,36.18,35.52,35.63,35.00,4403859
13 Sep 2024,34.78,35.72,34.64,35.38,34.75,3270772
12 Sep 2024,34.15,34.62,34.04,34.54,33.93,2656623
11 Sep 2024,33.80,34.12,33.67,33.72,33.12,3612041
10 Sep 2024,33.80,33.80,33.27,33.36,32.77,2810566
09 Sep 2024,32.71,33.59,32.71,33.43,32.84,4346385
06 Sep 2024,33.50,33.84,33.20,33.20,32.61,2648075
05 Sep 2024,33.06,33.41,32.76,33.19,32.60,3081975
04 Sep 2024,32.10,32.70,32.10,32.67,32.09,2796255
03 Sep 2024,33.10,33.14,32.73,33.07,32.48,2382285
02 Sep 2024,32.98,33.40,32.70,33.33,32.74,5800208
30 Aug 2024,33.28,33.64,33.23,33.40,32.81,6386948
29 Aug 2024,33.03,33.18,32.69,33.11,32.52,3698818
28 Aug 2024,32.99,33.40,32.58,33.27,32.68,4101019
27 Aug 2024,32.22,32.79,32.13,32.79,32.21,3153393
26 Aug 2024,32.97,33.76,32.31,32.40,31.82,3560209
23 Aug 2024,32.20,32.79,31.73,32.56,31.98,3780086
22 Aug 2024,32.60,32.81,32.03,32.27,31.70,3922948
21 Aug 2024,33.26,33.40,31.91,32.20,31.63,5628122
20 Aug 2024,33.90,33.95,33.32,33.41,32.82,2935961
19 Aug 2024,34.05,34.19,33.55,33.89,33.29,6847305
16 Aug 2024,34.50,34.80,34.32,34.33,33.72,3648028
15 Aug 2024,35.00,35.26,34.27,34.71,34.09,3753988
14 Aug 2024,35.11,35.19,34.80,35.16,34.53,3174874
13 Aug 2024,33.84,34.75,33.82,34.11,33.50,2739094
12 Aug 2024,33.64,34.03,33.48,33.80,33.20,2253188
09 Aug 2024,32.80,33.50,32.39,33.37,32.78,3276307
08 Aug 2024,32.80,32.98,32.15,32.33,31.76,4390998
07 Aug 2024,32.59,33.37,32.53,33.05,32.46,2981455
06 Aug 2024,31.98,33.16,31.95,32.82,32.24,5864237
05 Aug 2024,33.71,33.94,32.03,32.12,31.55,6632682
02 Aug 2024,35.55,35.66,34.58,34.58,33.97,3493991
01 Aug 2024,35.85,36.51,35.50,36.44,35.79,3629118
31 Jul 2024,35.20,35.52,35.08,35.10,34.48,3437686
30 Jul 2024,34.90,35.18,34.63,35.05,34.43,2377237
29 Jul 2024,34.91,35.23,34.59,35.23,34.60,2201850
26 Jul 2024,34.50,34.64,34.28,34.52,33.91,2529567
25 Jul 2024,34.61,34.83,33.96,34.15,33.54,4605150
24 Jul 2024,35.85,36.13,35.25,35.25,34.62,1847833
23 Jul 2024,36.49,36.54,35.98,36.00,35.36,2605495
22 Jul 2024,36.67,36.95,35.96,36.35,35.70,2597320
19 Jul 2024,36.54,37.10,36.22,37.10,36.44,3183694
18 Jul 2024,36.67,37.17,36.37,37.17,36.51,5765469
17 Jul 2024,36.61,37.01,36.30,36.67,36.02,2799909
16 Jul 2024,35.87,36.41,35.58,36.25,35.61,2733464
15 Jul 2024,35.80,35.92,35.01,35.70,35.07,2910271
12 Jul 2024,35.74,35.88,35.28,35.57,34.94,2727191
11 Jul 2024,35.56,35.77,35.33,35.46,34.83,2136115
10 Jul 2024,34.66,35.06,34.24,35.06,34.44,2230095
09 Jul 2024,35.14,35.20,34.86,34.88,34.26,3283310
08 Jul 2024,35.42,35.48,34.81,34.89,34.27,1699113
05 Jul 2024,35.12,35.50,34.94,35.43,34.80,1498970
04 Jul 2024,35.18,35.84,35.06,35.38,34.75,2414759
03 Jul 2024,34.38,34.71,34.24,34.64,34.02,2190608
02 Jul 2024,35.25,35.25,34.02,34.29,33.68,2604174
01 Jul 2024,34.80,35.14,34.53,35.01,34.39,1697253
28 Jun 2024,34.97,35.15,34.67,34.75,34.13,3272886
27 Jun 2024,34.30,34.52,33.75,34.48,33.87,3535847
26 Jun 2024,35.17,35.52,34.78,34.78,34.01,3127022
25 Jun 2024,35.44,35.81,34.88,35.50,34.72,3463950
24 Jun 2024,35.77,35.89,35.18,35.18,34.41,2300438
21 Jun 2024,35.68,35.88,35.36,35.88,35.09,7366501
20 Jun 2024,35.34,35.78,35.13,35.54,34.76,4708794
19 Jun 2024,35.76,35.88,35.26,35.43,34.65,2474255
18 Jun 2024,35.60,35.92,35.47,35.67,34.88,2003250
17 Jun 2024,35.51,35.95,35.28,35.33,34.55,2427657
14 Jun 2024,35.29,35.88,35.17,35.77,34.98,2277772
13 Jun 2024,35.20,35.79,35.17,35.53,34.75,3346754
12 Jun 2024,34.75,34.96,34.46,34.72,33.96,1784504
11 Jun 2024,34.51,34.97,34.35,34.73,33.97,3381314
07 Jun 2024,35.06,35.46,34.80,35.31,34.53,1758620
06 Jun 2024,35.41,35.52,34.90,35.08,34.31,2790463
05 Jun 2024,34.75,35.24,34.65,34.86,34.09,3380387
04 Jun 2024,34.31,34.65,34.31,34.33,33.57,2334859
03 Jun 2024,33.79,34.23,33.58,34.14,33.39,3256639
31 May 2024,34.29,34.47,33.27,33.52,32.78,14769687
30 May 2024,33.87,34.15,33.56,34.15,33.40,2812003
29 May 2024,33.84,34.29,33.84,34.08,33.33,3200371
28 May 2024,34.45,34.68,34.17,34.26,33.51,3988051
27 May 2024,34.08,34.50,34.04,34.45,33.69,1925523
24 May 2024,33.69,34.07,33.59,33.67,32.93,1394901
23 May 2024,33.59,34.25,33.26,34.17,33.42,2331998
22 May 2024,33.61,34.18,33.61,33.93,33.18,3143089
21 May 2024,33.84,34.40,33.71,33.76,33.02,3064578
20 May 2024,34.35,34.40,33.85,33.99,33.24,1867812
17 May 2024,34.50,34.80,34.09,34.35,33.59,2946174
16 May 2024,33.89,35.09,33.84,34.73,33.97,5031320
15 May 2024,33.71,33.73,33.16,33.37,32.64,3376614
14 May 2024,33.50,33.63,33.32,33.47,32.73,1961893
13 May 2024,33.52,33.75,33.42,33.75,33.01,2697060
10 May 2024,33.90,33.93,33.56,33.65,32.91,2064492
09 May 2024,33.94,34.19,33.47,33.76,33.02,3375589
08 May 2024,34.46,34.90,33.88,34.29,33.53,4088306
07 May 2024,34.33,34.54,34.07,34.38,33.62,5577812
06 May 2024,33.34,34.00,33.16,33.98,33.23,4142630
03 May 2024,32.05,33.01,32.01,32.63,31.91,2998958
02 May 2024,31.66,31.94,31.35,31.77,31.07,3992452
01 May 2024,30.99,31.60,30.92,31.51,30.82,2615315
30 Apr 2024,31.14,31.69,31.14,31.69,30.99,3197567
29 Apr 2024,31.14,31.56,31.11,31.19,30.50,2591515
26 Apr 2024,30.69,30.89,30.39,30.81,30.13,4352528
24 Apr 2024,31.06,31.65,31.06,31.36,30.67,3031385
23 Apr 2024,30.95,31.18,30.79,30.85,30.17,2310759
22 Apr 2024,30.45,30.75,30.30,30.62,29.95,2485492
19 Apr 2024,30.71,30.73,30.32,30.49,29.82,4766459
18 Apr 2024,30.50,31.04,30.40,30.97,30.29,5248331
17 Apr 2024,31.36,31.44,31.04,31.29,30.60,2902418
16 Apr 2024,31.40,31.47,30.77,31.15,30.46,3568238
15 Apr 2024,31.94,32.03,31.60,31.77,31.07,2879777
12 Apr 2024,31.95,32.08,31.81,32.04,31.33,3024652
11 Apr 2024,31.40,32.15,31.05,32.07,31.36,4462039
10 Apr 2024,31.93,32.39,31.86,32.33,31.62,3542299
09 Apr 2024,31.87,32.06,31.59,31.81,31.11,3439050
08 Apr 2024,32.40,32.47,32.01,32.15,31.44,3442214
05 Apr 2024,32.59,32.81,32.15,32.33,31.62,3196078
04 Apr 2024,32.55,32.95,32.41,32.67,31.95,3547491
03 Apr 2024,32.70,33.07,32.08,32.50,31.78,4750345
02 Apr 2024,33.31,34.07,33.18,33.38,32.64,4676454
28 Mar 2024,33.50,34.07,33.41,33.81,33.07,6849323
27 Mar 2024,33.07,33.25,32.86,33.17,32.44,3753331
26 Mar 2024,32.86,33.35,32.39,32.93,32.20,7502126
25 Mar 2024,32.12,33.41,31.10,33.24,32.51,7244379
22 Mar 2024,31.07,32.05,30.83,32.05,31.34,7847893
21 Mar 2024,30.85,31.22,30.63,31.00,30.32,10219797
20 Mar 2024,30.66,30.66,30.08,30.42,29.75,3074265
19 Mar 2024,30.08,30.65,29.72,30.42,29.75,4951855
18 Mar 2024,30.51,30.69,29.46,29.74,29.09,4681324
15 Mar 2024,30.25,31.44,30.15,30.86,30.18,88073145
14 Mar 2024,30.70,31.09,30.45,30.96,30.28,6392687
13 Mar 2024,30.22,30.85,30.17,30.85,30.17,6333504
12 Mar 2024,29.91,30.10,29.68,30.10,29.44,7407445
11 Mar 2024,30.50,30.90,29.96,30.15,29.49,6034824
08 Mar 2024,30.50,31.16,30.50,30.79,30.11,6334630
07 Mar 2024,31.34,31.34,30.74,30.97,30.29,6529702
06 Mar 2024,30.78,31.64,30.76,31.08,30.40,5234722
05 Mar 2024,30.50,31.33,30.50,31.00,30.32,5974033
04 Mar 2024,30.45,31.46,30.23,31.19,30.50,5505703
01 Mar 2024,29.44,30.64,29.44,30.48,29.81,7847339
29 Feb 2024,29.14,30.09,29.14,29.90,29.24,17002575
28 Feb 2024,28.89,28.96,28.51,28.82,28.19,3424586
27 Feb 2024,28.65,28.77,28.36,28.77,28.14,3482496
26 Feb 2024,28.85,29.08,28.66,28.95,28.31,1621653
23 Feb 2024,28.81,28.84,28.62,28.74,28.11,2002205
22 Feb 2024,28.66,28.69,28.13,28.63,28.00,2635601
21 Feb 2024,28.97,29.18,28.60,28.67,28.04,3789624
20 Feb 2024,28.27,28.73,28.10,28.71,28.08,5033014
19 Feb 2024,28.50,28.63,27.76,28.08,27.46,3219384
16 Feb 2024,28.99,29.00,28.31,28.61,27.98,5687308
15 Feb 2024,27.50,28.59,27.43,28.47,27.84,7484164
14 Feb 2024,25.87,26.60,25.87,26.60,26.01,3469642
13 Feb 2024,26.77,26.84,26.50,26.61,26.02,2768395
12 Feb 2024,26.60,26.83,26.52,26.74,26.15,1538784
09 Feb 2024,26.81,26.95,26.64,26.64,26.05,2936640
08 Feb 2024,26.90,27.14,26.66,26.66,26.07,1606710
07 Feb 2024,26.54,27.16,26.54,26.83,26.24,3808244
06 Feb 2024,26.93,26.98,26.41,26.74,26.15,7328694
05 Feb 2024,26.83,27.12,26.60,27.08,26.48,4249148
02 Feb 2024,26.17,27.16,26.05,26.98,26.39,7515588
01 Feb 2024,25.30,25.45,25.20,25.41,24.85,2724072
31 Jan 2024,25.14,25.65,25.07,25.60,25.04,4217423
30 Jan 2024,25.40,25.44,25.12,25.28,24.72,2326102
29 Jan 2024,24.99,25.17,24.86,25.03,24.48,2593977
25 Jan 2024,24.81,24.95,24.68,24.92,24.37,2879598
24 Jan 2024,24.58,24.85,24.51,24.76,24.21,2008610
23 Jan 2024,24.78,24.82,24.36,24.58,24.04,2098541
22 Jan 2024,24.67,24.95,24.51,24.66,24.12,2952019
19 Jan 2024,24.16,24.37,24.07,24.34,23.80,3435664
18 Jan 2024,23.95,24.25,23.88,23.93,23.40,3830687
17 Jan 2024,24.13,24.34,24.06,24.32,23.78,5015535
16 Jan 2024,24.19,24.47,24.17,24.35,23.81,3057907
15 Jan 2024,24.21,24.27,24.08,24.23,23.70,990016
12 Jan 2024,24.18,24.38,24.17,24.30,23.76,2591657
11 Jan 2024,24.58,24.58,24.26,24.37,23.83,3576126
10 Jan 2024,24.07,24.36,24.02,24.29,23.76,2670118
09 Jan 2024,24.18,24.39,24.11,24.24,23.71,4897474
08 Jan 2024,23.99,24.18,23.95,23.97,23.44,1483964
05 Jan 2024,24.00,24.27,24.00,24.02,23.49,1878401
04 Jan 2024,24.13,24.25,24.01,24.01,23.48,5195893
03 Jan 2024,24.89,24.90,24.22,24.31,23.77,3788563
02 Jan 2024,25.35,25.40,24.99,25.11,24.56,1305039
29 Dec 2023,25.15,25.30,25.03,25.30,24.74,1844701
28 Dec 2023,25.39,25.39,25.02,25.21,24.65,2746290
27 Dec 2023,24.94,25.18,24.70,25.15,24.45,2485631
22 Dec 2023,24.42,24.69,24.33,24.66,23.97,3143326
21 Dec 2023,24.40,24.61,24.32,24.50,23.82,4647659
20 Dec 2023,24.65,24.76,24.42,24.61,23.92,3342803
19 Dec 2023,24.46,24.78,24.32,24.61,23.92,4771715
18 Dec 2023,24.22,24.28,23.99,24.14,23.47,2242112
15 Dec 2023,24.51,24.74,23.98,24.12,23.45,13591789
14 Dec 2023,24.41,24.80,24.31,24.55,23.87,6223866
13 Dec 2023,23.30,23.91,23.20,23.84,23.18,4691967
12 Dec 2023,23.00,23.27,22.90,23.27,22.62,3148743
11 Dec 2023,23.32,23.37,23.00,23.10,22.46,2951301
08 Dec 2023,23.07,23.20,22.85,23.20,22.55,4717084
07 Dec 2023,23.54,23.68,23.18,23.31,22.66,2797716
06 Dec 2023,23.17,23.64,23.08,23.48,22.83,5278880
05 Dec 2023,23.25,23.29,22.88,23.07,22.43,3447367
04 Dec 2023,23.34,23.55,23.33,23.38,22.73,2639013
01 Dec 2023,22.62,23.13,22.62,23.05,22.41,3172146
30 Nov 2023,22.80,22.89,22.25,22.75,22.12,11206037
29 Nov 2023,23.36,23.49,23.11,23.32,22.67,2921155
28 Nov 2023,23.25,23.42,23.08,23.30,22.65,4840771
27 Nov 2023,23.10,23.40,23.00,23.00,22.36,3030541
24 Nov 2023,22.97,23.28,22.91,23.07,22.43,1622264
23 Nov 2023,22.96,23.05,22.71,22.92,22.28,2802499
22 Nov 2023,22.91,23.17,22.68,22.94,22.30,2614481
21 Nov 2023,23.26,23.36,22.84,22.90,22.26,4349524
20 Nov 2023,23.09,23.26,23.05,23.16,22.51,2826725
17 Nov 2023,23.32,23.37,23.09,23.13,22.49,3458756
16 Nov 2023,23.59,23.68,23.29,23.46,22.81,3424699
15 Nov 2023,23.39,23.64,23.26,23.55,22.89,4590560
14 Nov 2023,22.93,22.94,22.52,22.77,22.14,6872691
13 Nov 2023,22.60,22.78,22.59,22.71,22.08,2465872
10 Nov 2023,22.71,22.71,22.39,22.50,21.87,3569577
09 Nov 2023,22.61,22.63,22.21,22.47,21.84,2975908
08 Nov 2023,22.27,22.44,22.02,22.33,21.71,3008565
07 Nov 2023,21.74,22.04,21.70,21.93,21.32,3677428
06 Nov 2023,22.15,22.27,21.73,21.95,21.34,3031119
03 Nov 2023,22.49,22.58,21.95,22.04,21.43,4016206
02 Nov 2023,21.62,21.93,21.62,21.67,21.07,3242830
01 Nov 2023,20.89,21.33,20.71,21.20,20.61,3273410
31 Oct 2023,20.64,21.02,20.50,20.74,20.16,4463543
30 Oct 2023,19.92,20.64,19.79,20.48,19.91,3576023
27 Oct 2023,20.34,20.44,20.16,20.19,19.63,2581990
26 Oct 2023,20.46,20.52,20.06,20.15,19.59,5814469
25 Oct 2023,21.08,21.16,20.70,20.73,20.15,2697038
24 Oct 2023,21.39,21.44,21.06,21.07,20.48,2432624
23 Oct 2023,20.86,21.16,20.86,21.06,20.47,2075609
20 Oct 2023,21.02,21.15,20.95,21.10,20.51,3866398
19 Oct 2023,21.62,21.66,21.27,21.45,20.85,3281593
18 Oct 2023,21.82,22.14,21.82,21.99,21.38,2144569
17 Oct 2023,22.20,22.29,21.99,22.12,21.50,1692391
16 Oct 2023,21.97,22.30,21.90,21.90,21.29,2115958
13 Oct 2023,22.05,22.27,21.70,22.11,21.49,2359164
12 Oct 2023,22.33,22.61,22.15,22.46,21.83,4443474
11 Oct 2023,22.16,22.39,22.12,22.12,21.50,3719701
10 Oct 2023,21.85,22.19,21.76,22.06,21.45,3202047
09 Oct 2023,21.55,21.76,21.41,21.55,20.95,1742655
06 Oct 2023,21.75,21.83,21.50,21.58,20.98,2338767
05 Oct 2023,21.38,21.82,21.38,21.77,21.16,3914671
04 Oct 2023,21.00,21.22,20.85,21.22,20.63,3107240
03 Oct 2023,21.55,21.57,21.02,21.23,20.64,3948087
02 Oct 2023,21.26,21.75,21.26,21.67,21.07,2385521
29 Sep 2023,21.78,21.79,21.45,21.45,20.85,6146547
28 Sep 2023,21.65,21.86,21.51,21.58,20.98,2812317
27 Sep 2023,21.36,21.62,21.27,21.61,21.01,3369168
26 Sep 2023,21.65,21.84,21.35,21.51,20.91,3467460
25 Sep 2023,21.55,21.87,21.37,21.87,21.26,2347783
22 Sep 2023,21.96,22.08,21.68,21.70,21.10,6779101
21 Sep 2023,22.42,22.53,22.15,22.18,21.56,5278288
20 Sep 2023,22.65,22.82,22.42,22.46,21.83,4193228
19 Sep 2023,22.47,22.67,22.29,22.56,21.93,3889683
18 Sep 2023,22.63,22.65,22.35,22.61,21.98,2070813
15 Sep 2023,22.79,23.10,22.51,22.67,22.04,11052030
14 Sep 2023,22.59,22.85,22.57,22.60,21.97,3982094
13 Sep 2023,22.90,23.02,22.56,22.65,22.02,3207431
12 Sep 2023,22.98,23.06,22.84,22.91,22.27,3235112
11 Sep 2023,23.10,23.12,22.85,23.05,22.41,2953225
08 Sep 2023,23.21,23.25,23.03,23.19,22.54,2291113
07 Sep 2023,23.07,23.28,23.01,23.21,22.56,4386043
06 Sep 2023,22.97,23.09,22.90,23.09,22.45,3219889
05 Sep 2023,22.97,23.23,22.81,23.10,22.46,2085058
04 Sep 2023,23.24,23.29,23.02,23.17,22.52,3119189
01 Sep 2023,23.20,23.20,22.86,23.03,22.39,7580330
31 Aug 2023,23.10,23.39,22.98,23.36,22.71,7784607
30 Aug 2023,23.00,23.36,22.90,23.20,22.55,4552252
29 Aug 2023,22.91,22.95,22.68,22.92,22.28,4295106
28 Aug 2023,22.74,22.86,22.52,22.73,22.10,2711850
25 Aug 2023,22.15,22.63,22.12,22.58,21.95,3905604
24 Aug 2023,22.74,22.78,22.44,22.45,21.82,5644887
23 Aug 2023,22.68,22.75,22.35,22.35,21.73,8945995
22 Aug 2023,22.27,22.67,22.18,22.42,21.80,9215068
21 Aug 2023,22.22,22.62,22.22,22.43,21.81,7818851
18 Aug 2023,21.17,22.74,21.10,22.40,21.78,12176889
17 Aug 2023,19.75,20.88,19.48,20.88,20.30,6874624
16 Aug 2023,19.84,19.92,19.71,19.75,19.20,2869477
15 Aug 2023,20.05,20.12,19.77,19.89,19.34,2322327
14 Aug 2023,20.10,20.26,19.89,20.00,19.44,2409301
11 Aug 2023,20.23,20.40,20.07,20.19,19.63,1851243
10 Aug 2023,20.20,20.31,20.07,20.27,19.71,1905441
09 Aug 2023,20.23,20.28,19.99,20.16,19.60,2191784
08 Aug 2023,20.20,20.32,20.14,20.20,19.64,2268366
07 Aug 2023,19.96,20.23,19.94,20.12,19.56,1575369
04 Aug 2023,20.05,20.07,19.76,19.95,19.39,2869512
03 Aug 2023,20.21,20.21,19.92,20.12,19.56,2947692
02 Aug 2023,20.50,20.54,20.03,20.17,19.61,3321863
01 Aug 2023,20.70,20.76,20.48,20.67,20.09,1895634
31 Jul 2023,20.55,20.67,20.28,20.54,19.97,2122373
28 Jul 2023,20.95,21.04,20.29,20.50,19.93,3098399
27 Jul 2023,20.72,21.17,20.60,21.10,20.51,3100425
26 Jul 2023,20.65,20.69,20.30,20.52,19.95,2021503
25 Jul 2023,20.84,20.91,20.58,20.74,20.16,2136208
24 Jul 2023,20.67,20.81,20.55,20.70,20.12,2420642
21 Jul 2023,20.32,20.51,20.22,20.51,19.94,1981373
20 Jul 2023,20.66,20.82,20.41,20.41,19.84,2406132
19 Jul 2023,20.55,20.59,20.31,20.52,19.95,3185524
18 Jul 2023,20.73,20.74,20.42,20.50,19.93,1560785
17 Jul 2023,20.65,20.73,20.34,20.73,20.15,1811815
14 Jul 2023,20.62,20.83,20.41,20.64,20.07,3234894
13 Jul 2023,20.08,20.62,20.08,20.58,20.01,4692955
12 Jul 2023,20.03,20.10,19.68,19.77,19.22,2559015
11 Jul 2023,19.41,19.82,19.36,19.81,19.26,2800380
10 Jul 2023,19.55,19.65,19.28,19.33,18.79,2495684
07 Jul 2023,20.16,20.28,19.53,19.62,19.07,2962816
06 Jul 2023,20.24,20.41,20.20,20.40,19.83,2919557
05 Jul 2023,20.31,20.49,20.15,20.34,19.77,2191823
04 Jul 2023,20.16,20.42,20.12,20.33,19.76,1774840
03 Jul 2023,20.04,20.22,19.86,20.18,19.62,2306633
30 Jun 2023,20.00,20.11,19.84,20.07,19.51,3003696
29 Jun 2023,20.19,20.37,20.10,20.12,19.56,3351541
28 Jun 2023,19.83,20.30,19.83,20.18,19.47,2861535
27 Jun 2023,19.75,19.99,19.75,19.81,19.12,2282854
26 Jun 2023,19.51,19.70,19.47,19.57,18.88,3175127
23 Jun 2023,20.16,20.20,19.59,19.63,18.94,3705092
22 Jun 2023,20.56,20.56,19.88,20.16,19.45,2795222
21 Jun 2023,20.73,20.98,20.47,20.47,19.75,5668511
20 Jun 2023,20.64,20.90,20.52,20.73,20.00,3565585
19 Jun 2023,20.34,20.62,20.22,20.53,19.81,3515709
16 Jun 2023,19.96,20.30,19.94,20.21,19.50,6420709
15 Jun 2023,19.79,20.14,19.77,19.90,19.20,5380930
14 Jun 2023,19.88,19.88,19.58,19.69,19.00,4750152
13 Jun 2023,19.80,19.84,19.50,19.62,18.93,2242894
09 Jun 2023,19.35,19.68,19.33,19.61,18.92,3442032
08 Jun 2023,19.90,19.91,19.34,19.40,18.72,4067794
07 Jun 2023,19.96,20.09,19.63,19.87,19.17,2997418
06 Jun 2023,19.92,20.17,19.85,19.94,19.24,3294772
05 Jun 2023,20.17,20.33,20.08,20.16,19.45,2024180
02 Jun 2023,19.72,19.99,19.59,19.88,19.18,4265610
01 Jun 2023,19.50,19.83,19.50,19.80,19.11,2674107
31 May 2023,20.08,20.16,19.55,19.63,18.94,17378410
30 May 2023,20.11,20.18,19.99,20.05,19.35,1633374
29 May 2023,20.15,20.24,20.09,20.17,19.46,1740432
26 May 2023,19.86,19.95,19.65,19.81,19.12,1936407
25 May 2023,19.87,19.93,19.72,19.93,19.23,3289974
24 May 2023,20.06,20.17,20.03,20.10,19.39,2251420
23 May 2023,20.28,20.35,20.10,20.25,19.54,2524268
22 May 2023,20.24,20.27,20.07,20.12,19.41,2232169
19 May 2023,20.20,20.30,20.12,20.27,19.56,3103043
18 May 2023,20.19,20.30,20.01,20.14,19.43,3472292
17 May 2023,20.05,20.25,20.04,20.04,19.34,2217316
16 May 2023,20.17,20.34,20.17,20.23,19.52,6111862
15 May 2023,20.05,20.47,20.05,20.39,19.67,2308438
12 May 2023,20.05,20.21,19.95,20.16,19.45,5093538
11 May 2023,20.06,20.30,19.79,19.97,19.27,3309035
10 May 2023,19.61,19.94,19.60,19.79,19.10,3646943
09 May 2023,19.81,19.89,19.57,19.82,19.12,3638319
08 May 2023,19.85,20.13,19.81,19.96,19.26,2040653
05 May 2023,19.49,20.04,19.45,20.00,19.30,3339176
04 May 2023,19.15,19.69,19.10,19.41,18.73,3286375
03 May 2023,19.19,19.33,18.89,19.07,18.40,3527191
02 May 2023,19.41,19.70,19.16,19.27,18.59,2982346
01 May 2023,19.44,19.64,19.35,19.55,18.86,1811593
28 Apr 2023,19.45,19.45,19.21,19.31,18.63,2455022
27 Apr 2023,19.28,19.34,19.07,19.27,18.59,2795225
26 Apr 2023,19.40,19.55,19.23,19.43,18.75,3164376
24 Apr 2023,19.17,19.44,19.14,19.35,18.67,1814743
21 Apr 2023,19.15,19.27,19.08,19.10,18.43,2861156
20 Apr 2023,18.97,19.24,18.87,19.18,18.51,3538219
19 Apr 2023,19.04,19.09,18.83,18.88,18.22,2888993
18 Apr 2023,19.45,19.51,19.08,19.19,18.52,3432305
17 Apr 2023,19.30,19.44,19.15,19.42,18.74,14564238
14 Apr 2023,19.44,19.51,19.10,19.18,18.51,2306662
13 Apr 2023,19.18,19.46,19.12,19.46,18.78,3108419
12 Apr 2023,19.30,19.32,19.08,19.20,18.53,1873655
11 Apr 2023,19.05,19.19,18.92,19.14,18.47,2655710
06 Apr 2023,19.13,19.13,18.65,18.86,18.20,2930189
05 Apr 2023,19.55,19.55,19.10,19.20,18.53,4133144
04 Apr 2023,19.17,19.46,19.08,19.42,18.74,3787755
03 Apr 2023,19.11,19.28,18.96,19.23,18.56,6752541
31 Mar 2023,18.80,18.99,18.72,18.79,18.13,4685719
30 Mar 2023,18.91,18.99,18.55,18.66,18.01,3127522
29 Mar 2023,18.77,18.91,18.72,18.75,18.09,2791344
28 Mar 2023,18.88,19.17,18.86,18.91,18.25,2610812
27 Mar 2023,18.43,18.97,18.43,18.84,18.18,3494911
24 Mar 2023,18.35,18.58,18.32,18.45,17.80,1673253
23 Mar 2023,18.28,18.53,18.16,18.47,17.82,2756830
22 Mar 2023,18.61,18.63,18.36,18.51,17.86,3855692
21 Mar 2023,18.65,18.81,18.55,18.55,17.90,2603438
20 Mar 2023,18.69,18.82,18.35,18.44,17.79,3023729
17 Mar 2023,19.10,19.30,18.83,18.98,18.31,6464325
16 Mar 2023,19.01,19.23,18.91,19.22,18.55,6802080
15 Mar 2023,19.31,19.37,18.97,19.06,18.39,15240022
14 Mar 2023,19.14,19.33,18.87,19.16,18.49,6495543
13 Mar 2023,19.02,19.18,18.69,19.14,18.47,3132202
10 Mar 2023,19.30,19.38,19.17,19.28,18.60,3039656
09 Mar 2023,20.03,20.03,19.51,19.61,18.92,2513739
08 Mar 2023,19.53,19.77,19.50,19.74,19.05,2588287
07 Mar 2023,19.59,19.76,19.44,19.70,19.01,2812633
06 Mar 2023,19.32,19.67,19.22,19.57,18.88,2938378
03 Mar 2023,19.49,19.54,19.14,19.16,18.49,2838497
02 Mar 2023,19.57,19.58,19.29,19.38,18.70,3316385
01 Mar 2023,19.82,19.83,19.33,19.43,18.75,3696652
28 Feb 2023,19.56,19.93,19.56,19.86,19.16,4965576
27 Feb 2023,19.87,19.87,19.40,19.50,18.82,2716280
24 Feb 2023,20.07,20.18,19.85,19.97,19.27,2997936
23 Feb 2023,19.62,19.83,19.50,19.78,19.09,2169329
22 Feb 2023,19.48,19.92,19.48,19.70,19.01,3239482
21 Feb 2023,19.80,19.85,19.47,19.61,18.92,2427508
20 Feb 2023,19.84,19.95,19.68,19.80,19.11,2358015
17 Feb 2023,20.00,20.00,19.61,19.88,19.18,3994504
16 Feb 2023,20.12,20.39,19.37,20.23,19.52,6449025
15 Feb 2023,20.00,20.10,19.65,19.81,19.12,2320986
14 Feb 2023,20.16,20.30,19.89,19.89,19.19,2333945
13 Feb 2023,19.70,19.89,19.65,19.85,19.15,2324579
10 Feb 2023,19.58,19.80,19.55,19.78,19.09,1835600
09 Feb 2023,19.80,19.93,19.61,19.73,19.04,3070362
08 Feb 2023,20.08,20.16,19.92,19.98,19.28,2422065
07 Feb 2023,20.43,20.43,19.81,19.96,19.26,3792629
06 Feb 2023,20.64,20.81,20.39,20.43,19.71,3125099
03 Feb 2023,20.91,21.06,20.69,20.95,20.22,4373641
02 Feb 2023,20.66,20.84,20.37,20.39,19.67,4480280
01 Feb 2023,20.26,20.32,19.93,20.21,19.50,4541275
31 Jan 2023,20.00,20.20,19.87,19.97,19.27,4619304
30 Jan 2023,20.13,20.24,20.00,20.14,19.43,6179577
27 Jan 2023,19.54,19.92,19.38,19.92,19.22,4351047
25 Jan 2023,19.98,19.98,19.30,19.41,18.73,3258280
24 Jan 2023,19.25,19.57,19.21,19.55,18.86,2953293
23 Jan 2023,19.37,19.48,18.98,19.03,18.36,2523617
20 Jan 2023,19.01,19.25,18.93,19.19,18.52,3221470
19 Jan 2023,19.30,19.41,19.10,19.19,18.52,3703669
18 Jan 2023,19.50,19.53,19.03,19.08,18.41,3787543
17 Jan 2023,19.00,19.55,19.00,19.42,18.74,4142654
16 Jan 2023,18.69,19.15,18.69,19.05,18.38,3122886
13 Jan 2023,18.84,18.89,18.57,18.64,17.99,2235787
12 Jan 2023,18.48,18.63,18.34,18.62,17.97,2836349
11 Jan 2023,17.88,18.37,17.77,18.35,17.71,2868629
10 Jan 2023,17.75,17.90,17.66,17.84,17.21,1463333
09 Jan 2023,17.90,17.99,17.70,17.80,17.18,1457021
06 Jan 2023,17.40,17.55,17.26,17.55,16.93,2027969
05 Jan 2023,17.91,18.03,17.66,17.68,17.06,2558552
04 Jan 2023,17.61,17.80,17.52,17.77,17.15,2735489
03 Jan 2023,17.44,17.52,17.16,17.31,16.70,2277166
30 Dec 2022,17.70,17.72,17.36,17.36,16.75,2263347
29 Dec 2022,17.22,17.43,17.08,17.37,16.76,3425925
28 Dec 2022,17.26,17.53,17.25,17.42,16.66,1721809
23 Dec 2022,17.50,17.53,17.42,17.43,16.67,1791167
22 Dec 2022,17.70,17.73,17.44,17.73,16.96,3107194
21 Dec 2022,17.39,17.62,17.24,17.50,16.74,5287299
20 Dec 2022,17.85,17.93,17.06,17.10,16.36,5648143
19 Dec 2022,18.00,18.14,17.91,17.91,17.13,1679834
16 Dec 2022,18.01,18.33,17.94,18.22,17.43,7744343
15 Dec 2022,18.53,18.73,18.45,18.45,17.65,6103382
14 Dec 2022,18.68,18.93,18.52,18.60,17.79,3513361
13 Dec 2022,18.24,18.33,18.07,18.31,17.52,4007490
12 Dec 2022,18.21,18.40,18.17,18.20,17.41,2692594
09 Dec 2022,18.38,18.49,18.04,18.18,17.39,6090871
08 Dec 2022,18.22,18.36,17.97,18.23,17.44,3328401
07 Dec 2022,18.28,18.33,18.00,18.00,17.22,5478303
06 Dec 2022,18.67,18.75,18.35,18.52,17.72,4453931
05 Dec 2022,18.51,18.94,18.44,18.73,17.92,3362257
02 Dec 2022,18.97,19.03,18.41,18.41,17.61,8077332
01 Dec 2022,19.44,19.44,19.00,19.20,18.37,2917181
30 Nov 2022,19.00,19.12,18.66,19.12,18.29,11030425
29 Nov 2022,18.54,18.76,18.48,18.69,17.88,4042271
28 Nov 2022,18.81,19.00,18.73,18.91,18.09,5007066
25 Nov 2022,18.76,18.88,18.55,18.77,17.96,2541129
24 Nov 2022,18.26,18.58,18.20,18.56,17.75,3024612
23 Nov 2022,18.17,18.26,18.01,18.23,17.44,3037254
22 Nov 2022,18.38,18.38,18.07,18.15,17.36,2987066
21 Nov 2022,18.44,18.50,18.12,18.12,17.33,2629026
18 Nov 2022,18.28,18.55,18.25,18.36,17.56,4709406
17 Nov 2022,18.15,18.21,17.80,18.18,17.39,3877746
16 Nov 2022,17.82,18.12,17.80,17.89,17.11,2591973
15 Nov 2022,17.97,18.14,17.81,17.88,17.10,3844245
14 Nov 2022,18.20,18.50,18.07,18.17,17.38,4862309
11 Nov 2022,18.36,18.57,18.24,18.27,17.48,8633354
10 Nov 2022,16.95,17.27,16.82,17.23,16.48,3751944
09 Nov 2022,17.12,17.36,17.12,17.13,16.39,3440738
08 Nov 2022,16.94,17.11,16.75,17.03,16.29,3442959
07 Nov 2022,16.91,17.05,16.88,16.98,16.24,2255866
04 Nov 2022,16.84,16.96,16.68,16.83,16.10,3954858
03 Nov 2022,16.65,17.11,16.54,16.97,16.23,3845544
02 Nov 2022,17.54,17.64,17.05,17.11,16.37,6280637
01 Nov 2022,16.98,17.68,16.86,17.65,16.88,5199797
31 Oct 2022,17.30,17.30,16.70,17.00,16.26,4622228
28 Oct 2022,16.89,16.91,16.45,16.75,16.02,4337401
27 Oct 2022,16.78,17.07,16.74,16.93,16.20,2715365
26 Oct 2022,17.00,17.09,16.85,16.95,16.21,3472217
25 Oct 2022,16.35,16.67,16.34,16.56,15.84,2837077
24 Oct 2022,16.23,16.55,16.16,16.29,15.58,3662010
21 Oct 2022,16.40,16.52,15.92,15.92,15.23,4422536
20 Oct 2022,16.48,16.53,16.32,16.52,15.80,9203008
19 Oct 2022,16.75,16.83,16.67,16.71,15.98,4742558
18 Oct 2022,16.37,16.74,16.35,16.62,15.90,4905678
17 Oct 2022,15.86,16.08,15.77,16.03,15.33,6633997
14 Oct 2022,16.04,16.27,15.74,16.01,15.32,3638074
13 Oct 2022,15.75,15.82,15.57,15.74,15.06,4188467
12 Oct 2022,15.94,16.07,15.82,15.96,15.27,5877484
11 Oct 2022,16.47,16.48,15.82,15.88,15.19,4869688
10 Oct 2022,15.93,16.17,15.84,16.14,15.44,3692246
07 Oct 2022,16.58,16.69,16.44,16.46,15.75,3751247
06 Oct 2022,17.02,17.06,16.61,16.85,16.12,6276515
05 Oct 2022,17.45,17.60,17.11,17.28,16.53,9935680
04 Oct 2022,16.17,16.77,16.04,16.74,16.01,6609104
03 Oct 2022,15.61,15.99,15.61,15.84,15.15,3877203
30 Sep 2022,15.86,15.96,15.72,15.78,15.10,5879779
29 Sep 2022,16.40,16.51,16.06,16.23,15.53,4474823
28 Sep 2022,16.12,16.30,15.78,16.10,15.40,7419321
27 Sep 2022,16.52,16.67,16.30,16.36,15.65,6446198
26 Sep 2022,16.64,16.96,16.61,16.78,16.05,6548698
23 Sep 2022,17.18,17.22,16.85,16.90,16.17,4857811
21 Sep 2022,17.56,17.63,17.44,17.55,16.79,3194658
20 Sep 2022,17.92,18.07,17.82,17.84,17.07,3381825
19 Sep 2022,17.90,18.04,17.73,17.87,17.09,4539567
16 Sep 2022,17.95,18.04,17.79,17.80,17.03,9098652
15 Sep 2022,18.62,18.76,18.17,18.29,17.50,8125506
14 Sep 2022,19.03,19.21,18.48,18.69,17.88,3547213
13 Sep 2022,19.30,19.70,19.30,19.68,18.83,3041596
12 Sep 2022,19.26,19.34,19.13,19.18,18.35,2611298
09 Sep 2022,19.00,19.08,18.79,19.05,18.22,3014637
08 Sep 2022,18.80,19.26,18.68,19.26,18.42,4175380
07 Sep 2022,18.71,18.85,18.42,18.59,17.78,6739177
06 Sep 2022,18.80,19.04,18.69,18.82,18.00,3457237
05 Sep 2022,19.02,19.08,18.73,18.85,18.03,2948866
02 Sep 2022,19.28,19.45,19.16,19.21,18.38,2695279
01 Sep 2022,19.41,19.47,18.76,19.17,18.34,10723850
31 Aug 2022,20.00,20.10,19.59,19.67,18.82,6532874
30 Aug 2022,20.09,20.39,20.09,20.15,19.28,2963278
29 Aug 2022,19.90,20.25,19.87,20.13,19.26,4319335
26 Aug 2022,20.26,20.71,20.21,20.52,19.63,5338140
25 Aug 2022,19.51,20.18,19.35,20.14,19.27,3962357
24 Aug 2022,19.40,19.58,19.20,19.35,18.51,3969790
23 Aug 2022,19.91,20.02,19.66,19.75,18.89,4454126
22 Aug 2022,20.20,20.31,19.98,20.20,19.32,3635526
19 Aug 2022,21.04,21.04,20.40,20.49,19.60,4876563
18 Aug 2022,21.09,21.12,20.69,21.04,20.13,4638834
17 Aug 2022,20.62,21.16,20.54,21.06,20.15,3578947
16 Aug 2022,20.05,20.78,19.95,20.55,19.66,5390920
15 Aug 2022,20.28,20.68,20.28,20.65,19.75,2171924
12 Aug 2022,20.50,20.54,20.16,20.19,19.31,2822483
11 Aug 2022,20.38,20.85,20.34,20.77,19.87,3811880
10 Aug 2022,20.29,20.36,19.96,19.97,19.10,2256376
09 Aug 2022,20.29,20.51,20.24,20.50,19.61,2042698
08 Aug 2022,20.53,20.69,20.08,20.13,19.26,2539378
05 Aug 2022,20.70,20.88,20.52,20.83,19.93,1670007
04 Aug 2022,20.74,20.96,20.49,20.50,19.61,3041303
03 Aug 2022,20.37,20.60,20.19,20.47,19.58,3051566
02 Aug 2022,20.52,20.55,19.98,20.43,19.54,3492361
01 Aug 2022,20.75,20.88,20.53,20.65,19.75,3380282
29 Jul 2022,20.29,20.85,20.20,20.70,19.80,5376051
28 Jul 2022,19.52,19.81,19.32,19.79,18.93,2882320
27 Jul 2022,19.35,19.52,19.23,19.44,18.60,1532053
26 Jul 2022,19.36,19.47,19.18,19.34,18.50,1828309
25 Jul 2022,19.25,19.37,19.09,19.35,18.51,2557809
22 Jul 2022,19.20,19.41,19.19,19.23,18.40,4059016
21 Jul 2022,19.28,19.39,18.98,19.15,18.32,3334028
20 Jul 2022,18.76,19.31,18.76,19.17,18.34,2921327
19 Jul 2022,18.99,19.07,18.51,18.59,17.78,3757089
18 Jul 2022,18.79,19.09,18.67,19.09,18.26,1404881
15 Jul 2022,18.65,19.07,18.57,18.95,18.13,2300505
14 Jul 2022,18.87,18.92,18.53,18.84,18.02,3751283
13 Jul 2022,18.92,19.11,18.85,19.03,18.20,3468713
12 Jul 2022,18.85,18.99,18.52,18.59,17.78,3243864
11 Jul 2022,18.96,19.13,18.55,18.66,17.85,2499965
08 Jul 2022,19.24,19.38,18.75,18.97,18.15,2868394
07 Jul 2022,19.40,19.42,19.03,19.19,18.36,3503635
06 Jul 2022,18.72,19.39,18.53,19.27,18.43,5284625
05 Jul 2022,18.69,18.77,18.43,18.56,17.75,2758597
04 Jul 2022,18.62,18.90,18.54,18.74,17.93,3509192
01 Jul 2022,18.23,18.59,18.14,18.23,17.44,5283740
30 Jun 2022,18.58,18.72,17.84,17.84,17.07,7765611
29 Jun 2022,18.54,18.62,18.13,18.20,17.41,5496588
28 Jun 2022,18.88,19.07,18.74,18.99,18.02,3257614
27 Jun 2022,19.06,19.14,18.68,18.86,17.90,4572964
24 Jun 2022,18.28,18.70,18.18,18.68,17.73,4326327
23 Jun 2022,17.72,18.09,17.65,18.09,17.17,4591641
22 Jun 2022,17.73,17.85,17.22,17.25,16.37,3203784
21 Jun 2022,17.74,17.79,17.37,17.53,16.64,2571806
20 Jun 2022,17.31,17.75,17.13,17.69,16.79,3290369
17 Jun 2022,16.86,17.20,16.80,17.11,16.24,11006716
16 Jun 2022,17.39,17.83,17.33,17.54,16.65,6073269
15 Jun 2022,17.70,17.91,17.05,17.13,16.26,6063789
14 Jun 2022,17.72,18.00,17.21,17.91,17.00,7369357
10 Jun 2022,18.82,18.93,18.58,18.58,17.63,4091458
09 Jun 2022,19.30,19.30,18.88,19.11,18.14,2927207
08 Jun 2022,19.61,19.77,19.36,19.43,18.44,4865651
07 Jun 2022,20.00,20.12,19.40,19.45,18.46,4864349
06 Jun 2022,20.15,20.27,20.00,20.20,19.17,2601483
03 Jun 2022,20.35,20.50,20.08,20.24,19.21,2629658
02 Jun 2022,20.07,20.24,19.91,20.00,18.98,3585826
01 Jun 2022,20.87,20.89,20.23,20.36,19.32,3449553
31 May 2022,20.35,20.69,20.22,20.55,19.50,19524929
30 May 2022,20.23,20.44,20.04,20.38,19.34,4150848
27 May 2022,20.10,20.10,19.60,19.85,18.84,3113261
26 May 2022,19.78,19.92,19.62,19.68,18.68,4159073
25 May 2022,19.69,19.78,19.43,19.43,18.44,3485631
24 May 2022,19.40,19.53,19.11,19.44,18.45,3728470
23 May 2022,19.58,19.62,19.07,19.16,18.18,3615550
20 May 2022,19.04,19.49,19.03,19.37,18.38,4010412
19 May 2022,18.77,19.28,18.67,19.15,18.17,4415813
18 May 2022,18.96,19.19,18.72,19.08,18.11,5304378
17 May 2022,19.53,19.53,18.75,18.75,17.79,7606874
16 May 2022,20.26,20.35,19.47,19.55,18.55,5086144
13 May 2022,19.36,19.69,19.19,19.67,18.67,8316614
12 May 2022,19.12,19.24,18.86,18.91,17.95,6583168
11 May 2022,19.15,19.53,19.00,19.49,18.50,5744647
10 May 2022,19.05,19.33,18.79,19.22,18.24,8962941
09 May 2022,19.66,20.08,19.16,19.16,18.18,8516434
06 May 2022,21.19,21.25,20.60,20.60,19.55,6898618
05 May 2022,21.49,21.70,21.28,21.62,20.52,2981863
04 May 2022,22.04,22.14,21.41,21.41,20.32,3583132
03 May 2022,22.01,22.43,21.91,21.93,20.81,2920210
02 May 2022,23.43,23.49,22.13,22.26,21.13,5222244
29 Apr 2022,23.80,24.13,23.79,23.98,22.76,3619030
28 Apr 2022,23.54,23.60,23.27,23.49,22.29,1945307
27 Apr 2022,23.23,23.71,23.23,23.63,22.43,3953754
26 Apr 2022,23.35,23.66,23.12,23.52,22.32,4348429
22 Apr 2022,23.47,23.65,23.25,23.62,22.42,3855781
21 Apr 2022,23.08,23.46,22.86,23.37,22.18,3284597
20 Apr 2022,23.06,23.16,22.87,22.91,21.74,3680309
19 Apr 2022,22.51,22.76,22.47,22.56,21.41,1906194
14 Apr 2022,22.71,22.82,22.58,22.66,21.51,1940146
13 Apr 2022,22.75,22.86,22.51,22.62,21.47,3182159
12 Apr 2022,23.20,23.33,22.83,22.88,21.71,2883967
11 Apr 2022,23.16,23.29,22.92,23.18,22.00,2864009
08 Apr 2022,23.22,23.61,23.12,23.12,21.94,3702934
07 Apr 2022,22.73,23.21,22.52,23.07,21.89,3873742
06 Apr 2022,22.83,23.00,22.61,22.67,21.52,3519026
05 Apr 2022,23.00,23.22,22.89,23.07,21.89,2922090
04 Apr 2022,22.95,22.96,22.75,22.92,21.75,3398207
01 Apr 2022,22.70,23.00,22.58,22.87,21.70,2876396
31 Mar 2022,23.11,23.31,22.85,22.89,21.72,7136180
30 Mar 2022,22.90,23.30,22.79,23.06,21.89,4235573
29 Mar 2022,22.45,22.81,22.44,22.50,21.35,3665030
28 Mar 2022,22.76,22.81,22.09,22.13,21.00,3240509
25 Mar 2022,22.73,22.95,22.64,22.80,21.64,3008466
24 Mar 2022,22.56,22.78,22.51,22.73,21.57,2928893
23 Mar 2022,22.69,22.98,22.58,22.66,21.51,2214948
22 Mar 2022,22.72,22.77,22.33,22.38,21.24,3350326
21 Mar 2022,22.64,22.81,22.57,22.57,21.42,1842799
18 Mar 2022,22.31,22.61,22.24,22.49,21.34,13813989
17 Mar 2022,22.40,22.47,22.02,22.34,21.20,5549575
16 Mar 2022,21.99,22.24,21.87,22.17,21.04,2643304
15 Mar 2022,21.83,22.11,21.80,21.86,20.75,3472053
14 Mar 2022,21.40,21.90,21.40,21.87,20.76,3055183
11 Mar 2022,21.93,21.99,21.38,21.50,20.40,4156987
10 Mar 2022,21.71,22.26,21.67,22.14,21.01,4551923
09 Mar 2022,21.42,21.67,21.10,21.56,20.46,3229660
08 Mar 2022,21.42,21.76,21.28,21.34,20.25,4388560
07 Mar 2022,21.66,21.78,21.22,21.38,20.29,4164046
04 Mar 2022,22.07,22.20,21.56,21.75,20.64,3794166
03 Mar 2022,22.73,22.76,22.09,22.19,21.06,4278966
02 Mar 2022,22.03,22.34,21.83,22.27,21.14,6094607
01 Mar 2022,22.55,22.75,22.18,22.27,21.14,3802996
28 Feb 2022,22.02,22.55,21.90,22.23,21.10,6294397
25 Feb 2022,21.92,22.32,21.72,22.21,21.08,4549705
24 Feb 2022,21.89,22.10,21.50,21.68,20.58,6051515
23 Feb 2022,22.08,22.36,22.00,22.28,21.14,3581673
22 Feb 2022,22.54,22.72,22.06,22.24,21.11,3267396
21 Feb 2022,22.65,22.99,22.53,22.76,21.60,3063637
18 Feb 2022,23.65,23.75,22.68,23.06,21.89,4722181
17 Feb 2022,25.10,25.24,23.79,23.98,22.76,6231510
16 Feb 2022,23.60,24.11,23.22,24.00,22.78,4202545
15 Feb 2022,22.44,23.45,22.43,23.27,22.08,4743044
14 Feb 2022,22.79,22.91,22.56,22.82,21.66,2398590
11 Feb 2022,23.09,23.34,22.57,22.80,21.64,4397571
10 Feb 2022,23.60,24.02,23.60,23.73,22.52,3213059
09 Feb 2022,23.35,23.71,23.17,23.60,22.40,4314486
08 Feb 2022,23.07,23.54,23.03,23.32,22.13,3477455
07 Feb 2022,23.46,23.51,23.13,23.29,22.10,3435797
04 Feb 2022,23.76,24.01,23.54,23.74,22.53,3268677
03 Feb 2022,23.56,23.81,23.53,23.73,22.52,2724531
02 Feb 2022,23.50,23.98,23.50,23.74,22.53,2791981
01 Feb 2022,23.50,23.71,23.17,23.56,22.36,3691598
31 Jan 2022,22.90,23.49,22.79,23.19,22.01,4784582
28 Jan 2022,22.50,22.95,22.33,22.93,21.76,14656158
27 Jan 2022,22.35,22.86,21.67,22.03,20.91,6466181
25 Jan 2022,23.21,23.31,22.69,22.88,21.71,5785099
24 Jan 2022,22.63,23.56,22.60,23.43,22.24,4417272
21 Jan 2022,22.56,22.85,22.53,22.63,21.48,4175464
20 Jan 2022,22.71,22.95,22.66,22.85,21.69,3368775
19 Jan 2022,22.76,23.18,22.76,22.92,21.75,4135226
18 Jan 2022,22.90,23.14,22.90,23.00,21.83,2697438
17 Jan 2022,23.00,23.05,22.77,22.94,21.77,3617930
14 Jan 2022,23.54,23.68,23.18,23.20,22.02,4494520
13 Jan 2022,23.80,23.86,23.61,23.65,22.45,4258316
12 Jan 2022,23.80,23.93,23.65,23.71,22.50,5545232
11 Jan 2022,24.09,24.25,23.75,23.75,22.54,4306305
10 Jan 2022,24.55,24.56,24.12,24.26,23.02,2351805
07 Jan 2022,24.98,25.00,24.46,24.68,23.42,2702739
06 Jan 2022,25.17,25.42,24.21,24.29,23.05,6578210
05 Jan 2022,26.73,26.79,25.83,25.84,24.52,3785069
04 Jan 2022,26.50,26.82,26.43,26.76,25.40,1699282
31 Dec 2021,26.88,26.88,26.50,26.50,25.15,1371639
30 Dec 2021,26.79,26.96,26.59,26.96,25.59,2805679
29 Dec 2021,26.60,26.84,26.42,26.74,25.24,1926989
24 Dec 2021,26.30,26.30,26.17,26.22,24.74,529263
23 Dec 2021,26.56,26.56,26.07,26.17,24.70,3395250
22 Dec 2021,25.96,26.08,25.75,26.08,24.61,3300735
21 Dec 2021,26.49,26.60,26.00,26.09,24.62,3337753
20 Dec 2021,26.38,26.40,26.21,26.30,24.82,2750105
17 Dec 2021,25.75,26.31,25.75,26.26,24.78,12197810
16 Dec 2021,25.62,26.11,25.62,25.97,24.51,5364851
15 Dec 2021,25.53,25.73,25.46,25.55,24.11,2921418
14 Dec 2021,25.90,26.27,25.77,26.13,24.66,3103668
13 Dec 2021,25.40,25.83,25.40,25.62,24.18,2177403
10 Dec 2021,25.17,25.35,25.08,25.31,23.89,1813040
09 Dec 2021,25.39,25.45,25.15,25.33,23.90,1951224
08 Dec 2021,25.16,25.45,25.01,25.28,23.86,3895084
07 Dec 2021,24.91,25.04,24.75,24.92,23.52,3237647
06 Dec 2021,24.75,24.99,24.53,24.93,23.53,3538908
03 Dec 2021,25.02,25.09,24.51,24.58,23.20,2657336
02 Dec 2021,24.70,24.96,24.59,24.79,23.40,3709717
01 Dec 2021,24.85,24.88,24.52,24.67,23.28,3314102
30 Nov 2021,24.52,24.93,24.52,24.69,23.30,5923284
29 Nov 2021,24.49,24.67,24.36,24.55,23.17,3595028
26 Nov 2021,24.71,24.71,24.38,24.57,23.19,2235948
25 Nov 2021,24.45,24.67,24.30,24.55,23.17,2493710
24 Nov 2021,24.45,24.53,24.37,24.44,23.06,4037248
23 Nov 2021,24.13,24.60,24.10,24.52,23.14,1967456
22 Nov 2021,24.25,24.66,24.18,24.50,23.12,1564011
19 Nov 2021,24.08,24.54,24.07,24.50,23.12,2947921
18 Nov 2021,24.17,24.65,24.13,24.49,23.11,3116447
17 Nov 2021,23.84,24.15,23.84,24.06,22.71,5005850
16 Nov 2021,23.82,23.93,23.79,23.89,22.55,2435446
15 Nov 2021,23.54,23.97,23.53,23.85,22.51,1792284
12 Nov 2021,23.55,23.74,23.46,23.65,22.32,2322487
11 Nov 2021,23.71,23.74,23.36,23.64,22.31,2526614
10 Nov 2021,23.99,23.99,23.64,23.78,22.44,1918557
09 Nov 2021,23.56,23.65,23.36,23.55,22.22,2314495
08 Nov 2021,23.92,23.92,23.53,23.60,22.27,2326486
05 Nov 2021,23.74,24.00,23.65,23.74,22.40,2653140
04 Nov 2021,23.75,23.75,23.48,23.53,22.21,2472344
03 Nov 2021,24.00,24.22,23.46,23.53,22.21,4718073
02 Nov 2021,23.40,23.95,23.21,23.49,22.17,5031529
01 Nov 2021,22.24,22.39,21.96,22.25,21.00,2711014
29 Oct 2021,22.40,22.52,21.85,21.90,20.67,3394565
28 Oct 2021,22.20,22.35,22.18,22.35,21.09,3418804
27 Oct 2021,22.50,22.74,22.37,22.42,21.16,2534844
26 Oct 2021,22.61,22.64,22.30,22.35,21.09,1883507
25 Oct 2021,22.66,22.76,22.46,22.56,21.29,3692019
22 Oct 2021,22.32,22.63,22.29,22.46,21.20,2767329
21 Oct 2021,22.05,22.28,21.85,22.21,20.96,3186282
20 Oct 2021,21.80,21.94,21.70,21.79,20.56,2687888
19 Oct 2021,21.21,21.80,21.20,21.64,20.42,3889082
18 Oct 2021,21.32,21.44,21.11,21.15,19.96,2216879
15 Oct 2021,21.52,21.58,21.28,21.43,20.22,1767755
14 Oct 2021,21.38,21.64,21.38,21.46,20.25,2059719
13 Oct 2021,21.01,21.29,21.00,21.25,20.05,2894104
12 Oct 2021,20.60,20.88,20.60,20.79,19.62,3202357
11 Oct 2021,20.94,21.00,20.73,20.89,19.71,2676404
08 Oct 2021,21.41,21.42,21.04,21.24,20.04,2255995
07 Oct 2021,21.17,21.33,20.96,21.28,20.08,2534513
06 Oct 2021,21.17,21.36,20.96,21.02,19.84,3192168
05 Oct 2021,21.11,21.20,20.97,21.16,19.97,3401115
04 Oct 2021,21.10,21.35,21.06,21.32,20.12,1663138
01 Oct 2021,21.35,21.42,21.08,21.18,19.99,3975183
30 Sep 2021,20.86,21.72,20.84,21.68,20.46,5959091
29 Sep 2021,21.20,21.39,21.06,21.26,20.06,5154170
28 Sep 2021,22.01,22.10,21.45,21.55,20.34,4432550
27 Sep 2021,22.25,22.59,22.17,22.49,21.22,2400476
24 Sep 2021,22.58,22.86,22.27,22.33,21.07,2226194
23 Sep 2021,22.81,22.98,22.70,22.87,21.58,2615928
22 Sep 2021,22.51,22.95,22.43,22.73,21.45,3512328
21 Sep 2021,22.20,22.47,22.13,22.41,21.15,2745323
20 Sep 2021,22.72,22.77,22.24,22.33,21.07,3487995
17 Sep 2021,22.81,22.97,22.72,22.89,21.60,7168527
16 Sep 2021,22.78,23.06,22.60,22.91,21.62,6992367
15 Sep 2021,22.41,22.72,22.30,22.69,21.41,3950506
14 Sep 2021,22.62,22.62,22.26,22.51,21.24,3313420
13 Sep 2021,22.34,22.67,22.31,22.57,21.30,1975782
10 Sep 2021,22.56,22.60,22.32,22.54,21.27,2907721
09 Sep 2021,22.80,22.96,22.45,22.57,21.30,2619169
08 Sep 2021,22.91,22.97,22.65,22.77,21.49,2708347
07 Sep 2021,23.32,23.44,23.05,23.25,21.94,1330049
06 Sep 2021,22.93,23.32,22.92,23.32,22.01,2700685
03 Sep 2021,22.81,23.21,22.81,23.12,21.82,2741530
02 Sep 2021,23.10,23.14,22.78,23.08,21.78,3248151
01 Sep 2021,22.97,23.00,22.80,22.96,21.67,7471450
31 Aug 2021,22.68,23.25,22.64,23.13,21.83,4788347
30 Aug 2021,22.76,22.77,22.52,22.61,21.34,4369067
27 Aug 2021,22.51,22.70,22.33,22.63,21.36,3710279
26 Aug 2021,22.35,22.70,22.30,22.64,21.37,3654287
25 Aug 2021,22.26,22.66,22.01,22.39,21.13,3715217
24 Aug 2021,23.17,23.32,22.97,22.99,21.70,3028401
23 Aug 2021,23.27,23.40,23.03,23.16,21.86,2057132
20 Aug 2021,22.70,23.13,22.64,23.03,21.73,4148336
19 Aug 2021,22.37,22.57,22.34,22.53,21.26,3784482
18 Aug 2021,22.28,22.77,22.23,22.68,21.40,4693303
17 Aug 2021,22.54,22.57,22.27,22.38,21.12,3415599
16 Aug 2021,22.74,22.78,22.43,22.56,21.29,4977418
13 Aug 2021,22.79,23.07,22.68,22.75,21.47,4911975
12 Aug 2021,21.85,22.80,21.80,22.64,21.37,6471717
11 Aug 2021,23.65,23.66,23.08,23.16,21.86,4068732
10 Aug 2021,23.65,23.80,23.50,23.75,22.41,2948220
09 Aug 2021,23.65,23.73,23.47,23.62,22.29,2974713
06 Aug 2021,23.44,23.48,23.23,23.48,22.16,2920295
05 Aug 2021,22.89,23.33,22.87,23.25,21.94,2791668
04 Aug 2021,22.53,22.84,22.53,22.84,21.55,3722300
03 Aug 2021,22.77,22.77,22.53,22.60,21.33,2825781
02 Aug 2021,22.87,22.87,22.52,22.66,21.38,2325130
30 Jul 2021,22.50,22.67,22.40,22.64,21.37,4355818
29 Jul 2021,22.65,22.70,22.31,22.50,21.23,4964445
28 Jul 2021,22.79,22.91,22.55,22.75,21.47,3138983
27 Jul 2021,22.55,22.77,22.53,22.67,21.39,2659841
26 Jul 2021,22.61,22.72,22.41,22.53,21.26,2098476
23 Jul 2021,22.19,22.55,22.12,22.53,21.26,2276724
22 Jul 2021,22.36,22.44,22.05,22.19,20.94,4186444
21 Jul 2021,22.38,22.50,22.27,22.27,21.02,4703072
20 Jul 2021,21.92,22.18,21.85,22.15,20.90,4562358
19 Jul 2021,21.80,22.04,21.65,21.94,20.71,1988878
16 Jul 2021,22.03,22.10,21.88,21.95,20.71,2740212
15 Jul 2021,21.92,22.11,21.78,21.82,20.59,4050379
14 Jul 2021,21.67,21.84,21.62,21.74,20.52,3105874
13 Jul 2021,21.87,21.99,21.63,21.63,20.41,6268752
12 Jul 2021,21.55,21.84,21.47,21.80,20.57,3247095
09 Jul 2021,21.34,21.38,21.16,21.34,20.14,4224543
08 Jul 2021,21.39,21.47,21.20,21.31,20.11,4631705
07 Jul 2021,20.90,21.28,20.88,21.20,20.01,2518147
06 Jul 2021,20.80,21.00,20.70,20.78,19.61,1984859
05 Jul 2021,20.91,21.07,20.85,20.94,19.76,1853072
02 Jul 2021,21.21,21.23,20.87,20.94,19.76,3877206
01 Jul 2021,21.20,21.33,20.90,21.00,19.82,2416512
30 Jun 2021,21.48,21.55,21.17,21.17,19.98,3198018
29 Jun 2021,20.88,21.37,20.79,21.26,20.06,3846903
28 Jun 2021,21.18,21.21,20.87,21.13,19.80,2046686
25 Jun 2021,21.10,21.22,20.90,21.14,19.81,1889144
24 Jun 2021,21.00,21.15,20.83,21.04,19.72,2866617
23 Jun 2021,21.49,21.56,21.01,21.12,19.79,3074293
22 Jun 2021,21.15,21.42,21.06,21.31,19.97,2876282
21 Jun 2021,20.79,20.97,20.70,20.92,19.60,4215861
18 Jun 2021,20.94,21.22,20.89,20.90,19.58,7573354
17 Jun 2021,20.82,21.00,20.73,20.76,19.45,7771435
16 Jun 2021,20.72,21.03,20.69,20.86,19.55,4283369
15 Jun 2021,20.58,20.76,20.51,20.72,19.42,2171266
11 Jun 2021,20.69,20.72,20.48,20.62,19.32,2245290
10 Jun 2021,20.25,20.74,20.25,20.71,19.41,4239214
09 Jun 2021,20.39,20.67,20.19,20.25,18.97,3555858
08 Jun 2021,20.57,20.72,20.25,20.39,19.11,3417885
07 Jun 2021,20.70,20.77,20.28,20.53,19.24,5410801
04 Jun 2021,19.83,20.21,19.82,20.16,18.89,4433069
03 Jun 2021,20.00,20.22,19.91,19.95,18.69,2754633
02 Jun 2021,19.65,19.90,19.53,19.79,18.54,2784152
01 Jun 2021,19.40,19.55,19.32,19.49,18.26,1933719
31 May 2021,19.25,19.51,19.20,19.43,18.21,2767498
28 May 2021,19.03,19.41,19.00,19.33,18.11,3158784
27 May 2021,19.28,19.44,19.03,19.04,17.84,9228972
26 May 2021,19.50,19.57,19.26,19.26,18.05,2590947
25 May 2021,19.30,19.52,19.27,19.50,18.27,2813072
24 May 2021,19.24,19.37,19.10,19.24,18.03,3026284
21 May 2021,18.97,19.25,18.94,19.09,17.89,4365918
20 May 2021,18.34,18.87,18.34,18.79,17.61,3527163
19 May 2021,18.39,18.51,18.22,18.36,17.20,3077078
18 May 2021,18.96,18.97,18.55,18.55,17.38,2370008
17 May 2021,18.92,18.94,18.75,18.83,17.64,1381898
14 May 2021,18.87,18.97,18.69,18.76,17.58,2099586
13 May 2021,18.66,18.81,18.48,18.55,17.38,2639668
12 May 2021,18.81,19.04,18.66,18.92,17.73,3091213
11 May 2021,19.50,19.55,19.07,19.14,17.93,2491939
10 May 2021,19.42,19.54,19.23,19.53,18.30,1786257
07 May 2021,19.36,19.52,19.17,19.24,18.03,2660073
06 May 2021,19.05,19.22,18.93,19.18,17.97,3087740
05 May 2021,19.05,19.30,18.97,19.20,17.99,2079343
04 May 2021,19.01,19.34,18.99,19.27,18.06,1884376
03 May 2021,19.00,19.21,18.96,19.12,17.92,2453744
30 Apr 2021,19.12,19.15,18.84,18.91,17.72,2035849
29 Apr 2021,19.00,19.03,18.82,18.99,17.79,1922427
28 Apr 2021,18.87,19.17,18.75,18.96,17.77,2585509
27 Apr 2021,18.99,19.12,18.92,18.92,17.73,2418265
26 Apr 2021,19.15,19.31,18.93,19.07,17.87,1741278
23 Apr 2021,19.20,19.48,19.17,19.28,18.07,2834775
22 Apr 2021,19.06,19.26,18.99,19.16,17.95,3651368
21 Apr 2021,19.21,19.28,18.99,19.14,17.93,3269647
20 Apr 2021,18.91,19.25,18.88,19.19,17.98,4283997
19 Apr 2021,19.05,19.13,18.90,18.91,17.72,2320778
16 Apr 2021,18.70,18.97,18.68,18.94,17.75,3777784
15 Apr 2021,18.42,18.80,18.14,18.65,17.48,3792104
14 Apr 2021,18.86,18.89,18.54,18.65,17.48,3377504
13 Apr 2021,18.09,18.44,18.03,18.34,17.19,2099547
12 Apr 2021,18.62,18.65,18.20,18.27,17.12,2796989
09 Apr 2021,18.60,18.82,18.57,18.79,17.61,2511437
08 Apr 2021,18.73,18.77,18.40,18.50,17.34,2823025
07 Apr 2021,18.60,18.82,18.53,18.57,17.40,3603449
06 Apr 2021,18.50,18.51,17.95,18.43,17.27,3378857
01 Apr 2021,18.08,18.28,17.92,18.27,17.12,3451053
31 Mar 2021,18.14,18.27,18.09,18.12,16.98,3926463
30 Mar 2021,18.15,18.37,18.04,18.04,16.90,2415333
29 Mar 2021,18.07,18.21,17.96,18.05,16.91,2593685
26 Mar 2021,18.33,18.36,18.20,18.25,17.10,2884395
25 Mar 2021,18.14,18.37,17.95,18.16,17.02,3662711
24 Mar 2021,17.80,18.13,17.75,18.03,16.89,3926915
23 Mar 2021,17.35,17.55,17.29,17.48,16.38,2431404
22 Mar 2021,17.11,17.22,17.05,17.19,16.11,1885836
19 Mar 2021,16.85,17.33,16.79,17.26,16.17,7527316
18 Mar 2021,17.17,17.19,16.83,17.05,15.98,8796211
17 Mar 2021,17.54,17.62,17.19,17.26,16.17,3004825
16 Mar 2021,17.19,17.62,17.11,17.51,16.41,4534428
15 Mar 2021,16.70,17.00,16.65,16.93,15.86,4104621
12 Mar 2021,16.59,16.68,16.49,16.58,15.54,4573258
11 Mar 2021,16.56,16.67,16.37,16.44,15.40,8296041
10 Mar 2021,16.77,16.90,16.62,16.62,15.57,3321891
09 Mar 2021,16.76,16.89,16.62,16.71,15.66,3859249
08 Mar 2021,17.14,17.18,16.90,16.90,15.84,7317770
05 Mar 2021,17.03,17.17,16.86,16.94,15.87,4067398
04 Mar 2021,16.95,17.07,16.82,17.06,15.99,4444986
03 Mar 2021,17.15,17.24,16.96,17.02,15.95,3000798
02 Mar 2021,17.28,17.32,17.00,17.11,16.03,4767216
01 Mar 2021,16.98,17.35,16.72,17.24,16.15,6105070
26 Feb 2021,16.56,16.79,16.40,16.56,15.52,6742081
25 Feb 2021,16.78,16.98,16.56,16.75,15.70,6350834
24 Feb 2021,17.16,17.20,16.57,16.73,15.68,7043164
23 Feb 2021,17.28,17.37,16.95,17.07,16.00,5539550
22 Feb 2021,17.70,17.83,17.09,17.24,16.15,4326925
19 Feb 2021,17.31,17.50,16.97,17.22,16.14,7040080
18 Feb 2021,17.27,17.36,16.95,16.99,15.92,4972390
17 Feb 2021,17.71,17.72,17.24,17.40,16.30,3459557
16 Feb 2021,17.92,18.16,17.69,17.98,16.85,2264326
15 Feb 2021,18.17,18.26,17.84,17.86,16.74,2609287
12 Feb 2021,17.77,18.05,17.70,17.96,16.83,3063314
11 Feb 2021,17.47,17.78,17.37,17.70,16.59,2929961
10 Feb 2021,17.39,17.60,17.36,17.57,16.46,2574587
09 Feb 2021,17.34,17.74,17.32,17.36,16.27,6869229
08 Feb 2021,18.03,18.10,17.73,17.81,16.69,3244295
05 Feb 2021,18.41,18.42,17.99,18.03,16.89,3496430
04 Feb 2021,18.50,18.50,18.10,18.11,16.97,2013614
03 Feb 2021,18.18,18.61,18.06,18.51,17.34,3900485
02 Feb 2021,18.06,18.24,17.82,18.04,16.90,2660098
01 Feb 2021,17.71,17.92,17.53,17.89,16.76,3059769
29 Jan 2021,17.70,17.99,17.62,17.68,16.57,3184371
28 Jan 2021,17.78,17.84,17.39,17.69,16.58,3765535
27 Jan 2021,18.34,18.38,17.72,17.83,16.71,3742433
25 Jan 2021,17.92,18.13,17.88,18.03,16.89,1698814
22 Jan 2021,17.71,17.86,17.70,17.75,16.63,2342982
21 Jan 2021,17.82,17.89,17.66,17.76,16.64,3306304
20 Jan 2021,17.42,17.74,17.42,17.57,16.46,3529859
19 Jan 2021,17.84,17.88,17.66,17.70,16.59,2767732
18 Jan 2021,17.72,17.77,17.55,17.60,16.49,2676571
15 Jan 2021,17.63,17.85,17.41,17.51,16.41,3019064
14 Jan 2021,17.80,17.95,17.63,17.71,16.59,3409101
13 Jan 2021,17.60,17.75,17.48,17.62,16.51,3836507
12 Jan 2021,17.94,18.07,17.85,17.91,16.78,3126273
11 Jan 2021,18.25,18.47,18.05,18.08,16.94,2135830
08 Jan 2021,18.41,18.58,18.23,18.39,17.23,3319564
07 Jan 2021,19.13,19.13,18.46,18.47,17.31,3423771
06 Jan 2021,18.94,19.14,18.83,18.90,17.71,3681485
05 Jan 2021,19.01,19.29,19.00,19.29,18.08,2471257
04 Jan 2021,18.85,19.41,18.85,19.36,18.14,1944924
31 Dec 2020,19.39,19.39,18.91,18.91,17.72,1107704
30 Dec 2020,19.30,19.35,18.95,19.35,18.13,2551303
29 Dec 2020,19.05,19.42,19.05,19.30,17.94,1638566
24 Dec 2020,19.35,19.43,18.96,19.04,17.70,876072
23 Dec 2020,19.04,19.24,18.90,19.16,17.81,2586889
22 Dec 2020,18.61,18.86,18.51,18.68,17.37,2286958
21 Dec 2020,18.65,18.74,18.31,18.56,17.26,2296211
18 Dec 2020,18.78,18.88,18.63,18.79,17.47,7007403
17 Dec 2020,18.37,18.91,18.31,18.84,17.52,5854910
16 Dec 2020,18.28,18.33,18.06,18.23,16.95,3276647
15 Dec 2020,17.77,18.30,17.77,18.19,16.91,2787095
14 Dec 2020,17.81,17.94,17.74,17.80,16.55,3065152
11 Dec 2020,17.90,17.98,17.75,17.82,16.57,3129751
10 Dec 2020,17.97,18.18,17.86,18.15,16.87,2984865
09 Dec 2020,18.32,18.41,18.07,18.17,16.89,3928348
08 Dec 2020,18.33,18.47,18.33,18.42,17.13,3479148
07 Dec 2020,18.78,18.78,18.30,18.46,17.16,2997403
04 Dec 2020,18.59,18.69,18.44,18.44,17.14,2921595
03 Dec 2020,18.49,18.61,18.44,18.55,17.25,3105053
02 Dec 2020,18.96,19.01,18.51,18.53,17.23,3547072
01 Dec 2020,18.91,19.33,18.85,19.03,17.69,5385031
30 Nov 2020,18.90,18.90,18.53,18.68,17.37,8850712
27 Nov 2020,18.40,18.72,18.37,18.61,17.30,3561361
26 Nov 2020,18.66,18.73,18.44,18.44,17.14,2612442
25 Nov 2020,18.48,18.68,18.41,18.55,17.25,4269763
24 Nov 2020,18.48,18.63,18.37,18.50,17.20,3876605
23 Nov 2020,18.65,18.68,18.43,18.43,17.14,1778699
20 Nov 2020,18.52,18.65,18.38,18.51,17.21,3797532
19 Nov 2020,18.49,18.73,18.32,18.68,17.37,4232201
18 Nov 2020,18.68,18.92,18.51,18.59,17.28,5652029
17 Nov 2020,19.24,19.28,18.57,18.76,17.44,6176765
16 Nov 2020,19.63,19.65,19.46,19.53,18.16,128910
13 Nov 2020,19.11,19.46,19.11,19.25,17.90,3107595
12 Nov 2020,19.17,19.52,19.15,19.36,18.00,3088163
11 Nov 2020,19.09,19.21,18.96,19.14,17.80,6946905
10 Nov 2020,19.55,19.75,18.18,18.30,17.01,12381899
09 Nov 2020,19.73,20.07,19.71,19.97,18.57,4165096
06 Nov 2020,19.71,19.81,19.48,19.66,18.28,3530453
05 Nov 2020,19.13,19.69,19.06,19.63,18.25,5239073
04 Nov 2020,18.58,19.07,18.55,18.93,17.60,3650156
03 Nov 2020,18.70,18.85,18.65,18.69,17.38,3783642
02 Nov 2020,18.36,18.76,18.36,18.61,17.30,2067969
30 Oct 2020,18.32,18.59,18.26,18.40,17.11,4200046
29 Oct 2020,18.30,18.41,18.15,18.23,16.95,4556405
28 Oct 2020,18.26,18.62,18.25,18.51,17.21,3135797
27 Oct 2020,18.54,18.61,18.40,18.49,17.19,2829640
26 Oct 2020,18.57,18.82,18.48,18.66,17.35,2129681
23 Oct 2020,18.44,18.54,18.30,18.47,17.17,3533811
22 Oct 2020,18.30,18.50,18.27,18.46,17.16,3611588
21 Oct 2020,18.62,18.83,18.44,18.50,17.20,3439364
20 Oct 2020,18.78,18.89,18.66,18.78,17.46,3058410
19 Oct 2020,19.23,19.29,18.85,18.89,17.56,2462556
16 Oct 2020,19.16,19.29,18.97,19.11,17.77,3099314
15 Oct 2020,19.12,19.25,18.82,19.19,17.84,4996665
14 Oct 2020,18.93,19.29,18.82,19.22,17.87,3379816
13 Oct 2020,18.80,19.17,18.77,19.05,17.71,4191867
12 Oct 2020,18.44,18.64,18.42,18.60,17.29,2639282
09 Oct 2020,18.71,18.84,18.60,18.62,17.31,2219673
08 Oct 2020,18.54,18.84,18.53,18.69,17.38,4454151
07 Oct 2020,18.45,18.72,18.37,18.62,17.31,4574834
06 Oct 2020,18.31,18.38,18.07,18.31,17.02,3586904
05 Oct 2020,18.45,18.56,18.26,18.39,17.10,2307860
02 Oct 2020,18.10,18.24,18.01,18.12,16.85,3941535
01 Oct 2020,18.00,18.20,17.98,18.06,16.79,4329405
30 Sep 2020,18.05,18.17,17.94,17.94,16.68,5501406
29 Sep 2020,18.39,18.48,18.07,18.18,16.90,3585454
28 Sep 2020,18.20,18.33,18.12,18.24,16.96,2461034
25 Sep 2020,18.09,18.43,18.09,18.24,16.96,2877129
24 Sep 2020,18.27,18.27,17.97,18.19,16.91,3435856
23 Sep 2020,18.13,18.40,18.10,18.34,17.05,6148429
22 Sep 2020,18.02,18.17,17.96,18.02,16.75,5367550
21 Sep 2020,18.10,18.16,17.87,18.13,16.86,4338308
18 Sep 2020,18.12,18.37,17.93,18.13,16.86,11126475
17 Sep 2020,18.72,18.79,18.12,18.18,16.90,6089745
16 Sep 2020,18.37,18.60,18.32,18.54,17.24,7670409
15 Sep 2020,18.11,18.31,18.02,18.25,16.97,4386556
14 Sep 2020,18.18,18.23,17.85,17.99,16.73,2695642
11 Sep 2020,17.85,18.32,17.79,18.15,16.87,4900739
10 Sep 2020,18.02,18.07,17.72,17.93,16.67,3361656
09 Sep 2020,17.63,17.89,17.63,17.85,16.60,3952400
08 Sep 2020,18.23,18.35,18.01,18.12,16.85,2769798
07 Sep 2020,17.94,18.24,17.92,18.10,16.83,2687775
04 Sep 2020,18.26,18.36,18.08,18.15,16.87,3979365
03 Sep 2020,18.52,18.70,18.44,18.62,17.31,4050664
02 Sep 2020,18.28,18.55,18.21,18.43,17.14,3973752
01 Sep 2020,18.00,18.23,17.78,17.94,16.68,12656104
31 Aug 2020,18.31,18.43,18.25,18.31,17.02,6908704
28 Aug 2020,18.25,18.42,18.16,18.39,17.10,6991942
27 Aug 2020,18.18,18.73,18.14,18.41,17.12,9029717
26 Aug 2020,17.71,18.13,17.61,18.08,16.81,5886261
25 Aug 2020,18.30,18.35,17.81,18.02,16.75,8216624
24 Aug 2020,18.19,18.35,18.14,18.30,17.01,3924911
21 Aug 2020,18.49,18.58,18.18,18.29,17.01,6872774
20 Aug 2020,18.10,18.33,18.02,18.24,16.96,5926042
19 Aug 2020,18.44,18.51,18.17,18.28,17.00,4027421
18 Aug 2020,18.50,18.52,18.23,18.44,17.14,4950219
17 Aug 2020,18.37,18.47,18.20,18.38,17.09,4186476
14 Aug 2020,18.00,18.50,17.96,18.41,17.12,5606928
13 Aug 2020,18.10,18.45,17.79,17.93,16.67,5140998
12 Aug 2020,17.94,18.01,17.54,17.70,16.46,4162341
11 Aug 2020,17.77,18.05,17.71,17.90,16.64,4782428
10 Aug 2020,17.68,17.92,17.59,17.78,16.53,3215435
07 Aug 2020,17.46,17.71,17.40,17.56,16.33,2806126
06 Aug 2020,17.37,17.55,17.22,17.54,16.31,4726005
05 Aug 2020,17.29,17.56,17.20,17.42,16.20,4553887
04 Aug 2020,17.28,17.36,17.05,17.16,15.95,7144481
03 Aug 2020,16.82,17.05,16.82,16.94,15.75,5141861
31 Jul 2020,16.87,17.06,16.86,16.93,15.74,5326581
30 Jul 2020,16.77,17.14,16.74,17.01,15.82,7418466
29 Jul 2020,16.50,16.83,16.47,16.59,15.42,3951532
28 Jul 2020,16.65,16.68,16.50,16.50,15.34,4965711
27 Jul 2020,16.19,16.63,16.09,16.55,15.39,3920642
24 Jul 2020,16.20,16.30,16.06,16.26,15.12,2952678
23 Jul 2020,16.04,16.43,15.93,16.31,15.16,4670176
22 Jul 2020,16.00,16.10,15.76,16.05,14.92,3517121
21 Jul 2020,15.76,16.14,15.74,16.05,14.92,3459838
20 Jul 2020,15.58,15.90,15.55,15.82,14.71,3528420
17 Jul 2020,15.60,15.60,15.38,15.59,14.49,3362128
16 Jul 2020,15.85,15.86,15.46,15.53,14.44,3414572
15 Jul 2020,15.51,15.81,15.44,15.78,14.67,4202052
14 Jul 2020,15.52,15.67,15.33,15.42,14.34,3468795
13 Jul 2020,15.59,15.70,15.36,15.57,14.48,3490304
10 Jul 2020,15.15,15.39,15.15,15.24,14.17,2795167
09 Jul 2020,15.40,15.50,15.19,15.21,14.14,3556433
08 Jul 2020,15.66,15.79,15.17,15.30,14.23,4046983
07 Jul 2020,15.70,15.93,15.61,15.73,14.62,2960533
06 Jul 2020,15.75,15.88,15.61,15.68,14.58,3523896
03 Jul 2020,15.95,15.95,15.63,15.81,14.70,3261243
02 Jul 2020,15.24,15.67,15.16,15.63,14.53,4440955
01 Jul 2020,14.82,15.07,14.80,14.99,13.94,4850140
30 Jun 2020,15.26,15.28,14.84,14.85,13.81,5644997
29 Jun 2020,14.91,15.27,14.89,15.03,13.97,4496784
26 Jun 2020,15.04,15.39,14.91,15.28,14.07,4276192
25 Jun 2020,15.00,15.24,14.90,14.90,13.72,3057291
24 Jun 2020,15.11,15.31,15.01,15.26,14.05,5533204
23 Jun 2020,15.22,15.29,14.97,15.17,13.97,3313000
22 Jun 2020,15.01,15.21,14.87,15.10,13.90,2917996
19 Jun 2020,15.19,15.45,15.10,15.25,14.04,7201091
18 Jun 2020,15.11,15.16,14.94,15.04,13.85,5279096
17 Jun 2020,15.02,15.29,14.94,15.24,14.03,4798108
16 Jun 2020,14.66,15.03,14.60,14.85,13.67,5996545
15 Jun 2020,14.57,14.87,14.53,14.53,13.38,3906159
12 Jun 2020,14.78,15.02,14.57,14.76,13.59,6693733
11 Jun 2020,14.38,14.89,14.37,14.89,13.71,7579594
10 Jun 2020,14.70,14.87,14.61,14.70,13.53,5365907
09 Jun 2020,15.23,15.42,14.79,14.88,13.70,9219401
05 Jun 2020,14.97,15.25,14.94,15.05,13.86,5095403
04 Jun 2020,15.46,15.55,15.11,15.23,14.02,6512596
03 Jun 2020,15.35,15.39,15.17,15.34,14.12,5050087
02 Jun 2020,15.34,15.40,15.16,15.24,14.03,5595650
01 Jun 2020,15.01,15.44,14.97,15.39,14.17,4549534
29 May 2020,15.39,15.46,15.26,15.37,14.15,10073962
28 May 2020,15.54,15.57,15.36,15.41,14.19,5380267
27 May 2020,15.44,15.58,15.11,15.45,14.22,9119633
26 May 2020,15.04,15.49,14.99,15.49,14.26,6638169
25 May 2020,14.93,15.01,14.74,14.92,13.74,4111483
22 May 2020,14.67,14.93,14.60,14.65,13.49,4060285
21 May 2020,14.89,14.90,14.74,14.75,13.58,4733872
20 May 2020,14.44,14.78,14.44,14.75,13.58,2959902
19 May 2020,14.77,14.77,14.54,14.64,13.48,4790930
18 May 2020,14.33,14.41,14.27,14.31,13.17,4258214
15 May 2020,14.25,14.41,14.14,14.22,13.09,4467758
14 May 2020,13.92,14.28,13.83,14.15,13.03,3431122
13 May 2020,14.00,14.24,13.91,14.24,13.11,4685000
12 May 2020,14.25,14.38,14.11,14.38,13.24,7852012
11 May 2020,14.64,14.73,14.37,14.58,13.42,6113590
08 May 2020,14.58,14.65,14.31,14.36,13.22,6783435
07 May 2020,13.85,14.16,13.79,14.11,12.99,7008401
06 May 2020,13.39,13.69,13.27,13.60,12.52,3531242
05 May 2020,13.33,13.68,13.29,13.60,12.52,3735812
04 May 2020,12.72,13.31,12.72,13.27,12.22,4677952
01 May 2020,13.00,13.15,12.89,12.95,11.92,7281586
30 Apr 2020,13.21,13.46,13.09,13.15,12.11,5918463
29 Apr 2020,12.96,13.24,12.90,13.14,12.10,4946322
28 Apr 2020,13.51,13.51,12.98,13.11,12.07,5874516
27 Apr 2020,12.67,13.49,12.61,13.38,12.32,4524044
24 Apr 2020,12.64,12.99,12.46,12.95,11.92,5948241
23 Apr 2020,12.92,13.11,12.76,12.84,11.82,7109417
22 Apr 2020,12.36,12.99,12.31,12.94,11.91,7071261
21 Apr 2020,12.90,13.05,12.54,12.62,11.62,5433799
20 Apr 2020,13.63,13.73,13.20,13.20,12.15,4981895
17 Apr 2020,13.89,14.05,13.64,13.72,12.63,4464555
16 Apr 2020,12.95,13.50,12.84,13.47,12.40,7339152
15 Apr 2020,13.50,13.74,13.03,13.22,12.17,6037116
14 Apr 2020,13.57,13.70,13.45,13.49,12.42,11280349
09 Apr 2020,13.15,13.86,13.11,13.86,12.76,8663557
08 Apr 2020,12.76,13.26,12.75,12.95,11.92,7180139
07 Apr 2020,13.27,13.45,12.69,12.82,11.80,11900892
06 Apr 2020,12.11,12.89,12.11,12.89,11.87,7295319
03 Apr 2020,12.39,12.59,11.97,12.11,11.15,6150406
02 Apr 2020,12.00,12.60,11.91,12.18,11.21,9051508
01 Apr 2020,12.50,12.63,12.21,12.46,11.47,5577572
31 Mar 2020,12.45,12.59,11.82,12.10,11.14,12253946
30 Mar 2020,11.15,11.93,10.99,11.93,10.98,9409649
27 Mar 2020,12.34,12.57,11.13,11.13,10.25,10656883
26 Mar 2020,12.80,12.85,12.14,12.46,11.47,7235478
25 Mar 2020,11.72,11.93,11.01,11.74,10.81,8784950
24 Mar 2020,10.59,11.38,10.21,11.38,10.48,8663332
23 Mar 2020,10.30,11.08,10.07,10.16,9.35,14227072
20 Mar 2020,10.71,12.02,10.33,11.44,10.53,14816237
19 Mar 2020,11.69,11.79,9.60,9.70,8.93,17224327
18 Mar 2020,11.62,12.03,11.28,11.36,10.46,14211363
17 Mar 2020,11.85,12.34,11.15,11.98,11.03,16518314
16 Mar 2020,13.41,13.73,12.05,12.05,11.09,9980976
13 Mar 2020,12.18,13.76,12.14,13.76,12.67,13288686
12 Mar 2020,13.87,13.97,13.14,13.27,12.22,12060338
11 Mar 2020,14.07,14.26,13.95,14.03,12.92,9292371
10 Mar 2020,13.34,14.06,13.22,13.98,12.87,8541840
09 Mar 2020,14.67,14.87,14.38,14.38,13.24,6511011
06 Mar 2020,15.52,15.52,15.19,15.20,13.99,5447414
05 Mar 2020,15.41,15.72,15.27,15.65,14.41,5731401
04 Mar 2020,15.09,15.33,14.95,15.15,13.95,8072274
03 Mar 2020,15.22,15.62,15.07,15.47,14.24,6349828
02 Mar 2020,14.46,15.03,14.43,14.91,13.73,5463823
28 Feb 2020,14.99,15.15,14.85,14.98,13.79,9575457
27 Feb 2020,15.20,15.61,15.20,15.55,14.32,8685601
26 Feb 2020,15.52,15.60,15.23,15.36,14.14,4546403
25 Feb 2020,15.79,15.84,15.64,15.81,14.56,5369161
24 Feb 2020,16.02,16.22,16.02,16.07,14.79,3751217
21 Feb 2020,16.55,16.64,16.26,16.39,15.09,3613246
20 Feb 2020,16.69,16.69,16.43,16.47,15.16,5084507
19 Feb 2020,16.61,16.68,16.56,16.62,15.30,3261919
18 Feb 2020,16.55,16.63,16.44,16.56,15.25,2709233
17 Feb 2020,16.46,16.60,16.34,16.56,15.25,2782523
14 Feb 2020,16.59,16.78,16.41,16.44,15.14,6318389
13 Feb 2020,16.60,16.60,15.88,16.30,15.01,10925830
12 Feb 2020,15.39,15.57,15.24,15.40,14.18,6435597
11 Feb 2020,15.42,15.45,15.21,15.28,14.07,4388842
10 Feb 2020,15.30,15.32,15.14,15.21,14.00,2842643
07 Feb 2020,15.32,15.33,15.13,15.24,14.03,4862852
06 Feb 2020,15.25,15.32,15.11,15.30,14.09,4062175
05 Feb 2020,15.20,15.32,15.18,15.21,14.00,4092632
04 Feb 2020,14.96,15.09,14.88,15.00,13.81,4793965
03 Feb 2020,14.83,14.98,14.80,14.94,13.75,3866911
31 Jan 2020,15.00,15.02,14.83,14.89,13.71,5382075
30 Jan 2020,15.04,15.09,14.93,14.95,13.76,4298133
29 Jan 2020,14.93,15.01,14.87,15.00,13.81,2531553
28 Jan 2020,14.85,14.99,14.81,14.95,13.76,3469331
24 Jan 2020,15.08,15.13,15.02,15.02,13.83,2987568
23 Jan 2020,14.95,14.99,14.85,14.98,13.79,2936849
22 Jan 2020,14.99,14.99,14.82,14.89,13.71,3167980
21 Jan 2020,14.68,14.77,14.58,14.76,13.59,4927082
20 Jan 2020,14.70,14.73,14.64,14.67,13.51,2205860
17 Jan 2020,14.60,14.72,14.56,14.65,13.49,3131579
16 Jan 2020,14.35,14.47,14.27,14.46,13.31,3647086
15 Jan 2020,14.25,14.30,14.17,14.27,13.14,3630342
14 Jan 2020,14.19,14.20,14.10,14.17,13.05,3881093
13 Jan 2020,13.92,14.08,13.89,14.08,12.96,2224264
10 Jan 2020,14.11,14.20,13.98,14.03,12.92,3374339
09 Jan 2020,13.98,14.06,13.92,14.04,12.93,3877307
08 Jan 2020,13.88,13.90,13.74,13.85,12.75,3588789
07 Jan 2020,13.76,13.90,13.53,13.85,12.75,3540576
06 Jan 2020,13.52,13.58,13.39,13.58,12.50,2513300
03 Jan 2020,13.66,13.66,13.45,13.50,12.43,1717762
02 Jan 2020,13.34,13.47,13.34,13.44,12.37,1556224
31 Dec 2019,13.47,13.55,13.31,13.37,12.31,2636657
30 Dec 2019,13.65,13.75,13.60,13.65,12.57,2940569
27 Dec 2019,13.67,13.77,13.66,13.74,12.51,2167002
24 Dec 2019,13.62,13.77,13.62,13.71,12.48,1077312
23 Dec 2019,13.48,13.80,13.48,13.66,12.44,3894089
20 Dec 2019,13.82,13.93,13.73,13.73,12.50,6442736
19 Dec 2019,13.89,13.97,13.79,13.89,12.65,7060679
18 Dec 2019,13.85,13.95,13.83,13.84,12.60,5453279
17 Dec 2019,13.95,14.10,13.90,13.94,12.69,6936958
16 Dec 2019,13.77,13.96,13.73,13.88,12.64,5196707
13 Dec 2019,13.97,13.99,13.66,13.67,12.45,5576682
12 Dec 2019,14.20,14.23,14.05,14.07,12.81,5638092
11 Dec 2019,14.22,14.28,14.12,14.24,12.97,6586090
10 Dec 2019,14.42,14.51,14.26,14.28,13.00,4448612
09 Dec 2019,14.54,14.57,14.45,14.50,13.20,3948905
06 Dec 2019,14.38,14.50,14.37,14.44,13.15,2285886
05 Dec 2019,14.36,14.48,14.30,14.41,13.12,5021182
04 Dec 2019,14.21,14.29,14.15,14.24,12.97,4675866
03 Dec 2019,14.69,14.69,14.35,14.39,13.10,4687207
02 Dec 2019,14.87,14.95,14.77,14.85,13.52,4070143
29 Nov 2019,14.94,14.94,14.81,14.82,13.49,2753480
28 Nov 2019,14.99,14.99,14.68,14.74,13.42,3674236
27 Nov 2019,14.58,14.75,14.50,14.75,13.43,3120293
26 Nov 2019,14.45,14.55,14.31,14.45,13.16,7445672
25 Nov 2019,14.46,14.47,14.30,14.34,13.06,2588038
22 Nov 2019,14.45,14.45,14.21,14.27,12.99,3860799
21 Nov 2019,14.30,14.42,14.27,14.35,13.07,3852963
20 Nov 2019,14.64,14.68,14.41,14.44,13.15,5120366
19 Nov 2019,14.65,14.80,14.53,14.80,13.48,4225911
18 Nov 2019,14.71,14.73,14.40,14.55,13.25,3328438
15 Nov 2019,14.65,14.75,14.59,14.64,13.33,3403663
14 Nov 2019,14.33,14.52,14.27,14.48,13.19,5938842
13 Nov 2019,14.34,14.41,14.22,14.31,13.03,5838230
12 Nov 2019,14.65,14.69,14.21,14.24,12.97,7360740
11 Nov 2019,14.30,14.44,14.23,14.43,13.14,6100065
08 Nov 2019,14.28,14.44,14.09,14.18,12.91,6607305
07 Nov 2019,14.16,14.47,14.15,14.42,13.13,3895936
06 Nov 2019,14.25,14.29,14.10,14.15,12.88,4539613
05 Nov 2019,14.41,14.41,14.19,14.25,12.98,3356738
04 Nov 2019,14.51,14.51,14.23,14.31,13.03,3257242
01 Nov 2019,14.40,14.51,14.32,14.37,13.08,4826665
31 Oct 2019,14.38,14.47,14.30,14.39,13.10,4870269
30 Oct 2019,14.31,14.40,14.21,14.26,12.98,3293787
29 Oct 2019,14.19,14.31,14.13,14.26,12.98,3766917
28 Oct 2019,14.37,14.41,14.18,14.20,12.93,3921855
25 Oct 2019,14.25,14.40,14.23,14.32,13.04,2996391
24 Oct 2019,14.24,14.24,14.08,14.13,12.87,3405442
23 Oct 2019,14.34,14.36,14.20,14.22,12.95,4266811
22 Oct 2019,14.28,14.39,14.22,14.34,13.06,3534811
21 Oct 2019,14.17,14.40,14.15,14.28,13.00,4971465
18 Oct 2019,14.31,14.43,14.24,14.26,12.98,5740559
17 Oct 2019,14.49,14.53,14.29,14.32,13.04,6127901
16 Oct 2019,14.45,14.50,14.34,14.50,13.20,4086872
15 Oct 2019,14.01,14.31,14.01,14.25,12.98,3985390
14 Oct 2019,14.19,14.24,14.03,14.06,12.80,4442652
11 Oct 2019,14.23,14.26,14.06,14.18,12.91,5131518
10 Oct 2019,14.20,14.36,14.14,14.20,12.93,3858795
09 Oct 2019,14.30,14.39,14.22,14.34,13.06,3531674
08 Oct 2019,14.39,14.40,14.24,14.30,13.02,4003849
07 Oct 2019,14.39,14.44,14.19,14.35,13.07,3062133
04 Oct 2019,14.12,14.29,14.00,14.22,12.95,5276569
03 Oct 2019,14.01,14.17,13.96,14.07,12.81,5394499
02 Oct 2019,14.49,14.49,14.30,14.34,13.06,6611950
01 Oct 2019,14.35,14.47,14.24,14.46,13.17,6999677
30 Sep 2019,14.15,14.35,14.09,14.18,12.91,6576065
27 Sep 2019,14.25,14.35,14.05,14.05,12.79,6640192
26 Sep 2019,14.22,14.33,14.06,14.19,12.92,6691983
25 Sep 2019,14.20,14.40,14.18,14.34,13.06,7696707
24 Sep 2019,14.12,14.27,14.10,14.24,12.97,8904723
23 Sep 2019,13.98,14.24,13.90,14.12,12.86,8888124
20 Sep 2019,14.02,14.39,13.83,13.83,12.59,89466545
19 Sep 2019,14.05,14.11,13.89,13.89,12.65,13464537
18 Sep 2019,14.06,14.06,13.78,13.90,12.66,13399896
17 Sep 2019,13.57,13.84,13.52,13.80,12.57,12376580
16 Sep 2019,13.67,13.68,13.37,13.55,12.34,10229271
13 Sep 2019,13.84,13.90,13.56,13.68,12.46,11909488
12 Sep 2019,13.70,13.84,13.62,13.74,12.51,10024158
11 Sep 2019,13.63,13.66,13.28,13.44,12.24,9776441
10 Sep 2019,13.72,13.77,13.56,13.68,12.46,7228910
09 Sep 2019,13.66,13.91,13.63,13.85,12.61,7289254
06 Sep 2019,13.94,13.94,13.64,13.68,12.46,8679281
05 Sep 2019,14.25,14.26,13.86,14.00,12.75,9515975
04 Sep 2019,14.20,14.28,14.02,14.21,12.94,10478547
03 Sep 2019,14.30,14.38,14.13,14.18,12.91,4695721
02 Sep 2019,14.45,14.52,14.18,14.26,12.98,5065828
30 Aug 2019,14.52,14.58,14.42,14.52,13.22,7363770
29 Aug 2019,14.56,14.64,14.46,14.49,13.19,5326178
28 Aug 2019,14.88,14.98,14.58,14.67,13.36,5818388
27 Aug 2019,15.33,15.38,14.76,14.79,13.47,5799383
26 Aug 2019,15.45,15.50,15.20,15.30,13.93,3900168
23 Aug 2019,15.51,15.75,15.37,15.50,14.11,5893295
22 Aug 2019,15.22,15.22,14.84,14.85,13.52,2191184
21 Aug 2019,15.01,15.08,14.79,15.06,13.71,4654704
20 Aug 2019,14.84,15.04,14.71,15.02,13.68,4257612
19 Aug 2019,14.84,14.98,14.67,14.78,13.46,2985811
16 Aug 2019,14.53,14.75,14.50,14.59,13.29,3406514
15 Aug 2019,14.98,14.98,14.54,14.59,13.29,5564015
14 Aug 2019,14.99,15.03,14.69,14.87,13.54,3694130
13 Aug 2019,15.11,15.16,14.92,15.00,13.66,3848590
12 Aug 2019,14.95,15.09,14.87,15.09,13.74,2242641
09 Aug 2019,14.83,14.92,14.60,14.91,13.58,2656275
08 Aug 2019,14.50,14.91,14.45,14.91,13.58,4263358
07 Aug 2019,14.37,14.77,14.34,14.71,13.39,3585705
06 Aug 2019,14.50,14.65,14.16,14.36,13.08,6724982
05 Aug 2019,15.28,15.33,15.00,15.01,13.67,1254626
02 Aug 2019,15.09,15.39,15.04,15.31,13.94,2891010
01 Aug 2019,14.76,14.88,14.62,14.86,13.53,3566034
31 Jul 2019,14.94,15.01,14.81,14.81,13.49,4984889
30 Jul 2019,14.93,15.05,14.76,14.88,13.55,7551745
29 Jul 2019,15.08,15.12,14.75,14.85,13.52,7112706
26 Jul 2019,15.04,15.13,14.96,15.08,13.73,3851619
25 Jul 2019,15.20,15.23,14.97,15.05,13.70,6696071
24 Jul 2019,15.30,15.35,15.12,15.26,13.90,4414244
23 Jul 2019,14.95,15.17,14.91,15.17,13.81,4189757
22 Jul 2019,15.08,15.10,14.86,14.95,13.61,3125148
19 Jul 2019,15.04,15.26,14.95,15.17,13.81,3221814
18 Jul 2019,15.17,15.29,15.07,15.14,13.79,3903231
17 Jul 2019,15.32,15.36,15.06,15.12,13.77,3551603
16 Jul 2019,15.20,15.40,15.19,15.28,13.91,4079734
15 Jul 2019,15.36,15.46,15.18,15.22,13.86,2749096
12 Jul 2019,15.35,15.45,15.31,15.36,13.99,3693819
11 Jul 2019,15.59,15.80,15.47,15.51,14.12,3410437
10 Jul 2019,15.66,15.76,15.41,15.47,14.09,3310948
09 Jul 2019,15.43,15.63,15.31,15.53,14.14,4102719
08 Jul 2019,15.95,15.95,15.44,15.46,14.08,3080410
05 Jul 2019,15.87,16.10,15.81,16.07,14.63,3862697
04 Jul 2019,15.75,15.81,15.61,15.73,14.32,4243282
03 Jul 2019,15.46,15.72,15.33,15.63,14.23,3817410
02 Jul 2019,15.25,15.30,15.10,15.16,13.80,4492695
01 Jul 2019,15.11,15.56,15.05,15.22,13.86,2877523
28 Jun 2019,15.27,15.27,15.03,15.03,13.69,5745138
27 Jun 2019,15.21,15.42,15.03,15.25,13.89,8668497
26 Jun 2019,15.45,15.50,15.36,15.38,13.87,5015204
25 Jun 2019,15.22,15.55,15.12,15.50,13.98,6325592
24 Jun 2019,15.04,15.31,15.01,15.31,13.80,5967721
21 Jun 2019,15.03,15.11,14.87,15.08,13.60,8811948
20 Jun 2019,14.87,15.02,14.83,15.01,13.53,5974499
19 Jun 2019,14.93,14.93,14.66,14.86,13.40,4083318
18 Jun 2019,14.65,14.85,14.45,14.83,13.37,4924724
17 Jun 2019,14.83,14.85,14.57,14.57,13.14,2454476
14 Jun 2019,14.67,14.74,14.57,14.65,13.21,3067283
13 Jun 2019,14.53,14.66,14.43,14.59,13.16,2973733
12 Jun 2019,14.40,14.52,14.36,14.40,12.98,2761985
11 Jun 2019,14.26,14.48,14.22,14.43,13.01,4502717
07 Jun 2019,14.12,14.29,13.98,14.29,12.89,3535635
06 Jun 2019,13.70,14.03,13.67,14.00,12.62,3975760
05 Jun 2019,13.62,13.70,13.52,13.55,12.22,2778811
04 Jun 2019,13.70,13.74,13.56,13.67,12.33,3167477
03 Jun 2019,13.52,13.77,13.43,13.59,12.25,4202800
31 May 2019,13.28,13.48,13.28,13.40,12.08,3639744
30 May 2019,13.40,13.47,13.26,13.28,11.97,3412201
29 May 2019,13.64,13.64,13.47,13.50,12.17,2635540
28 May 2019,13.84,13.85,13.70,13.70,12.35,5438588
27 May 2019,13.82,13.89,13.73,13.78,12.43,1986227
24 May 2019,13.93,13.99,13.74,13.85,12.49,2392057
23 May 2019,13.77,13.88,13.75,13.84,12.48,2747386
22 May 2019,13.78,13.83,13.60,13.71,12.36,2986107
21 May 2019,13.42,13.82,13.35,13.82,12.46,4227413
20 May 2019,13.66,13.71,13.51,13.58,12.24,2209233
17 May 2019,13.70,13.84,13.65,13.71,12.36,3633892
16 May 2019,13.43,13.56,13.32,13.56,12.23,7344419
15 May 2019,13.43,13.45,13.17,13.32,12.01,3882103
14 May 2019,13.37,13.47,13.32,13.35,12.04,2563832
13 May 2019,13.23,13.41,13.20,13.36,12.05,3093481
10 May 2019,13.14,13.28,13.11,13.17,11.88,3431115
09 May 2019,13.04,13.11,12.98,13.11,11.82,8514122
08 May 2019,12.85,13.04,12.85,13.04,11.76,2623947
07 May 2019,13.25,13.28,13.03,13.06,11.78,2795194
06 May 2019,13.12,13.23,13.07,13.17,11.88,2365618
03 May 2019,13.29,13.30,13.10,13.15,11.86,2699818
02 May 2019,13.25,13.25,13.10,13.18,11.88,3086416
01 May 2019,13.31,13.31,13.19,13.22,11.92,2791913
30 Apr 2019,13.20,13.28,13.07,13.16,11.87,4498835
29 Apr 2019,13.60,13.62,13.25,13.34,12.03,3824629
26 Apr 2019,13.41,13.61,13.34,13.60,12.26,4126268
24 Apr 2019,13.06,13.29,13.02,13.24,11.94,4442587
23 Apr 2019,12.73,12.90,12.68,12.90,11.63,4032837
18 Apr 2019,12.80,12.81,12.68,12.71,11.46,2007928
17 Apr 2019,12.90,12.91,12.73,12.75,11.50,3790772
16 Apr 2019,13.00,13.04,12.83,12.90,11.63,4672351
15 Apr 2019,13.04,13.10,12.97,13.04,11.76,3408910
12 Apr 2019,13.29,13.29,13.11,13.12,11.83,2477186
11 Apr 2019,13.10,13.19,13.07,13.15,11.86,3830632
10 Apr 2019,13.08,13.20,12.97,13.18,11.88,4075861
09 Apr 2019,13.06,13.06,12.95,12.98,11.70,1841393
08 Apr 2019,12.87,13.07,12.87,13.02,11.74,2605471
05 Apr 2019,12.99,12.99,12.84,12.87,11.60,3265408
04 Apr 2019,13.25,13.33,13.00,13.09,11.80,3315551
03 Apr 2019,13.22,13.39,13.20,13.32,12.01,2870571
02 Apr 2019,13.09,13.26,13.09,13.16,11.87,4860620
01 Apr 2019,13.44,13.47,13.17,13.18,11.88,2992862
29 Mar 2019,13.53,13.53,13.35,13.35,12.04,4372695
28 Mar 2019,13.41,13.46,13.35,13.46,12.14,3822008
27 Mar 2019,13.50,13.52,13.35,13.49,12.16,3905843
26 Mar 2019,13.47,13.67,13.45,13.54,12.21,3329922
25 Mar 2019,13.39,13.49,13.33,13.48,12.15,4160649
22 Mar 2019,13.40,13.44,13.36,13.39,12.07,5999176
21 Mar 2019,13.25,13.30,13.17,13.25,11.95,5297089
20 Mar 2019,13.31,13.33,13.26,13.29,11.98,3936221
19 Mar 2019,13.36,13.41,13.30,13.32,12.01,2569570
18 Mar 2019,13.35,13.43,13.32,13.40,12.08,3727043
15 Mar 2019,13.40,13.42,13.27,13.31,12.00,9229393
14 Mar 2019,13.31,13.36,13.23,13.26,11.96,3086657
13 Mar 2019,13.29,13.43,13.25,13.43,12.11,3480899
12 Mar 2019,13.30,13.45,13.26,13.28,11.97,4332160
11 Mar 2019,13.36,13.49,13.24,13.30,11.99,1821236
08 Mar 2019,13.28,13.44,13.20,13.36,12.05,6634952
07 Mar 2019,13.10,13.37,13.07,13.29,11.98,4444645
06 Mar 2019,13.09,13.20,13.05,13.09,11.80,5730182
05 Mar 2019,12.90,13.22,12.86,13.08,11.79,5860061
04 Mar 2019,13.25,13.25,13.05,13.10,11.81,2758768
01 Mar 2019,12.88,13.30,12.83,13.21,11.91,5670362
28 Feb 2019,12.69,12.90,12.61,12.80,11.54,6196194
27 Feb 2019,12.91,12.96,12.74,12.82,11.56,4560599
26 Feb 2019,12.86,12.88,12.68,12.88,11.61,6194244
25 Feb 2019,12.93,12.94,12.84,12.94,11.67,2618791
22 Feb 2019,12.70,12.98,12.70,12.88,11.61,11720567
21 Feb 2019,12.76,12.79,12.60,12.74,11.49,5290838
20 Feb 2019,12.97,12.97,12.70,12.79,11.53,4617193
19 Feb 2019,12.90,12.93,12.81,12.86,11.60,3824861
18 Feb 2019,13.00,13.02,12.71,12.91,11.64,6629864
15 Feb 2019,12.61,12.90,12.61,12.84,11.58,9154543
14 Feb 2019,12.39,12.54,12.28,12.51,11.28,9357655
13 Feb 2019,12.05,12.10,11.97,12.00,10.82,3498607
12 Feb 2019,12.00,12.08,11.96,12.02,10.84,4143331
11 Feb 2019,11.99,12.01,11.91,12.00,10.82,1904725
08 Feb 2019,11.99,12.06,11.90,12.03,10.85,3933382
07 Feb 2019,11.98,11.99,11.90,11.91,10.74,2715344
06 Feb 2019,11.77,11.89,11.67,11.86,10.69,3864578
05 Feb 2019,11.69,11.80,11.66,11.73,10.58,2791357
04 Feb 2019,11.58,11.72,11.57,11.69,10.54,4402457
01 Feb 2019,11.74,11.77,11.57,11.62,10.48,3757945
31 Jan 2019,11.85,11.85,11.66,11.66,10.51,44802439
30 Jan 2019,12.15,12.20,11.97,12.05,10.87,7746519
29 Jan 2019,11.92,11.98,11.77,11.97,10.79,8140400
25 Jan 2019,11.80,11.94,11.76,11.88,10.71,4440782
24 Jan 2019,11.81,11.84,11.67,11.70,10.55,3524936
23 Jan 2019,11.77,11.88,11.72,11.74,10.59,2678467
22 Jan 2019,11.67,11.84,11.63,11.72,10.57,2123728
21 Jan 2019,11.70,11.83,11.63,11.63,10.49,2068836
18 Jan 2019,11.62,11.72,11.57,11.70,10.55,2445582
17 Jan 2019,11.67,11.67,11.50,11.58,10.44,3355368
16 Jan 2019,11.49,11.49,11.32,11.49,10.36,3960317
15 Jan 2019,11.35,11.58,11.29,11.50,10.37,2948684
14 Jan 2019,11.37,11.49,11.26,11.31,10.20,2477032
11 Jan 2019,11.26,11.42,11.22,11.37,10.25,3409851
10 Jan 2019,11.11,11.15,10.98,11.15,10.05,3846322
09 Jan 2019,10.74,10.99,10.72,10.99,9.91,4092554
08 Jan 2019,10.76,10.81,10.65,10.73,9.68,3169028
07 Jan 2019,10.84,10.90,10.73,10.75,9.69,2485179
04 Jan 2019,10.68,10.79,10.67,10.78,9.72,2253007
03 Jan 2019,10.76,10.85,10.69,10.72,9.67,3214824
02 Jan 2019,10.57,10.75,10.57,10.68,9.63,2581004
31 Dec 2018,10.97,11.01,10.63,10.63,9.58,3282956
28 Dec 2018,10.70,10.97,10.70,10.97,9.89,4058895
27 Dec 2018,10.86,11.00,10.72,10.99,9.77,3119680
24 Dec 2018,10.78,10.86,10.70,10.83,9.63,1399460
21 Dec 2018,11.03,11.16,10.81,10.84,9.64,11294686
20 Dec 2018,10.89,11.22,10.85,11.07,9.85,7342110
19 Dec 2018,10.92,10.98,10.80,10.95,9.74,3981991
18 Dec 2018,10.96,11.01,10.88,10.89,9.69,4418832
17 Dec 2018,11.03,11.16,10.96,11.09,9.86,5267666
14 Dec 2018,10.80,11.02,10.78,10.93,9.72,4233975
13 Dec 2018,10.98,11.01,10.77,10.84,9.64,2783372
12 Dec 2018,11.03,11.07,10.87,11.05,9.83,4304227
11 Dec 2018,10.80,10.97,10.71,10.94,9.73,3652589
10 Dec 2018,10.88,10.93,10.71,10.75,9.56,5313600
07 Dec 2018,10.77,11.00,10.62,10.96,9.75,6242534
06 Dec 2018,10.29,10.56,10.29,10.52,9.36,8606222
05 Dec 2018,10.32,10.39,10.23,10.28,9.14,4786932
04 Dec 2018,10.43,10.45,10.28,10.30,9.16,6644475
03 Dec 2018,10.44,10.51,10.32,10.43,9.28,3246424
30 Nov 2018,10.65,10.68,10.25,10.25,9.12,10611547
29 Nov 2018,10.65,10.75,10.63,10.68,9.50,2895510
28 Nov 2018,10.73,10.74,10.64,10.69,9.51,3041507
27 Nov 2018,10.80,10.82,10.65,10.70,9.52,3807532
26 Nov 2018,10.67,10.88,10.64,10.81,9.61,4799569
23 Nov 2018,10.64,10.76,10.61,10.70,9.52,3407573
22 Nov 2018,10.51,10.62,10.48,10.61,9.44,4056569
21 Nov 2018,10.47,10.67,10.41,10.61,9.44,4476783
20 Nov 2018,10.38,10.51,10.28,10.47,9.31,5256079
19 Nov 2018,10.27,10.35,10.19,10.33,9.19,3549694
16 Nov 2018,10.29,10.37,10.23,10.25,9.12,2751485
15 Nov 2018,10.45,10.48,10.21,10.33,9.19,4053916
14 Nov 2018,10.48,10.64,10.39,10.42,9.27,4773485
13 Nov 2018,10.50,10.59,10.44,10.52,9.36,2762339
12 Nov 2018,10.50,10.56,10.44,10.50,9.34,3397808
09 Nov 2018,10.34,10.46,10.34,10.45,9.29,2281219
08 Nov 2018,10.24,10.41,10.24,10.40,9.25,2947570
07 Nov 2018,10.11,10.23,10.09,10.18,9.05,6032479
06 Nov 2018,10.00,10.13,9.99,10.10,8.98,2453355
05 Nov 2018,10.16,10.20,9.99,9.99,8.88,4076767
02 Nov 2018,10.16,10.23,10.13,10.16,9.04,3669622
01 Nov 2018,10.21,10.31,10.18,10.21,9.08,4704245
31 Oct 2018,10.46,10.54,10.31,10.38,9.23,6806701
30 Oct 2018,10.39,10.53,10.33,10.51,9.35,3128033
29 Oct 2018,10.38,10.50,10.35,10.43,9.28,2569502
26 Oct 2018,10.32,10.38,10.26,10.34,9.20,3915216
25 Oct 2018,10.35,10.43,10.31,10.32,9.18,3705585
24 Oct 2018,10.41,10.56,10.36,10.44,9.29,3323345
23 Oct 2018,10.47,10.47,10.35,10.38,9.23,2983285
22 Oct 2018,10.28,10.45,10.28,10.41,9.26,3573540
19 Oct 2018,10.25,10.36,10.20,10.32,9.18,2366815
18 Oct 2018,10.19,10.33,10.18,10.31,9.17,3376831
17 Oct 2018,10.02,10.20,10.02,10.20,9.07,3499198
16 Oct 2018,9.93,10.01,9.91,9.94,8.84,3189506
15 Oct 2018,9.85,9.99,9.85,9.94,8.84,2728113
12 Oct 2018,9.94,10.15,9.93,10.00,8.89,5546207
11 Oct 2018,10.10,10.19,10.05,10.08,8.97,6171403
10 Oct 2018,10.34,10.36,10.24,10.24,9.11,2373062
09 Oct 2018,10.28,10.33,10.23,10.28,9.14,2375547
08 Oct 2018,10.19,10.33,10.18,10.28,9.14,2696426
05 Oct 2018,10.16,10.25,10.14,10.22,9.09,2382207
04 Oct 2018,10.24,10.27,10.18,10.20,9.07,5331876
03 Oct 2018,10.24,10.31,10.23,10.29,9.15,1579404
02 Oct 2018,10.30,10.34,10.25,10.26,9.13,4138299
01 Oct 2018,10.28,10.36,10.26,10.30,9.16,1299589
28 Sep 2018,10.41,10.45,10.36,10.36,9.21,3997302
27 Sep 2018,10.43,10.43,10.36,10.40,9.25,1847257
26 Sep 2018,10.45,10.50,10.39,10.39,9.24,2949583
25 Sep 2018,10.23,10.31,10.21,10.30,9.16,2336650
24 Sep 2018,10.22,10.38,10.22,10.29,9.15,2973623
21 Sep 2018,10.34,10.39,10.26,10.26,9.13,7595391
20 Sep 2018,10.40,10.45,10.31,10.32,9.18,6625408
19 Sep 2018,10.70,10.75,10.55,10.55,9.38,4389988
18 Sep 2018,10.78,10.80,10.65,10.76,9.57,3271760
17 Sep 2018,10.67,10.81,10.67,10.78,9.59,3009578
14 Sep 2018,10.61,10.76,10.54,10.72,9.53,2402525
13 Sep 2018,10.64,10.70,10.62,10.63,9.45,2422555
12 Sep 2018,10.54,10.63,10.52,10.63,9.45,1815435
11 Sep 2018,10.53,10.60,10.50,10.58,9.41,2728192
10 Sep 2018,10.50,10.54,10.47,10.49,9.33,2769789
07 Sep 2018,10.46,10.52,10.43,10.51,9.35,2613146
06 Sep 2018,10.51,10.59,10.48,10.51,9.35,3510485
05 Sep 2018,10.65,10.68,10.57,10.57,9.40,5102935
04 Sep 2018,10.51,10.68,10.51,10.61,9.44,3422862
03 Sep 2018,10.59,10.62,10.48,10.56,9.39,9246003
31 Aug 2018,10.71,10.75,10.62,10.70,9.52,5356239
30 Aug 2018,10.66,10.69,10.61,10.68,9.50,2522162
29 Aug 2018,10.52,10.65,10.49,10.60,9.43,4681629
28 Aug 2018,10.50,10.59,10.38,10.53,9.37,3235350
27 Aug 2018,10.40,10.50,10.37,10.49,9.33,2337944
24 Aug 2018,10.38,10.43,10.26,10.35,9.21,2806934
23 Aug 2018,10.48,10.48,10.32,10.34,9.20,2881053
22 Aug 2018,10.28,10.48,10.18,10.48,9.32,3440612
21 Aug 2018,10.57,10.58,10.28,10.33,9.19,4810022
20 Aug 2018,10.61,10.68,10.52,10.57,9.40,5610620
17 Aug 2018,10.20,10.63,10.16,10.58,9.41,5588958
16 Aug 2018,10.10,10.10,10.00,10.05,8.94,3962754
15 Aug 2018,10.00,10.12,9.98,10.10,8.98,2822013
14 Aug 2018,9.95,10.01,9.91,9.98,8.88,4217172
13 Aug 2018,9.86,9.90,9.74,9.88,8.79,3025201
10 Aug 2018,9.97,9.98,9.89,9.91,8.81,3083888
09 Aug 2018,9.99,10.02,9.93,10.00,8.89,2376950
08 Aug 2018,9.98,10.02,9.94,9.99,8.88,2923279
07 Aug 2018,9.98,10.03,9.94,10.00,8.89,3462842
06 Aug 2018,9.93,9.99,9.90,9.98,8.88,1925526
03 Aug 2018,9.88,9.91,9.82,9.87,8.78,3134279
02 Aug 2018,9.74,9.80,9.67,9.73,8.65,2346048
01 Aug 2018,9.70,9.80,9.68,9.73,8.65,2274933
31 Jul 2018,9.74,9.77,9.63,9.63,8.56,5016469
30 Jul 2018,9.68,9.71,9.62,9.71,8.64,1812356
27 Jul 2018,9.63,9.72,9.60,9.69,8.62,4150623
26 Jul 2018,9.68,9.69,9.52,9.55,8.49,5226101
25 Jul 2018,9.75,9.75,9.64,9.68,8.61,2189004
24 Jul 2018,9.66,9.74,9.64,9.70,8.63,2341756
23 Jul 2018,9.64,9.65,9.55,9.63,8.56,3098961
20 Jul 2018,9.65,9.73,9.59,9.65,8.58,7893399
19 Jul 2018,9.73,9.73,9.62,9.63,8.56,7474229
18 Jul 2018,9.76,9.83,9.72,9.76,8.68,2877724
17 Jul 2018,9.77,9.79,9.69,9.73,8.65,2657433
16 Jul 2018,9.86,9.87,9.72,9.77,8.69,2348872
13 Jul 2018,9.76,9.85,9.73,9.82,8.73,4735190
12 Jul 2018,9.58,9.79,9.56,9.75,8.67,4331364
11 Jul 2018,9.59,9.63,9.54,9.58,8.52,2015585
10 Jul 2018,9.70,9.70,9.60,9.60,8.54,1840096
09 Jul 2018,9.79,9.88,9.67,9.69,8.62,2420094
06 Jul 2018,9.64,9.68,9.59,9.68,8.61,4298645
05 Jul 2018,9.65,9.65,9.58,9.60,8.54,4587684
04 Jul 2018,9.70,9.74,9.57,9.62,8.56,4838666
03 Jul 2018,9.61,9.71,9.59,9.68,8.61,4589596
02 Jul 2018,9.63,9.76,9.59,9.65,8.58,2860220
29 Jun 2018,9.64,9.77,9.56,9.62,8.56,6246283
28 Jun 2018,9.60,9.70,9.53,9.64,8.57,6352968
27 Jun 2018,9.85,9.87,9.73,9.74,8.54,4377767
26 Jun 2018,9.79,9.91,9.75,9.84,8.62,4654319
25 Jun 2018,9.85,9.90,9.79,9.83,8.61,3538465
22 Jun 2018,9.88,9.90,9.81,9.85,8.63,3373833
21 Jun 2018,10.00,10.00,9.87,9.91,8.68,7542904
20 Jun 2018,9.72,9.83,9.65,9.82,8.61,3556678
19 Jun 2018,9.72,9.78,9.60,9.71,8.51,3820616
18 Jun 2018,9.59,9.81,9.55,9.75,8.54,4456469
15 Jun 2018,9.60,9.73,9.54,9.55,8.37,8635508
14 Jun 2018,9.38,9.52,9.36,9.49,8.32,2209662
13 Jun 2018,9.45,9.51,9.37,9.44,8.27,4237859
12 Jun 2018,9.47,9.55,9.41,9.45,8.28,5311815
08 Jun 2018,9.42,9.49,9.38,9.42,8.26,4053843
07 Jun 2018,9.47,9.55,9.44,9.44,8.27,3582016
06 Jun 2018,9.50,9.50,9.41,9.48,8.31,5191381
05 Jun 2018,9.65,9.65,9.46,9.50,8.33,5058477
04 Jun 2018,9.45,9.69,9.37,9.68,8.48,7836091
01 Jun 2018,9.30,9.39,9.19,9.37,8.21,3981167
31 May 2018,9.32,9.34,9.18,9.34,8.19,18304306
30 May 2018,9.27,9.33,9.21,9.30,8.15,7427099
29 May 2018,9.36,9.37,9.26,9.29,8.14,4774752
28 May 2018,9.32,9.38,9.24,9.35,8.19,3704752
25 May 2018,9.33,9.36,9.24,9.29,8.14,4093912
24 May 2018,9.27,9.39,9.26,9.38,8.22,3732669
23 May 2018,9.09,9.34,9.06,9.30,8.15,5642808
22 May 2018,8.98,9.08,8.94,9.08,7.96,3470560
21 May 2018,8.99,9.02,8.92,8.98,7.87,2299421
18 May 2018,8.95,9.01,8.92,9.00,7.89,2916813
17 May 2018,9.01,9.02,8.84,8.88,7.78,3260675
16 May 2018,8.94,9.06,8.89,9.00,7.89,4016168
15 May 2018,8.95,9.04,8.89,9.00,7.89,4310060
14 May 2018,9.06,9.08,8.92,8.98,7.87,5690989
11 May 2018,9.13,9.17,9.03,9.08,7.96,4035189
10 May 2018,9.24,9.24,9.10,9.12,7.99,2928595
09 May 2018,9.15,9.22,9.11,9.18,8.05,3556041
08 May 2018,9.18,9.23,9.09,9.12,7.99,4530794
07 May 2018,9.09,9.17,9.07,9.15,8.02,2329801
04 May 2018,9.20,9.22,9.02,9.05,7.93,5510761
03 May 2018,9.26,9.32,9.19,9.21,8.07,5239910
02 May 2018,9.09,9.23,9.08,9.21,8.07,3782402
01 May 2018,9.09,9.19,9.07,9.11,7.98,2864532
30 Apr 2018,9.00,9.10,8.98,9.07,7.95,4905143
27 Apr 2018,8.90,8.96,8.87,8.96,7.85,3660591
26 Apr 2018,8.84,8.94,8.82,8.89,7.79,3783628
24 Apr 2018,8.78,8.90,8.77,8.88,7.78,5023338
23 Apr 2018,8.72,8.78,8.70,8.75,7.67,3826978
20 Apr 2018,8.70,8.76,8.68,8.71,7.63,2920567
19 Apr 2018,8.78,8.78,8.68,8.73,7.65,3852829
18 Apr 2018,8.69,8.75,8.68,8.72,7.64,2350466
17 Apr 2018,8.62,8.73,8.60,8.65,7.58,4553697
16 Apr 2018,8.53,8.59,8.48,8.58,7.52,2479472
13 Apr 2018,8.50,8.59,8.49,8.53,7.48,1919288
12 Apr 2018,8.50,8.55,8.44,8.51,7.46,4262709
11 Apr 2018,8.57,8.61,8.54,8.56,7.50,4615977
10 Apr 2018,8.55,8.62,8.52,8.61,7.55,2920758
09 Apr 2018,8.57,8.64,8.56,8.60,7.54,2495738
06 Apr 2018,8.53,8.59,8.50,8.55,7.49,2415927
05 Apr 2018,8.44,8.58,8.44,8.54,7.48,3176377
04 Apr 2018,8.33,8.44,8.26,8.43,7.39,8405126
03 Apr 2018,8.34,8.40,8.29,8.35,7.32,3818505
29 Mar 2018,8.43,8.54,8.42,8.43,7.39,3883620
28 Mar 2018,8.40,8.49,8.39,8.44,7.40,2900904
27 Mar 2018,8.43,8.44,8.39,8.40,7.36,3144202
26 Mar 2018,8.21,8.39,8.21,8.36,7.33,4841166
23 Mar 2018,8.27,8.34,8.25,8.29,7.27,4807697
22 Mar 2018,8.34,8.40,8.30,8.36,7.33,4956901
21 Mar 2018,8.50,8.53,8.38,8.39,7.35,3990341
20 Mar 2018,8.54,8.55,8.44,8.49,7.44,1915735
19 Mar 2018,8.56,8.58,8.48,8.54,7.48,2141038
16 Mar 2018,8.44,8.51,8.40,8.51,7.46,5673459
15 Mar 2018,8.44,8.45,8.34,8.41,7.37,5808958
14 Mar 2018,8.44,8.47,8.41,8.42,7.38,3236163
13 Mar 2018,8.46,8.53,8.42,8.48,7.43,3656508
12 Mar 2018,8.54,8.56,8.44,8.44,7.40,2286570
09 Mar 2018,8.43,8.51,8.41,8.48,7.43,2970173
08 Mar 2018,8.29,8.40,8.28,8.40,7.36,2940680
07 Mar 2018,8.28,8.36,8.26,8.27,7.25,3601587
06 Mar 2018,8.40,8.46,8.24,8.29,7.27,4129789
05 Mar 2018,8.28,8.40,8.23,8.36,7.33,4456645
02 Mar 2018,8.38,8.38,8.22,8.30,7.27,3416778
01 Mar 2018,8.21,8.30,8.21,8.30,7.27,4591531
28 Feb 2018,8.36,8.36,8.15,8.21,7.20,7224058
27 Feb 2018,8.33,8.40,8.28,8.36,7.33,4483695
26 Feb 2018,8.27,8.30,8.24,8.25,7.23,4015935
23 Feb 2018,8.21,8.25,8.16,8.21,7.20,2697601
22 Feb 2018,8.21,8.26,8.14,8.16,7.15,4968995
21 Feb 2018,8.25,8.29,8.19,8.26,7.24,3140868
20 Feb 2018,8.23,8.29,8.18,8.27,7.25,3795150
19 Feb 2018,8.14,8.28,8.11,8.25,7.23,3411012
16 Feb 2018,8.24,8.24,8.08,8.09,7.09,3422576
15 Feb 2018,8.13,8.25,8.08,8.15,7.14,11207998
14 Feb 2018,8.00,8.09,7.89,8.03,7.04,6337319
13 Feb 2018,7.68,7.82,7.66,7.82,6.85,8218496
12 Feb 2018,7.69,7.71,7.57,7.68,6.73,3647059
09 Feb 2018,7.70,7.77,7.64,7.75,6.79,3487942
08 Feb 2018,7.65,7.79,7.65,7.76,6.80,3181476
07 Feb 2018,7.68,7.84,7.68,7.72,6.77,6585177
06 Feb 2018,7.71,7.87,7.70,7.78,6.82,8187576
05 Feb 2018,7.92,7.94,7.82,7.86,6.89,5824666
02 Feb 2018,8.00,8.02,7.86,7.99,7.00,4566391
01 Feb 2018,8.09,8.15,8.02,8.06,7.06,5927729
31 Jan 2018,7.82,8.09,7.81,8.09,7.09,10577127
30 Jan 2018,7.92,7.93,7.84,7.85,6.88,4623841
29 Jan 2018,8.10,8.13,7.99,8.01,7.02,3787706
25 Jan 2018,8.10,8.15,8.05,8.13,7.12,2537289
24 Jan 2018,8.20,8.23,8.13,8.14,7.13,4395330
23 Jan 2018,8.10,8.15,8.01,8.14,7.13,2634960
22 Jan 2018,8.10,8.13,7.97,8.00,7.01,2888506
19 Jan 2018,8.10,8.12,8.05,8.09,7.09,2163395
18 Jan 2018,8.09,8.13,8.03,8.12,7.12,4203548
17 Jan 2018,8.11,8.16,8.01,8.05,7.05,5153700
16 Jan 2018,8.05,8.13,8.02,8.07,7.07,3746604
15 Jan 2018,8.15,8.17,8.06,8.07,7.07,1811064
12 Jan 2018,8.17,8.19,8.11,8.13,7.12,1820330
11 Jan 2018,8.20,8.24,8.10,8.13,7.12,3823806
10 Jan 2018,8.40,8.40,8.18,8.19,7.18,4661620
09 Jan 2018,8.42,8.51,8.38,8.42,7.38,3924202
08 Jan 2018,8.40,8.45,8.37,8.39,7.35,2335220
05 Jan 2018,8.48,8.49,8.35,8.39,7.35,3161786
04 Jan 2018,8.47,8.49,8.39,8.47,7.42,2691250
03 Jan 2018,8.44,8.47,8.36,8.43,7.39,1625146
02 Jan 2018,8.40,8.48,8.34,8.44,7.40,1519605
