Date,Open,High,Low,Close,Adj Close,Volume
30 Dec 2025,324.81,324.94,322.49,323.42,318.89,7904300
29 Dec 2025,327.00,327.77,323.53,323.75,319.22,8635300
26 Dec 2025,329.11,330.86,326.54,327.91,323.32,4158300
24 Dec 2025,326.24,329.99,325.50,329.17,324.56,4289300
23 Dec 2025,323.61,327.78,323.09,325.93,321.37,6668300
22 Dec 2025,317.51,323.23,317.51,323.09,318.57,8354600
19 Dec 2025,313.79,318.56,313.19,317.21,312.77,24494400
18 Dec 2025,316.00,317.70,312.22,313.00,308.62,11444900
17 Dec 2025,318.43,319.37,314.66,314.98,310.57,8718700
16 Dec 2025,319.09,319.52,314.40,315.55,311.13,8331300
15 Dec 2025,319.59,322.88,318.39,320.02,315.54,10864100
12 Dec 2025,319.68,320.27,316.60,318.52,314.06,8982900
11 Dec 2025,309.24,318.00,309.24,317.38,312.94,9721900
10 Dec 2025,300.50,311.19,298.46,310.11,305.77,18874100
09 Dec 2025,314.95,318.80,300.02,300.51,296.30,18049200
08 Dec 2025,315.06,316.47,313.35,315.21,310.80,7417200
05 Dec 2025,315.64,318.48,314.68,315.04,310.63,6518900
04 Dec 2025,313.26,318.49,313.00,316.10,311.67,9627800
03 Dec 2025,307.20,312.36,306.80,312.13,307.76,8535300
02 Dec 2025,308.74,310.48,307.09,307.88,303.57,7249000
01 Dec 2025,312.95,314.04,308.54,308.92,304.59,7727300
28 Nov 2025,309.10,313.72,308.24,313.08,308.70,4322400
26 Nov 2025,305.00,308.53,303.20,307.64,303.33,7910900
25 Nov 2025,300.05,304.50,295.56,303.00,298.76,8877200
24 Nov 2025,298.24,299.82,294.51,298.00,293.83,10940200
21 Nov 2025,301.29,301.68,292.81,298.02,293.85,11766800
20 Nov 2025,306.34,309.92,298.16,298.38,294.20,7501600
19 Nov 2025,299.74,304.45,299.27,303.27,299.02,5546600
18 Nov 2025,299.50,302.95,297.02,299.41,295.22,8077300
17 Nov 2025,304.00,305.59,297.67,300.37,296.16,8344000
14 Nov 2025,307.51,307.64,301.23,303.61,299.36,10327000
13 Nov 2025,319.23,320.63,309.10,309.48,305.15,8973300
12 Nov 2025,316.26,322.25,316.21,320.41,315.92,10578300
11 Nov 2025,317.50,319.05,315.28,315.62,311.20,5030200
10 Nov 2025,315.00,319.56,314.21,316.89,312.45,5794100
07 Nov 2025,311.89,314.43,307.64,314.21,309.81,7302300
06 Nov 2025,310.99,314.84,310.26,313.42,309.03,7206100
05 Nov 2025,309.61,313.10,305.63,311.68,307.32,6865200
04 Nov 2025,306.71,312.22,305.10,309.25,304.92,7085200
03 Nov 2025,311.00,312.32,306.21,309.35,305.02,7770000
31 Oct 2025,308.54,312.87,307.25,311.12,306.76,7721300
30 Oct 2025,305.79,312.61,305.10,309.44,305.11,7514600
29 Oct 2025,303.51,308.25,303.01,305.51,301.23,7520300
28 Oct 2025,304.86,307.97,303.16,305.36,301.08,6336000
27 Oct 2025,302.16,304.53,301.01,304.15,299.89,5642200
24 Oct 2025,296.08,302.60,295.45,300.44,296.23,7228300
23 Oct 2025,294.38,296.37,292.51,294.54,290.42,5438800
22 Oct 2025,297.77,298.06,290.54,294.11,289.99,8054100
21 Oct 2025,301.66,304.05,297.00,297.09,292.93,7372700
20 Oct 2025,298.50,303.69,298.16,302.36,298.13,6894900
17 Oct 2025,299.16,299.55,294.20,297.56,293.39,10153500
16 Oct 2025,305.35,308.68,297.07,298.54,294.36,10549400
15 Oct 2025,306.39,312.12,305.44,305.69,301.41,11354800
14 Oct 2025,305.84,307.00,294.21,302.08,297.85,16178800
13 Oct 2025,305.60,309.46,305.45,307.97,303.66,10788700
10 Oct 2025,305.66,310.47,300.81,300.89,296.68,8597400
09 Oct 2025,305.05,308.04,303.39,305.53,301.25,7060300
08 Oct 2025,308.21,308.78,303.55,304.03,299.77,6489900
07 Oct 2025,309.35,310.01,304.70,307.69,303.38,8454200
06 Oct 2025,310.18,311.75,305.13,309.18,304.85,7214500
03 Oct 2025,308.51,311.66,308.21,310.03,304.21,6029900
02 Oct 2025,310.00,310.56,306.14,307.55,301.78,7600000
01 Oct 2025,313.97,314.59,307.41,310.71,304.88,9235200
30 Sep 2025,316.25,317.41,310.11,315.43,309.51,11823300
29 Sep 2025,317.06,318.01,313.66,315.69,309.76,6462400
26 Sep 2025,314.90,317.81,313.70,316.06,310.13,7258100
25 Sep 2025,314.12,315.65,311.80,313.45,307.57,7083200
24 Sep 2025,314.05,316.58,311.67,313.42,307.54,7310500
23 Sep 2025,311.82,316.31,310.58,312.74,306.87,8584400
22 Sep 2025,309.80,313.70,309.56,312.44,306.58,7520200
19 Sep 2025,313.60,315.80,309.12,314.78,308.87,23568600
18 Sep 2025,311.79,313.44,309.61,313.23,307.35,8050700
17 Sep 2025,310.39,312.91,308.77,311.75,305.90,8657800
16 Sep 2025,310.00,310.90,307.13,309.19,303.39,10525600
15 Sep 2025,307.17,309.95,307.17,308.90,303.10,7122000
12 Sep 2025,305.00,307.55,303.70,306.91,301.15,6846700
11 Sep 2025,301.24,305.73,300.79,305.56,299.82,7942500
10 Sep 2025,296.70,301.54,295.40,300.54,294.90,7787300
09 Sep 2025,292.60,299.00,292.31,297.85,292.26,7848200
08 Sep 2025,294.89,296.46,291.44,292.91,287.41,8188500
05 Sep 2025,303.65,305.15,294.31,294.38,288.85,9837700
04 Sep 2025,300.00,304.43,298.28,303.82,298.12,6605800
03 Sep 2025,300.57,300.57,296.38,299.51,293.89,6316900
02 Sep 2025,300.26,300.46,294.50,299.70,294.07,7221900
29 Aug 2025,302.04,302.95,299.73,301.42,295.76,6796400
28 Aug 2025,300.02,301.24,298.70,301.07,295.42,6410500
27 Aug 2025,297.25,301.07,297.04,299.28,293.66,6056500
26 Aug 2025,294.16,298.74,293.50,298.57,292.97,6714700
25 Aug 2025,296.24,297.35,294.14,294.90,289.36,5856300
22 Aug 2025,293.20,297.16,290.13,296.24,290.68,8552800
21 Aug 2025,291.94,292.77,289.47,291.47,286.00,6624000
20 Aug 2025,290.81,293.33,287.27,292.24,286.75,7374200
19 Aug 2025,290.83,292.48,289.53,290.66,285.20,6031500
18 Aug 2025,290.00,291.90,288.41,291.53,286.06,5386900
15 Aug 2025,294.84,295.50,289.82,290.49,285.04,7340500
14 Aug 2025,290.58,294.20,289.64,294.16,288.64,6322400
13 Aug 2025,293.95,294.55,287.16,290.53,285.08,8420400
12 Aug 2025,291.50,294.75,290.34,292.85,287.35,8570900
11 Aug 2025,289.40,291.32,288.78,289.56,284.12,5510100
08 Aug 2025,288.98,291.23,284.71,288.76,283.34,6634100
07 Aug 2025,292.94,293.46,286.41,286.94,281.55,8057100
06 Aug 2025,292.30,293.29,290.16,291.35,285.88,6330200
05 Aug 2025,294.69,295.79,287.24,291.37,285.90,7182300
04 Aug 2025,290.26,294.32,290.26,294.26,288.74,6649500
01 Aug 2025,290.40,291.80,284.24,289.37,283.94,12007100
31 Jul 2025,299.14,300.98,295.50,296.24,290.68,14749700
30 Jul 2025,297.42,300.61,297.38,299.63,294.01,8061700
29 Jul 2025,300.00,301.29,296.20,297.04,291.46,7635700
28 Jul 2025,297.66,299.43,296.82,298.28,292.68,5840400
25 Jul 2025,296.70,298.90,295.96,298.62,293.01,5918500
24 Jul 2025,297.42,299.59,296.20,296.55,290.98,7001200
23 Jul 2025,292.84,296.99,292.55,296.76,291.19,7083500
22 Jul 2025,291.50,293.63,289.18,291.43,285.96,6717500
21 Jul 2025,291.00,294.18,290.58,290.97,285.51,7898100
18 Jul 2025,289.52,292.50,288.23,291.27,285.80,12217000
17 Jul 2025,283.44,290.30,283.44,289.90,284.46,8509500
16 Jul 2025,288.40,290.73,283.01,285.82,280.45,9979800
15 Jul 2025,288.00,291.95,285.48,286.55,281.17,12526100
14 Jul 2025,287.07,289.30,285.26,288.70,283.28,9079900
11 Jul 2025,285.52,287.38,283.65,286.86,281.48,7384700
10 Jul 2025,283.00,288.31,283.00,288.19,282.78,8410900
09 Jul 2025,287.18,287.20,282.48,283.16,277.84,11273800
08 Jul 2025,289.27,289.70,280.31,282.78,277.47,15440900
07 Jul 2025,295.25,296.04,290.08,291.97,286.49,8825700
03 Jul 2025,292.15,296.40,291.21,296.00,290.44,6541600
02 Jul 2025,292.04,292.82,289.70,292.00,285.14,8158700
01 Jul 2025,290.89,291.13,286.59,290.41,283.59,9338300
30 Jun 2025,290.40,292.65,288.92,289.91,283.10,12689200
27 Jun 2025,285.81,288.70,285.04,287.11,280.37,17868600
26 Jun 2025,284.70,289.41,284.47,288.75,281.97,8942100
25 Jun 2025,281.50,284.28,280.91,284.06,277.39,6826900
24 Jun 2025,280.21,282.71,279.51,281.26,274.66,9267900
23 Jun 2025,275.06,278.55,272.11,278.27,271.74,8094600
20 Jun 2025,275.57,277.30,273.81,275.00,268.54,13969700
18 Jun 2025,270.00,277.72,269.72,273.96,267.53,9586400
17 Jun 2025,268.17,270.59,267.80,269.52,263.19,6739300
16 Jun 2025,267.00,271.73,266.85,270.36,264.01,8566000
13 Jun 2025,265.08,267.02,262.71,264.95,258.73,7098300
12 Jun 2025,266.86,268.29,265.14,268.24,261.94,6618000
11 Jun 2025,268.68,269.62,265.79,268.15,261.85,7434100
10 Jun 2025,265.88,268.90,265.85,268.60,262.29,7538100
09 Jun 2025,266.00,267.90,263.35,266.74,260.48,8285000
06 Jun 2025,264.33,266.65,264.26,265.73,259.49,7738100
05 Jun 2025,264.74,264.74,260.31,261.95,255.80,8173800
04 Jun 2025,265.92,267.12,264.18,264.22,258.02,5915700
03 Jun 2025,263.73,266.58,262.88,266.27,260.02,6998400
02 Jun 2025,263.02,265.03,261.90,264.66,258.45,6011200
30 May 2025,263.45,265.33,262.73,264.00,257.80,10977700
29 May 2025,264.80,265.41,262.53,264.37,258.16,5081200
28 May 2025,266.24,266.72,262.90,263.49,257.30,5535400
27 May 2025,262.04,265.30,261.99,265.29,259.06,7506600
23 May 2025,256.81,261.99,256.00,260.71,254.59,6671800
22 May 2025,259.44,262.30,258.87,260.67,254.55,6514100
21 May 2025,264.35,265.65,260.73,261.04,254.91,7464000
20 May 2025,262.52,266.66,262.30,265.68,259.44,8436300
19 May 2025,265.55,268.32,261.93,264.88,258.66,12145000
16 May 2025,267.50,268.46,264.71,267.56,261.28,8932900
15 May 2025,266.97,269.52,264.76,267.49,261.21,9214600
14 May 2025,263.00,266.64,262.29,265.64,259.40,8643100
13 May 2025,261.03,263.67,260.39,263.01,256.84,8589000
12 May 2025,262.90,263.60,258.70,260.05,253.95,9603900
09 May 2025,254.50,255.51,252.34,253.08,247.14,5087600
08 May 2025,251.57,255.88,251.55,253.47,247.52,8320100
07 May 2025,249.85,252.45,248.83,249.39,243.54,8724100
06 May 2025,250.00,252.65,249.00,249.25,243.40,6369900
05 May 2025,251.18,255.16,250.59,252.56,246.63,5450700
02 May 2025,251.26,253.62,249.46,252.51,246.58,7165000
01 May 2025,242.84,248.45,242.17,246.89,241.09,8689600
30 Apr 2025,241.21,245.22,238.43,244.62,238.88,12991700
29 Apr 2025,242.19,245.25,241.69,244.62,238.88,7216800
28 Apr 2025,244.56,246.84,240.84,243.22,237.51,7394300
25 Apr 2025,244.65,245.62,241.75,243.55,237.83,8588600
24 Apr 2025,239.74,245.47,237.58,244.64,238.90,9055200
23 Apr 2025,240.22,246.79,240.00,240.88,235.23,14126800
22 Apr 2025,231.98,235.99,231.37,235.59,230.06,10701400
21 Apr 2025,230.63,231.81,226.34,228.99,223.61,8716200
17 Apr 2025,230.80,234.34,230.55,231.96,226.51,9557900
16 Apr 2025,232.00,233.58,227.93,229.61,224.22,9322300
15 Apr 2025,236.10,238.65,232.82,233.13,227.66,10912900
14 Apr 2025,237.10,239.78,233.63,234.72,229.21,13017800
11 Apr 2025,226.31,238.58,225.00,236.20,230.65,20284500
10 Apr 2025,230.00,230.35,220.10,227.11,221.78,18896400
09 Apr 2025,212.50,237.48,211.00,234.34,228.84,24022400
08 Apr 2025,223.52,227.84,213.25,216.87,211.78,19485700
07 Apr 2025,205.77,222.05,202.16,214.44,209.41,22914400
04 Apr 2025,215.31,217.70,208.93,210.28,205.34,27170700
03 Apr 2025,234.27,235.14,227.30,228.69,221.95,17188500
02 Apr 2025,241.60,247.25,241.46,245.82,238.58,7758800
01 Apr 2025,242.62,245.69,240.88,243.66,236.48,8054700
31 Mar 2025,239.41,245.86,237.36,245.30,238.07,13603000
28 Mar 2025,246.94,249.51,241.11,242.85,235.70,11978400
27 Mar 2025,249.53,250.64,247.18,248.12,240.81,8022500
26 Mar 2025,252.60,254.67,249.78,251.03,243.64,12779300
25 Mar 2025,249.31,251.82,247.62,251.13,243.73,9287700
24 Mar 2025,245.48,248.69,244.41,248.06,240.75,9422700
21 Mar 2025,237.81,242.30,236.50,241.63,234.51,19326900
20 Mar 2025,236.56,241.76,236.20,239.01,231.97,8328500
19 Mar 2025,235.74,242.33,234.89,239.11,232.07,10120600
18 Mar 2025,234.32,236.17,233.52,234.97,228.05,10344900
17 Mar 2025,231.18,235.67,230.46,233.93,227.04,9586000
14 Mar 2025,228.12,233.14,227.58,232.44,225.59,11962100
13 Mar 2025,229.30,229.50,224.23,225.19,218.56,16467900
12 Mar 2025,234.00,234.32,227.26,227.90,221.19,16054000
11 Mar 2025,231.75,233.32,226.69,229.14,222.39,18143000
10 Mar 2025,236.21,237.51,228.70,232.22,225.38,18887200
07 Mar 2025,245.23,246.72,239.42,242.28,235.14,20498700
06 Mar 2025,248.11,249.36,243.85,246.54,239.28,9983200
05 Mar 2025,251.25,253.05,247.83,251.53,244.12,7861400
04 Mar 2025,255.28,257.23,245.95,250.25,242.88,13465600
03 Mar 2025,264.00,266.32,257.82,260.62,252.94,9058300
28 Feb 2025,260.73,264.81,257.89,264.65,256.85,10467100
27 Feb 2025,260.18,263.64,257.86,259.05,251.42,8204400
26 Feb 2025,257.16,260.91,256.93,258.79,251.17,5943600
25 Feb 2025,262.23,263.00,253.35,257.40,249.82,9608400
24 Feb 2025,265.49,267.00,258.61,261.34,253.64,10372800
21 Feb 2025,268.32,269.20,262.84,264.24,256.46,12835600
20 Feb 2025,278.68,278.74,265.74,266.80,258.94,13846700
19 Feb 2025,278.38,280.25,277.22,279.25,271.02,7007200
18 Feb 2025,276.76,279.97,276.02,279.95,271.70,7919800
14 Feb 2025,277.37,279.23,276.45,276.59,268.44,5688600
13 Feb 2025,275.50,276.97,273.81,276.32,268.18,8398700
12 Feb 2025,274.08,276.45,273.25,275.45,267.34,6683900
11 Feb 2025,270.26,276.22,269.66,274.99,266.89,7196400
10 Feb 2025,276.15,276.18,269.59,271.04,263.06,8627400
07 Feb 2025,277.27,278.55,274.71,275.80,267.68,6857900
06 Feb 2025,272.45,276.98,271.19,276.90,268.74,7264400
05 Feb 2025,268.91,270.64,268.33,270.43,262.46,5704400
04 Feb 2025,269.84,269.84,266.83,267.94,260.05,5626000
03 Feb 2025,261.83,268.17,261.70,266.81,258.95,8381400
31 Jan 2025,269.23,270.82,266.96,267.30,259.43,7193800
30 Jan 2025,268.63,269.70,266.62,268.23,260.33,8753500
29 Jan 2025,267.21,270.68,265.61,266.58,258.73,7684900
28 Jan 2025,265.85,267.33,264.83,267.14,259.27,7375400
27 Jan 2025,264.17,265.97,262.26,265.85,258.02,7522300
24 Jan 2025,263.69,267.10,263.01,264.84,257.04,7666300
23 Jan 2025,264.69,266.86,263.81,265.95,258.12,10749700
22 Jan 2025,262.90,263.38,260.25,262.84,255.10,9021900
21 Jan 2025,260.07,264.25,259.50,263.03,255.28,13712100
17 Jan 2025,254.14,260.62,252.14,259.16,251.53,17678100
16 Jan 2025,254.00,257.04,252.33,254.27,246.78,15292300
15 Jan 2025,250.40,253.67,243.68,252.35,244.92,18448500
14 Jan 2025,242.66,247.72,242.19,247.47,240.18,12407400
13 Jan 2025,239.67,244.54,239.00,244.21,237.02,10005300
10 Jan 2025,243.09,243.81,238.74,239.87,232.80,10256800
08 Jan 2025,242.75,244.25,240.50,243.13,235.97,8675300
07 Jan 2025,242.14,245.26,240.90,243.17,236.01,8753400
06 Jan 2025,243.70,245.69,240.58,240.85,233.76,9917800
03 Jan 2025,243.89,244.88,240.26,243.28,234.90,9491100
02 Jan 2025,240.92,243.28,239.45,240.00,231.73,9220900
31 Dec 2024,240.05,241.44,239.03,239.71,231.45,4871000
30 Dec 2024,238.77,240.84,237.11,239.32,231.08,5723800
27 Dec 2024,242.72,243.39,240.04,241.17,232.86,5730200
26 Dec 2024,241.43,243.26,240.79,243.14,234.77,4451800
24 Dec 2024,239.43,242.49,239.07,242.31,233.96,3729100
23 Dec 2024,236.07,238.62,234.88,238.39,230.18,8611500
20 Dec 2024,231.92,239.21,231.59,237.60,229.42,32348400
19 Dec 2024,232.27,236.36,232.27,232.96,224.94,11790800
18 Dec 2024,239.00,239.07,229.53,230.37,222.44,11322400
17 Dec 2024,238.65,239.02,236.63,238.36,230.15,8083600
16 Dec 2024,240.61,240.67,237.52,239.58,231.33,9032000
13 Dec 2024,242.07,242.72,239.14,239.94,231.68,10392700
12 Dec 2024,243.00,244.10,241.04,241.53,233.21,6113800
11 Dec 2024,244.00,244.27,242.18,243.53,235.14,7884400
10 Dec 2024,243.89,247.96,242.22,242.86,234.50,9108300
09 Dec 2024,247.13,247.87,243.76,243.81,235.41,7076500
06 Dec 2024,245.70,247.74,244.84,247.36,238.84,5519700
05 Dec 2024,245.39,247.18,244.62,245.48,237.03,6572500
04 Dec 2024,244.70,245.35,242.23,243.40,235.02,7346300
03 Dec 2024,248.23,249.04,244.63,244.82,236.39,6657700
02 Dec 2024,249.55,250.25,245.03,246.25,237.77,8899700
29 Nov 2024,249.86,251.77,249.45,249.72,241.12,5494800
27 Nov 2024,249.35,251.19,248.77,249.79,241.19,5472300
26 Nov 2024,250.49,251.00,248.34,249.97,241.36,6212100
25 Nov 2024,249.59,254.31,249.06,250.29,241.67,10295400
22 Nov 2024,243.61,249.15,243.03,248.55,239.99,7997300
21 Nov 2024,243.23,245.49,242.11,244.76,236.33,8783500
20 Nov 2024,244.40,244.61,238.64,240.78,232.49,9015300
19 Nov 2024,242.25,245.15,241.55,243.09,234.72,6792700
18 Nov 2024,247.76,247.93,242.68,245.03,236.59,9051400
15 Nov 2024,241.46,246.42,241.46,245.31,236.86,11518800
14 Nov 2024,242.42,244.29,241.05,241.87,233.54,10172200
13 Nov 2024,240.58,244.09,240.31,241.16,232.85,11472600
12 Nov 2024,240.55,241.46,238.76,239.56,231.31,6861000
11 Nov 2024,240.00,242.10,239.00,239.29,231.05,9017100
08 Nov 2024,239.34,239.34,235.78,236.98,228.82,9502100
07 Nov 2024,244.50,244.57,235.22,236.38,228.24,16451100
06 Nov 2024,235.00,248.00,234.77,247.06,238.55,23987800
05 Nov 2024,220.03,221.96,220.00,221.49,213.86,5600700
04 Nov 2024,222.65,223.76,219.17,219.78,212.21,8229600
01 Nov 2024,223.56,226.15,222.70,222.94,215.26,6923500
31 Oct 2024,224.70,225.69,221.82,221.92,214.28,7829900
30 Oct 2024,222.54,226.31,221.58,224.41,216.68,7110900
29 Oct 2024,225.21,226.75,222.81,222.90,215.22,6580000
28 Oct 2024,223.35,225.64,222.95,225.50,217.73,6843000
25 Oct 2024,225.00,225.62,220.88,222.31,214.65,6369700
24 Oct 2024,221.83,225.06,221.66,224.98,217.23,6002200
23 Oct 2024,223.66,224.80,222.53,223.41,215.72,6180500
22 Oct 2024,223.02,225.28,221.10,224.12,216.40,9586800
21 Oct 2024,225.22,225.70,222.90,223.00,215.32,5870000
18 Oct 2024,225.00,225.92,223.10,225.37,217.61,7000500
17 Oct 2024,224.27,225.85,223.31,224.42,216.69,6470200
16 Oct 2024,222.33,223.68,221.04,223.64,215.94,6382500
15 Oct 2024,223.66,225.45,221.82,222.39,214.73,9235800
14 Oct 2024,223.20,223.70,218.88,221.48,213.85,9048900
11 Oct 2024,215.67,224.63,215.16,222.29,214.63,18320700
10 Oct 2024,214.81,214.81,211.47,212.84,205.51,7927100
09 Oct 2024,209.70,214.24,209.38,213.42,206.07,7024000
08 Oct 2024,210.58,211.33,208.38,210.75,203.49,6021800
07 Oct 2024,211.03,213.33,209.69,210.93,203.67,6718900
04 Oct 2024,209.30,211.67,206.91,211.22,203.95,10211700
03 Oct 2024,206.17,206.49,204.34,205.23,196.95,7251300
02 Oct 2024,207.08,208.95,205.69,207.29,198.93,5810900
01 Oct 2024,208.90,209.09,206.19,207.04,198.69,8540100
30 Sep 2024,206.31,210.96,205.26,210.86,202.36,8663800
27 Sep 2024,210.65,212.44,209.33,210.50,202.01,7032500
26 Sep 2024,211.13,211.70,209.01,209.78,201.32,7807500
25 Sep 2024,211.68,212.24,208.61,210.19,201.71,8976500
24 Sep 2024,211.15,212.95,210.37,211.59,203.06,7323200
23 Sep 2024,211.00,211.80,209.99,211.44,202.91,7223500
20 Sep 2024,209.93,211.42,209.50,211.09,202.58,20885000
19 Sep 2024,209.78,211.91,207.34,210.48,201.99,11635200
18 Sep 2024,209.01,211.34,206.70,207.53,199.16,8259900
17 Sep 2024,207.73,209.93,207.66,209.25,200.81,7573300
16 Sep 2024,205.83,208.21,205.59,207.86,199.48,8634900
13 Sep 2024,206.86,207.85,203.02,204.32,196.08,10226700
12 Sep 2024,207.65,208.78,204.89,206.60,198.27,9054400
11 Sep 2024,205.25,207.70,201.83,207.23,198.87,13658700
10 Sep 2024,218.60,218.64,200.61,205.56,197.27,28406900
09 Sep 2024,215.19,218.15,214.18,216.81,208.07,8935100
06 Sep 2024,217.60,218.74,211.09,212.46,203.89,7777000
05 Sep 2024,220.15,220.80,216.03,217.63,208.85,8067900
04 Sep 2024,221.04,222.07,217.21,219.33,210.49,7389500
03 Sep 2024,222.30,224.10,219.24,220.30,211.42,8956100
30 Aug 2024,222.50,225.48,221.93,224.80,215.74,8574100
29 Aug 2024,222.15,222.98,218.94,222.21,213.25,6416100
28 Aug 2024,219.25,222.21,219.19,221.29,212.37,6506400
27 Aug 2024,219.51,220.42,219.19,220.18,211.30,5185200
26 Aug 2024,219.01,219.68,218.05,219.17,210.33,5105200
23 Aug 2024,217.60,219.19,216.50,218.31,209.51,7214000
22 Aug 2024,214.58,216.80,214.34,216.63,207.90,5247100
21 Aug 2024,214.43,215.00,212.84,214.60,205.95,5202300
20 Aug 2024,215.00,216.00,213.68,214.52,205.87,5640000
19 Aug 2024,214.00,215.53,213.82,215.45,206.76,6090800
16 Aug 2024,211.69,214.09,211.59,213.97,205.34,7931200
15 Aug 2024,213.00,213.89,211.10,211.55,203.02,7001000
14 Aug 2024,207.74,210.76,207.12,210.24,201.76,6999800
13 Aug 2024,207.73,208.09,205.40,207.94,199.56,6387800
12 Aug 2024,206.41,207.14,203.66,206.19,197.88,6936000
09 Aug 2024,203.47,206.47,202.90,205.80,197.50,5540200
08 Aug 2024,202.47,204.91,201.79,204.06,195.83,7761200
07 Aug 2024,203.51,205.75,200.20,200.40,192.32,9204400
06 Aug 2024,195.40,202.60,194.00,200.34,192.26,10605800
05 Aug 2024,194.05,196.17,190.90,194.90,187.04,13927000
02 Aug 2024,203.88,204.67,196.89,199.14,191.11,18041700
01 Aug 2024,213.20,213.83,206.38,207.96,199.57,10918600
31 Jul 2024,214.78,216.39,212.67,212.80,204.22,9071600
30 Jul 2024,213.23,215.79,212.96,215.19,206.51,8850700
29 Jul 2024,212.65,213.61,210.55,210.85,202.35,6533600
26 Jul 2024,209.24,213.16,208.62,212.24,203.68,8027800
25 Jul 2024,208.65,210.19,208.05,208.67,200.26,6403800
24 Jul 2024,209.55,212.03,208.07,208.59,200.18,7119000
23 Jul 2024,211.02,211.48,209.35,210.33,201.85,5557300
22 Jul 2024,210.46,212.17,209.71,210.28,201.80,7663200
19 Jul 2024,211.20,212.35,208.92,209.78,201.32,8095900
18 Jul 2024,215.63,216.64,209.24,209.98,201.51,12415100
17 Jul 2024,213.80,217.56,213.27,216.87,208.13,11572500
16 Jul 2024,210.00,213.74,208.08,213.62,205.01,11557000
15 Jul 2024,207.19,211.61,206.72,210.05,201.58,10719700
12 Jul 2024,204.00,207.45,202.10,204.94,196.68,15443400
11 Jul 2024,206.21,208.10,205.38,207.45,199.09,10658100
10 Jul 2024,206.14,207.97,205.58,207.80,199.42,8328500
09 Jul 2024,205.63,209.76,205.45,207.63,199.26,9058900
08 Jul 2024,205.04,206.90,203.97,205.17,196.90,8707000
05 Jul 2024,206.99,207.37,204.52,204.79,196.53,8093100
03 Jul 2024,209.55,210.38,207.65,208.69,199.17,5560900
02 Jul 2024,205.29,208.86,204.77,208.83,199.31,7802900
01 Jul 2024,202.84,207.09,202.66,205.45,196.08,10205800
28 Jun 2024,200.01,202.60,199.30,202.26,193.03,15307600
27 Jun 2024,197.44,199.86,196.90,199.17,190.09,7913500
26 Jun 2024,197.45,197.94,196.28,197.43,188.43,7758600
25 Jun 2024,198.09,200.07,197.74,198.07,189.04,6862500
24 Jun 2024,197.81,199.23,197.10,198.88,189.81,9785900
21 Jun 2024,196.71,197.17,194.22,196.30,187.35,20972100
20 Jun 2024,196.39,199.45,196.11,198.67,189.61,8731100
18 Jun 2024,194.60,197.96,194.13,197.00,188.01,9023000
17 Jun 2024,193.48,195.58,192.64,194.98,186.09,8725400
14 Jun 2024,191.45,194.86,191.42,193.78,184.94,6874000
13 Jun 2024,192.32,194.58,190.88,193.66,184.83,8587800
12 Jun 2024,196.00,196.72,191.31,191.53,182.79,12751300
11 Jun 2024,197.91,197.94,193.60,194.36,185.50,9235300
10 Jun 2024,199.24,200.84,198.44,199.61,190.51,6070800
07 Jun 2024,197.43,200.92,197.01,199.95,190.83,6964500
06 Jun 2024,197.26,198.02,195.33,196.91,187.93,7640300
05 Jun 2024,199.76,199.82,196.92,197.26,188.26,8351600
04 Jun 2024,200.16,201.98,198.28,199.16,190.08,6848300
03 Jun 2024,202.31,202.42,199.19,201.82,192.61,6444300
31 May 2024,199.30,203.30,198.35,202.63,193.39,14417900
30 May 2024,198.56,199.85,198.40,199.33,190.24,6829100
29 May 2024,198.00,198.99,196.89,198.11,189.07,6120000
28 May 2024,199.86,200.41,198.66,199.50,190.40,6910200
24 May 2024,197.75,200.76,197.56,200.71,191.56,7356200
23 May 2024,197.81,198.30,196.07,196.92,187.94,8069400
22 May 2024,199.00,200.94,197.69,198.31,189.27,9425300
21 May 2024,197.00,199.90,196.60,199.52,190.42,14420800
20 May 2024,204.39,205.88,195.40,195.58,186.66,17373300
17 May 2024,203.81,205.05,202.81,204.79,195.45,9260500
16 May 2024,202.22,204.48,201.99,202.47,193.24,8497900
15 May 2024,202.01,202.69,199.77,202.11,192.89,8370000
14 May 2024,199.00,201.58,198.16,201.51,192.32,8596200
13 May 2024,198.80,199.85,198.04,198.73,189.67,7049200
10 May 2024,198.54,199.34,198.27,198.77,189.70,7529800
09 May 2024,195.17,197.59,195.10,197.50,188.49,7977300
08 May 2024,191.00,196.65,191.00,195.65,186.73,9227600
07 May 2024,191.70,192.93,191.65,191.75,183.00,7688800
06 May 2024,191.73,192.20,189.82,192.00,183.24,7911100
03 May 2024,192.00,192.53,188.46,190.51,181.82,8922800
02 May 2024,193.07,193.50,189.52,191.66,182.92,6501700
01 May 2024,192.27,194.46,190.79,191.86,183.11,7445300
30 Apr 2024,192.81,194.99,191.64,191.74,182.99,8153700
29 Apr 2024,193.48,194.26,192.43,193.28,184.46,5387800
26 Apr 2024,193.57,194.87,193.06,193.49,184.66,6413700
25 Apr 2024,192.25,193.94,191.18,193.37,184.55,9802300
24 Apr 2024,190.53,193.23,190.17,193.08,184.27,6964900
23 Apr 2024,191.13,192.23,190.52,192.14,183.38,9144400
22 Apr 2024,185.99,190.13,185.98,189.41,180.77,11529700
19 Apr 2024,182.40,185.88,181.41,185.80,177.33,13402300
18 Apr 2024,181.10,183.36,179.97,181.25,172.98,9557700
17 Apr 2024,181.37,182.42,179.20,180.08,171.87,9017100
16 Apr 2024,182.90,183.16,179.65,180.80,172.55,16451800
15 Apr 2024,184.50,187.46,182.20,182.89,174.55,14766600
12 Apr 2024,188.32,188.93,182.54,182.79,174.45,31532300
11 Apr 2024,196.00,196.57,193.24,195.43,186.52,10137700
10 Apr 2024,195.55,197.07,194.18,195.47,186.55,7681400
09 Apr 2024,198.07,198.88,194.91,197.15,188.16,7351500
08 Apr 2024,197.62,198.98,197.62,198.48,189.43,8001000
05 Apr 2024,196.16,198.12,195.11,197.45,188.44,6532300
04 Apr 2024,199.15,199.68,195.55,195.65,186.73,9243800
03 Apr 2024,199.04,199.56,197.70,198.30,188.16,9353400
02 Apr 2024,198.39,199.78,198.08,198.86,188.69,7014700
01 Apr 2024,199.99,200.94,198.57,198.94,188.77,7309000
28 Mar 2024,199.49,200.72,198.54,200.30,190.06,8628300
27 Mar 2024,196.50,199.60,196.38,199.52,189.32,8725800
26 Mar 2024,194.59,196.66,194.06,195.73,185.72,5961500
25 Mar 2024,196.60,196.94,194.36,194.82,184.86,8620000
22 Mar 2024,199.01,200.48,196.54,196.62,186.56,8108800
21 Mar 2024,196.52,199.43,196.33,199.06,188.88,11203800
20 Mar 2024,194.19,196.56,193.61,196.33,186.29,9367000
19 Mar 2024,192.71,193.93,192.38,193.79,183.88,8478700
18 Mar 2024,190.63,192.70,189.89,192.66,182.81,9013800
15 Mar 2024,186.48,190.94,186.48,190.30,180.57,17214200
14 Mar 2024,191.03,191.63,187.10,187.97,178.36,10310900
13 Mar 2024,190.36,191.73,189.84,191.38,181.59,7795500
12 Mar 2024,188.95,190.16,187.91,189.84,180.13,5708400
11 Mar 2024,187.28,188.44,186.22,188.29,178.66,5762600
08 Mar 2024,188.44,190.46,187.92,188.22,178.59,6172200
07 Mar 2024,189.91,190.50,186.63,187.87,178.26,7618300
06 Mar 2024,189.25,190.07,187.63,189.53,179.84,7572900
05 Mar 2024,186.36,189.30,186.36,188.55,178.91,6617800
04 Mar 2024,184.71,187.59,184.27,186.68,177.13,7063600
01 Mar 2024,185.70,186.44,185.10,185.29,175.81,6311800
29 Feb 2024,185.66,186.43,183.85,186.06,176.54,9643000
28 Feb 2024,183.43,185.20,182.96,184.38,174.95,6131600
27 Feb 2024,183.31,183.54,182.24,183.45,174.07,5717100
26 Feb 2024,183.75,184.46,182.48,183.36,173.98,7145400
23 Feb 2024,183.81,185.20,183.19,183.99,174.58,7105800
22 Feb 2024,181.82,183.42,181.24,183.07,173.71,9296500
21 Feb 2024,179.95,180.99,178.52,180.90,171.65,7024000
20 Feb 2024,179.19,180.46,178.41,179.73,170.54,9668000
16 Feb 2024,179.61,179.98,178.16,179.03,169.87,8152600
15 Feb 2024,176.15,180.21,176.15,179.87,170.67,8723400
14 Feb 2024,175.07,176.10,174.42,176.03,167.03,7056700
13 Feb 2024,175.32,176.23,172.62,174.26,165.35,8397600
12 Feb 2024,174.78,176.81,173.70,175.79,166.80,8539300
09 Feb 2024,175.00,175.10,173.67,175.01,166.06,6296700
08 Feb 2024,175.00,175.31,173.57,174.80,165.86,6060300
07 Feb 2024,175.69,175.87,173.96,175.43,166.46,7225500
06 Feb 2024,174.61,175.87,173.76,175.10,166.14,6764800
05 Feb 2024,173.86,175.09,172.92,174.50,165.58,7820200
02 Feb 2024,173.30,175.82,173.26,174.73,165.79,8607600
01 Feb 2024,173.64,174.84,171.43,173.73,164.84,9354800
31 Jan 2024,176.20,178.30,174.34,174.36,165.44,11521800
30 Jan 2024,172.83,176.76,172.83,176.27,167.25,10822100
29 Jan 2024,172.24,172.84,171.30,172.73,163.90,6971200
26 Jan 2024,172.61,173.06,171.78,172.28,163.47,7443000
25 Jan 2024,172.31,172.99,170.91,172.94,164.09,8873500
24 Jan 2024,169.36,171.01,168.86,170.50,161.78,9967100
23 Jan 2024,169.67,169.75,168.44,168.99,160.35,8360800
22 Jan 2024,170.46,171.98,169.71,170.11,161.41,12837500
19 Jan 2024,167.55,170.57,167.08,170.31,161.60,13115700
18 Jan 2024,167.12,167.53,165.24,167.42,158.86,9382300
17 Jan 2024,167.34,169.07,166.49,167.09,158.54,11107500
16 Jan 2024,164.87,168.09,164.30,167.99,159.40,17206400
12 Jan 2024,173.80,176.31,168.90,169.05,160.40,19436500
11 Jan 2024,170.33,170.36,168.64,170.30,161.59,11919500
10 Jan 2024,170.00,171.08,168.95,171.02,162.27,9670200
09 Jan 2024,171.62,171.79,170.10,170.66,161.93,9923600
08 Jan 2024,172.02,172.36,169.49,172.02,163.22,11229900
05 Jan 2024,171.47,173.38,171.47,172.27,163.46,10066000
04 Jan 2024,170.64,173.35,170.54,171.41,162.64,11972500
03 Jan 2024,171.86,172.04,170.37,171.33,161.57,9852300
02 Jan 2024,169.09,172.17,168.91,172.08,162.28,9977400
29 Dec 2023,170.00,170.69,169.63,170.10,160.41,6435100
28 Dec 2023,169.35,170.66,169.00,170.30,160.60,6320100
27 Dec 2023,167.84,169.47,167.58,169.40,159.75,6428600
26 Dec 2023,167.46,168.77,167.18,168.39,158.80,4683600
22 Dec 2023,167.50,168.23,167.23,167.40,157.86,6576300
21 Dec 2023,166.84,168.09,165.68,167.50,157.96,7601700
20 Dec 2023,167.99,169.41,166.45,166.55,157.06,10734700
19 Dec 2023,166.00,168.47,165.55,168.45,158.86,10345700
18 Dec 2023,165.92,167.13,165.63,166.23,156.76,8469600
15 Dec 2023,163.08,165.28,162.39,165.23,155.82,20309300
14 Dec 2023,161.83,164.84,161.71,163.99,154.65,13643000
13 Dec 2023,160.52,162.03,159.77,161.06,151.89,12379100
12 Dec 2023,159.23,160.65,158.88,160.52,151.38,10223000
11 Dec 2023,158.52,159.30,158.15,159.10,150.04,8093900
08 Dec 2023,157.26,158.78,156.98,158.52,149.49,7369400
07 Dec 2023,156.69,157.31,156.15,156.79,147.86,8130900
06 Dec 2023,158.84,159.22,156.00,156.31,147.41,9366000
05 Dec 2023,157.26,158.50,156.97,157.97,148.97,9135600
04 Dec 2023,156.02,158.05,155.88,157.99,148.99,9607500
01 Dec 2023,155.82,157.86,155.82,156.84,147.91,8916000
30 Nov 2023,154.91,156.13,154.38,156.08,147.19,9869800
29 Nov 2023,154.17,155.63,154.00,154.32,145.53,9126100
28 Nov 2023,153.22,153.87,152.72,153.54,144.79,6582700
27 Nov 2023,153.43,153.53,152.71,153.19,144.46,6259100
24 Nov 2023,153.59,154.44,153.28,153.54,144.79,3496900
22 Nov 2023,153.41,153.88,152.90,153.33,144.60,5174500
21 Nov 2023,153.20,153.63,152.57,152.97,144.26,7083500
20 Nov 2023,152.08,153.75,151.92,153.29,144.56,7019000
17 Nov 2023,152.20,152.86,151.54,152.82,144.12,7812400
16 Nov 2023,150.09,151.53,150.09,151.45,142.82,8126200
15 Nov 2023,148.46,150.16,148.46,149.74,141.21,8365300
14 Nov 2023,146.68,149.25,146.52,148.44,139.98,9927700
13 Nov 2023,145.70,146.25,145.16,145.78,137.48,6676300
10 Nov 2023,144.94,146.48,144.08,146.43,138.09,7983300
09 Nov 2023,145.44,145.65,143.70,144.29,136.07,7992500
08 Nov 2023,144.11,144.84,143.62,144.72,136.48,7618200
07 Nov 2023,143.51,144.26,142.82,144.01,135.81,6297900
06 Nov 2023,143.17,144.19,142.79,144.08,135.87,7625100
03 Nov 2023,142.19,143.77,141.85,143.00,134.85,9538700
02 Nov 2023,140.09,141.48,139.23,141.42,133.36,10186200
01 Nov 2023,139.25,140.53,138.47,138.94,131.03,9432000
31 Oct 2023,137.71,139.24,137.47,139.06,131.14,9672500
30 Oct 2023,136.44,138.04,136.04,137.42,129.59,9855500
27 Oct 2023,138.95,139.10,135.19,135.69,127.96,17434700
26 Oct 2023,139.76,141.67,139.43,140.76,132.74,9109400
25 Oct 2023,140.57,141.18,139.51,140.40,132.40,8242600
24 Oct 2023,141.19,141.73,140.36,141.17,133.13,8881400
23 Oct 2023,142.94,143.68,140.73,141.00,132.97,10133400
20 Oct 2023,144.57,145.14,142.12,142.95,134.81,13332900
19 Oct 2023,145.48,147.02,144.88,145.29,137.01,11143600
18 Oct 2023,146.59,147.48,145.37,145.91,137.60,9620300
17 Oct 2023,147.57,149.31,146.79,147.53,139.13,11482700
16 Oct 2023,149.45,149.52,146.72,147.85,139.43,12663500
13 Oct 2023,148.50,153.11,147.84,148.00,139.57,29427000
12 Oct 2023,146.30,146.96,145.13,145.81,137.50,10484400
11 Oct 2023,146.51,147.23,145.02,146.15,137.83,8698200
10 Oct 2023,145.42,146.77,145.28,145.65,137.35,11288800
09 Oct 2023,143.66,145.40,143.50,144.77,136.52,6964900
06 Oct 2023,142.91,145.88,142.14,145.10,136.84,10270600
05 Oct 2023,142.04,143.10,140.83,142.90,134.76,8576200
04 Oct 2023,143.19,143.47,141.93,143.35,134.19,8128700
03 Oct 2023,143.20,143.59,142.35,142.71,133.60,9431100
02 Oct 2023,144.83,145.62,142.63,143.77,134.59,9170600
29 Sep 2023,148.60,148.76,144.86,145.02,135.76,11917800
28 Sep 2023,146.28,148.87,146.01,147.59,138.16,8868100
27 Sep 2023,145.19,146.09,144.51,145.78,136.47,6717800
26 Sep 2023,144.60,145.84,144.23,144.93,135.67,7468400
25 Sep 2023,145.35,146.52,143.70,146.45,137.10,7044700
22 Sep 2023,147.29,147.51,145.19,145.73,136.42,7071700
21 Sep 2023,147.58,148.85,146.63,147.14,137.74,8052400
20 Sep 2023,149.65,150.25,148.14,148.30,138.83,7332000
19 Sep 2023,149.50,149.72,147.21,148.93,139.42,7943400
18 Sep 2023,148.16,149.14,147.75,149.12,139.60,6512400
15 Sep 2023,148.92,149.73,148.31,148.81,139.31,19863400
14 Sep 2023,147.84,149.90,147.52,149.25,139.72,10034900
13 Sep 2023,147.34,147.70,145.82,146.41,137.06,8325900
12 Sep 2023,144.50,147.32,144.05,146.34,136.99,8363200
11 Sep 2023,144.75,145.05,143.69,144.46,135.23,6854200
08 Sep 2023,143.37,144.12,142.65,143.83,134.64,7107900
07 Sep 2023,144.13,145.27,143.39,143.72,134.54,8373700
06 Sep 2023,144.70,145.54,144.11,144.96,135.70,8629200
05 Sep 2023,147.16,148.21,145.01,145.20,135.93,7854700
01 Sep 2023,146.09,148.08,145.70,146.82,137.44,7903500
31 Aug 2023,148.26,148.35,145.96,146.33,136.98,10933900
30 Aug 2023,148.62,149.15,147.19,148.16,138.70,6277300
29 Aug 2023,147.71,148.85,147.18,148.76,139.26,6337000
28 Aug 2023,147.57,148.61,147.13,147.56,138.14,5094100
25 Aug 2023,147.28,148.62,145.85,147.05,137.66,6695500
24 Aug 2023,147.50,149.41,146.99,147.23,137.83,6534000
23 Aug 2023,146.35,147.59,145.46,147.37,137.96,7858000
22 Aug 2023,149.26,149.64,145.85,146.38,137.03,9673300
21 Aug 2023,149.65,150.10,148.02,149.48,139.93,8327000
18 Aug 2023,147.65,149.50,147.44,148.97,139.46,8517500
17 Aug 2023,150.88,151.26,148.40,148.63,139.14,9953900
16 Aug 2023,150.60,150.96,149.68,150.19,140.60,6978200
15 Aug 2023,152.85,153.27,150.23,150.83,141.20,10300300
14 Aug 2023,153.61,154.92,152.92,154.77,144.89,5044300
11 Aug 2023,153.03,154.52,152.63,154.45,144.59,5180700
10 Aug 2023,154.38,155.44,153.09,153.56,143.75,5995100
09 Aug 2023,155.32,155.52,153.47,153.79,143.97,6277800
08 Aug 2023,154.32,155.98,152.59,155.88,145.92,8623400
07 Aug 2023,156.60,157.70,156.60,156.76,146.75,7251800
04 Aug 2023,156.40,157.80,155.70,156.02,146.06,6209400
03 Aug 2023,155.00,156.92,154.35,156.35,146.36,6084000
02 Aug 2023,155.56,155.69,153.94,155.40,145.47,8299400
01 Aug 2023,157.43,158.00,156.15,157.18,147.14,6853900
31 Jul 2023,157.18,159.38,157.15,157.96,147.87,8892700
28 Jul 2023,157.28,157.60,156.44,156.91,146.89,9103800
27 Jul 2023,157.77,158.78,155.55,156.02,146.06,10778400
26 Jul 2023,156.71,158.25,156.28,157.76,147.68,8728600
25 Jul 2023,157.30,157.72,155.96,156.82,146.80,9944700
24 Jul 2023,154.97,158.79,154.73,158.00,147.91,14381400
21 Jul 2023,155.80,156.14,154.69,154.95,145.05,10636400
20 Jul 2023,154.53,156.59,154.41,156.15,146.18,9935900
19 Jul 2023,152.75,155.21,152.22,154.25,144.40,12510000
18 Jul 2023,153.38,154.40,152.82,153.66,143.85,13491700
17 Jul 2023,150.35,153.75,150.35,153.38,143.58,17262400
14 Jul 2023,151.55,152.89,148.41,149.77,140.20,27028400
13 Jul 2023,148.70,149.37,147.75,148.87,139.36,11234900
12 Jul 2023,147.45,149.87,147.00,148.15,138.69,11323200
11 Jul 2023,146.34,147.82,145.71,147.42,138.00,11260900
10 Jul 2023,144.50,145.99,144.50,145.15,135.88,9100100
07 Jul 2023,143.91,145.84,143.00,144.34,135.12,8981500
06 Jul 2023,143.02,143.39,141.44,143.21,134.06,9709500
05 Jul 2023,144.94,145.43,144.36,144.64,135.40,8934900
03 Jul 2023,146.19,147.48,146.00,146.61,136.31,8021600
30 Jun 2023,144.60,146.00,143.66,145.44,135.22,14212800
29 Jun 2023,140.07,143.56,139.85,143.43,133.35,15423200
28 Jun 2023,139.16,139.21,137.96,138.59,128.85,7558600
27 Jun 2023,139.00,139.84,138.54,139.20,129.42,8154000
26 Jun 2023,138.87,140.01,137.69,139.19,129.41,8429700
23 Jun 2023,138.54,139.18,137.62,138.85,129.10,9919500
22 Jun 2023,142.31,142.60,138.95,139.58,129.77,10075200
21 Jun 2023,142.90,144.02,141.69,142.32,132.32,9926500
20 Jun 2023,142.61,143.00,141.04,142.53,132.52,8428600
16 Jun 2023,143.05,143.97,142.50,143.26,133.20,13813500
15 Jun 2023,140.59,143.40,140.03,143.09,133.04,9343100
14 Jun 2023,143.00,143.61,140.70,141.49,131.55,9068700
13 Jun 2023,140.48,142.87,140.14,142.02,132.04,7701600
12 Jun 2023,141.07,141.32,139.76,141.00,131.09,7596600
09 Jun 2023,140.35,141.80,140.21,141.01,131.10,7249100
08 Jun 2023,140.67,140.89,139.48,140.73,130.84,7368100
07 Jun 2023,139.55,141.27,138.83,140.69,130.81,9281400
06 Jun 2023,138.68,140.10,138.21,139.34,129.55,9329500
05 Jun 2023,140.11,140.11,138.13,139.09,129.32,8511900
02 Jun 2023,139.56,141.48,139.34,140.47,130.60,12922500
01 Jun 2023,136.52,138.23,135.45,137.58,127.91,12248100
31 May 2023,136.73,136.84,134.40,135.71,126.18,14219900
30 May 2023,136.80,137.72,136.02,137.46,127.80,7399900
26 May 2023,136.11,137.60,135.63,136.94,127.32,8579900
25 May 2023,134.82,136.27,134.58,135.67,126.14,8472500
24 May 2023,135.40,136.35,135.08,135.34,125.83,8578000
23 May 2023,137.54,139.03,136.46,136.59,126.99,9514900
22 May 2023,141.00,141.64,137.66,138.03,128.33,11402500
19 May 2023,139.79,140.49,138.13,139.18,129.40,13492200
18 May 2023,138.27,139.73,137.76,139.50,129.70,10999600
17 May 2023,135.90,138.59,135.46,138.45,128.72,12711500
16 May 2023,135.46,135.94,133.96,134.32,124.88,6477200
15 May 2023,134.27,135.67,133.96,135.23,125.73,7639500
12 May 2023,136.82,136.99,133.13,134.10,124.68,9988600
11 May 2023,135.00,136.81,134.90,136.05,126.49,7057300
10 May 2023,137.95,138.06,134.87,136.48,126.89,8133400
09 May 2023,135.93,136.95,135.21,136.41,126.83,7343600
08 May 2023,137.49,137.97,136.48,137.07,127.44,7484900
05 May 2023,136.44,137.88,135.91,136.74,127.13,11261400
04 May 2023,134.96,135.72,131.81,134.12,124.70,17089200
03 May 2023,138.44,138.67,135.76,135.98,126.43,12930900
02 May 2023,141.40,142.41,138.43,138.92,129.16,14113400
01 May 2023,142.26,143.37,140.83,141.20,131.28,20415800
28 Apr 2023,136.56,138.32,135.67,138.24,128.53,9887300
27 Apr 2023,136.00,137.91,135.66,137.05,127.42,9041100
26 Apr 2023,137.62,137.81,134.00,135.23,125.73,14416100
25 Apr 2023,139.60,139.96,137.63,137.67,128.00,10629300
24 Apr 2023,140.46,141.10,140.04,140.73,130.84,7567500
21 Apr 2023,139.74,141.11,138.78,140.54,130.67,11842500
20 Apr 2023,139.91,141.43,139.84,140.81,130.92,10586200
19 Apr 2023,141.23,141.50,140.40,141.22,131.30,9158100
18 Apr 2023,140.27,141.78,139.03,141.40,131.47,13760100
17 Apr 2023,139.95,140.06,137.66,139.83,130.01,16050500
14 Apr 2023,135.15,139.12,134.90,138.73,128.98,43931300
13 Apr 2023,128.46,129.04,126.83,128.99,119.93,12450200
12 Apr 2023,129.18,130.43,128.06,128.50,119.47,11821000
11 Apr 2023,128.30,128.94,127.54,128.52,119.49,10516300
10 Apr 2023,126.54,128.23,126.22,127.89,118.91,9477300
06 Apr 2023,127.00,128.08,126.86,127.47,118.51,8760200
05 Apr 2023,126.80,128.15,126.46,127.61,118.65,9614700
04 Apr 2023,130.50,130.59,127.41,128.42,118.47,11579900
03 Apr 2023,129.91,131.44,129.41,130.16,120.07,11775400
31 Mar 2023,129.66,130.34,128.85,130.31,120.21,13105200
30 Mar 2023,129.95,130.12,127.65,128.75,118.77,12134700
29 Mar 2023,130.10,130.22,127.77,129.14,119.13,14595300
28 Mar 2023,128.71,129.34,127.74,128.88,118.89,10820500
27 Mar 2023,126.79,129.38,126.29,128.49,118.53,18853900
24 Mar 2023,125.63,125.68,123.11,124.91,115.23,22311100
23 Mar 2023,127.90,129.53,126.02,126.84,117.01,16677600
22 Mar 2023,130.56,130.66,127.08,127.18,117.32,17250200
21 Mar 2023,130.59,131.73,130.19,130.55,120.43,17807800
20 Mar 2023,126.99,129.47,126.01,127.14,117.29,22875500
17 Mar 2023,128.38,128.48,125.45,125.81,116.06,38396000
16 Mar 2023,128.01,131.95,126.02,130.75,120.62,24558500
15 Mar 2023,130.98,130.99,126.73,128.26,118.32,34280600
14 Mar 2023,135.28,135.53,131.29,134.62,124.19,29648100
13 Mar 2023,131.21,133.88,129.41,131.25,121.08,42901100
10 Mar 2023,128.96,135.26,127.82,133.65,123.29,37599700
09 Mar 2023,136.76,137.35,129.22,130.34,120.24,25888100
08 Mar 2023,138.00,138.59,136.89,137.80,127.12,10002500
07 Mar 2023,142.01,142.31,137.81,138.62,127.88,11747600
06 Mar 2023,143.44,144.04,142.66,142.82,131.75,9261300
03 Mar 2023,141.51,143.74,141.08,143.66,132.53,9513100
02 Mar 2023,142.24,142.43,139.54,141.07,130.14,11106800
01 Mar 2023,142.10,143.46,141.80,142.55,131.50,7139200
28 Feb 2023,142.94,143.76,141.90,143.35,132.24,11019800
27 Feb 2023,142.11,143.31,141.72,142.16,131.14,10014700
24 Feb 2023,139.11,141.36,138.93,140.93,130.01,9126900
23 Feb 2023,138.73,140.17,137.94,139.67,128.85,8068000
22 Feb 2023,138.92,139.43,137.44,138.56,127.82,11107500
21 Feb 2023,140.69,141.34,138.75,139.63,128.81,9996300
17 Feb 2023,140.98,142.83,140.07,142.24,131.22,7948800
16 Feb 2023,142.91,143.39,141.68,141.82,130.83,8165300
15 Feb 2023,141.61,143.89,141.30,143.80,132.66,6728300
14 Feb 2023,142.50,143.81,141.60,143.20,132.10,9249400
13 Feb 2023,141.30,142.73,140.74,142.57,131.52,7134600
10 Feb 2023,139.78,141.28,138.59,141.04,130.11,6582900
09 Feb 2023,143.12,143.34,139.87,140.42,129.54,6443100
08 Feb 2023,142.65,144.04,142.28,142.64,131.59,6958000
07 Feb 2023,141.38,144.34,141.18,143.65,132.52,10447900
06 Feb 2023,140.23,142.24,140.03,141.92,130.92,8406200
03 Feb 2023,138.18,142.33,138.13,141.09,130.16,11501200
02 Feb 2023,140.00,140.46,138.00,138.94,128.17,11822100
01 Feb 2023,138.21,140.88,138.12,139.59,128.77,8841800
31 Jan 2023,139.88,140.07,138.25,139.96,129.11,9188700
30 Jan 2023,139.23,140.09,138.91,139.13,128.35,6729300
27 Jan 2023,140.61,141.26,139.75,140.32,129.45,7489900
26 Jan 2023,139.42,140.06,138.36,139.98,129.13,7487600
25 Jan 2023,138.05,139.12,137.25,139.12,128.34,8967000
24 Jan 2023,136.42,140.29,135.00,138.45,127.72,6945000
23 Jan 2023,135.12,137.96,134.82,137.27,126.63,10487100
20 Jan 2023,135.16,135.49,133.55,135.08,124.61,13092500
19 Jan 2023,135.32,135.90,133.59,134.75,124.31,13303400
18 Jan 2023,138.92,140.73,136.41,136.57,125.99,13392600
17 Jan 2023,141.17,141.54,139.23,140.80,129.89,14292900
13 Jan 2023,135.60,143.49,134.80,143.01,131.93,20200000
12 Jan 2023,140.00,140.86,139.22,139.49,128.68,11001700
11 Jan 2023,138.90,139.75,138.10,139.63,128.81,8703700
10 Jan 2023,137.79,138.72,137.31,138.60,127.86,9048700
09 Jan 2023,138.60,138.88,136.88,137.37,126.72,8482300
06 Jan 2023,136.13,138.38,134.49,137.94,127.25,10029100
05 Jan 2023,135.66,135.71,133.70,135.35,124.86,8381300
04 Jan 2023,135.99,137.68,135.57,136.38,124.89,11687600
03 Jan 2023,135.24,136.74,133.89,135.12,123.74,11054800
30 Dec 2022,132.81,134.33,132.44,134.10,122.80,9292500
29 Dec 2022,132.93,133.27,132.31,133.22,122.00,6585200
28 Dec 2022,131.85,133.41,131.01,132.46,121.30,8827700
27 Dec 2022,131.57,132.22,130.55,131.74,120.64,5411000
23 Dec 2022,130.58,131.44,129.64,131.28,120.22,5091900
22 Dec 2022,131.10,131.30,128.41,130.66,119.65,8648200
21 Dec 2022,132.18,132.98,131.77,132.16,121.02,8051700
20 Dec 2022,130.97,132.05,130.20,130.69,119.68,8549900
19 Dec 2022,129.65,131.33,129.09,130.06,119.10,9017200
16 Dec 2022,129.15,129.90,128.43,129.29,118.40,21133700
15 Dec 2022,131.15,132.08,129.05,130.10,119.14,12087800
14 Dec 2022,133.78,135.71,132.76,133.41,122.17,9966100
13 Dec 2022,136.89,137.09,133.08,134.08,122.78,10025400
12 Dec 2022,132.40,134.65,131.60,134.21,122.90,8841600
09 Dec 2022,132.20,133.76,132.00,132.16,121.02,7957800
08 Dec 2022,132.33,132.98,131.43,132.88,121.68,8907300
07 Dec 2022,131.31,133.08,130.33,131.50,120.42,11739400
06 Dec 2022,133.39,135.11,129.87,131.59,120.50,13966700
05 Dec 2022,134.24,134.57,130.60,131.37,120.30,10154500
02 Dec 2022,134.49,135.35,133.34,135.16,123.77,8931900
01 Dec 2022,138.18,138.66,135.43,136.24,124.76,8858500
30 Nov 2022,136.09,138.18,133.19,138.18,126.54,14761200
29 Nov 2022,134.66,136.64,134.41,136.56,125.05,7925300
28 Nov 2022,136.07,136.71,134.19,134.35,123.03,9906900
25 Nov 2022,136.48,137.14,136.06,136.74,125.22,3220500
23 Nov 2022,134.94,136.50,134.86,136.48,124.98,7316200
22 Nov 2022,134.00,135.27,133.69,135.04,123.66,9185700
21 Nov 2022,133.74,134.56,132.75,133.05,121.84,7800500
18 Nov 2022,134.57,134.67,132.28,133.84,122.56,9468500
17 Nov 2022,132.00,132.89,131.28,132.54,121.37,8820200
16 Nov 2022,133.00,133.56,132.03,133.12,121.90,7893400
15 Nov 2022,134.68,135.71,131.60,132.94,121.74,14038300
14 Nov 2022,134.80,135.73,133.91,133.91,122.63,11085600
11 Nov 2022,135.19,136.17,133.78,135.30,123.90,10704700
10 Nov 2022,132.63,135.25,132.53,135.08,123.70,16351600
09 Nov 2022,131.32,131.43,129.22,129.74,118.81,9494000
08 Nov 2022,131.24,132.06,130.14,131.45,120.37,9884100
07 Nov 2022,131.00,132.29,130.48,131.37,120.30,12011200
04 Nov 2022,129.49,130.83,128.46,130.68,119.67,14953200
03 Nov 2022,126.31,128.18,125.91,127.20,116.48,12474400
02 Nov 2022,127.65,130.36,126.64,126.97,116.27,16546100
01 Nov 2022,126.87,128.28,126.33,128.15,117.35,13386900
31 Oct 2022,125.70,127.43,125.59,125.88,115.27,13295200
28 Oct 2022,125.29,126.28,124.05,126.08,115.46,11859500
27 Oct 2022,125.20,126.20,124.21,124.60,114.10,10727600
26 Oct 2022,123.00,125.20,122.88,124.11,113.65,11667000
25 Oct 2022,121.85,123.27,120.89,122.70,112.36,11289100
24 Oct 2022,122.07,123.10,121.33,122.38,112.07,12624200
21 Oct 2022,116.46,122.39,116.33,122.23,111.93,20593300
20 Oct 2022,117.16,118.71,115.65,116.13,106.35,12207400
19 Oct 2022,117.99,118.83,115.67,116.51,106.69,17072000
18 Oct 2022,119.66,120.14,116.96,118.84,108.83,21539700
17 Oct 2022,115.41,117.01,114.32,115.86,106.10,22276300
14 Oct 2022,111.96,115.24,110.72,111.19,101.82,33387100
13 Oct 2022,101.98,109.90,101.76,109.37,100.15,22398700
12 Oct 2022,101.80,104.73,101.28,103.61,94.88,13181000
11 Oct 2022,104.37,104.54,101.85,101.96,93.37,12739700
10 Oct 2022,106.73,107.31,104.52,104.99,96.14,8931700
07 Oct 2022,107.52,107.71,105.27,105.98,97.05,11681100
06 Oct 2022,109.46,110.19,107.94,108.14,99.03,11521400
05 Oct 2022,109.75,110.95,108.83,110.39,101.09,10943500
04 Oct 2022,110.61,112.99,109.86,112.77,102.35,16013600
03 Oct 2022,105.62,108.36,104.46,107.73,97.78,12248100
30 Sep 2022,106.06,107.62,104.40,104.50,94.85,15973400
29 Sep 2022,106.95,107.28,104.40,106.16,96.35,12713900
28 Sep 2022,105.95,108.73,105.64,107.99,98.01,12762600
27 Sep 2022,107.75,108.17,104.65,105.85,96.07,12793600
26 Sep 2022,108.00,109.61,106.06,106.79,96.93,15753600
23 Sep 2022,110.05,110.34,107.16,109.14,99.06,18138600
22 Sep 2022,113.38,113.60,111.07,111.21,100.94,11684500
21 Sep 2022,116.54,116.60,112.42,112.49,102.10,12606300
20 Sep 2022,117.41,117.69,114.64,115.83,105.13,9619000
19 Sep 2022,116.00,118.73,115.51,118.16,107.24,8201300
16 Sep 2022,117.39,117.40,115.37,117.08,106.26,14844100
15 Sep 2022,116.12,119.38,115.76,117.87,106.98,10821400
14 Sep 2022,116.70,117.84,114.88,116.12,105.39,9345700
13 Sep 2022,118.07,118.92,115.78,116.39,105.64,12904600
12 Sep 2022,120.62,121.55,119.79,120.58,109.44,8614600
09 Sep 2022,119.14,120.05,118.67,119.17,108.16,9299700
08 Sep 2022,115.28,118.79,114.63,118.60,107.64,11435000
07 Sep 2022,113.13,116.11,112.76,115.90,105.19,10647900
06 Sep 2022,114.33,114.75,112.07,113.74,103.23,9751900
02 Sep 2022,115.87,117.45,113.19,113.71,103.21,10666600
01 Sep 2022,113.29,114.63,111.91,114.51,103.93,9979800
31 Aug 2022,114.48,115.03,113.34,113.73,103.22,10738300
30 Aug 2022,115.00,115.58,113.36,114.41,103.84,10745400
29 Aug 2022,114.00,114.86,113.46,114.39,103.82,8117300
26 Aug 2022,119.46,119.99,114.60,114.67,104.08,11276200
25 Aug 2022,116.16,118.74,115.68,118.55,107.60,10758900
24 Aug 2022,115.29,116.41,114.45,115.80,105.10,9771300
23 Aug 2022,116.69,117.29,115.38,115.52,104.85,7607000
22 Aug 2022,116.75,117.16,115.50,116.67,105.89,8967600
19 Aug 2022,120.62,120.99,118.11,118.63,107.67,13464500
18 Aug 2022,122.24,122.47,120.55,121.64,110.40,9531800
17 Aug 2022,122.30,123.16,121.69,122.59,111.27,8149300
16 Aug 2022,122.29,124.24,121.87,123.63,112.21,9555000
15 Aug 2022,121.14,122.72,120.60,122.46,111.15,8456200
12 Aug 2022,120.67,122.25,119.44,122.13,110.85,9906700
11 Aug 2022,119.90,121.20,119.31,120.14,109.04,11684900
10 Aug 2022,117.96,119.37,117.50,118.39,107.45,12847300
09 Aug 2022,114.75,115.99,114.37,115.38,104.72,10233800
08 Aug 2022,116.25,116.70,114.18,114.35,103.79,10332500
05 Aug 2022,112.53,116.19,112.05,115.76,105.07,14174600
04 Aug 2022,112.85,113.32,111.02,112.36,101.98,18033900
03 Aug 2022,113.45,114.10,111.71,113.61,103.12,14394500
02 Aug 2022,113.92,114.40,112.27,112.43,102.04,14942900
01 Aug 2022,114.50,115.11,113.07,114.21,103.66,14740400
29 Jul 2022,115.59,116.50,114.79,115.36,104.70,12944500
28 Jul 2022,115.25,115.98,113.53,114.81,104.20,10384800
27 Jul 2022,114.01,115.74,113.30,115.24,104.59,9337400
26 Jul 2022,114.58,115.58,113.03,113.42,102.94,10675100
25 Jul 2022,115.84,116.46,114.77,115.22,104.58,9394000
22 Jul 2022,115.24,116.25,113.67,114.76,104.16,7645500
21 Jul 2022,114.44,115.53,113.37,115.32,104.67,11595900
20 Jul 2022,114.10,114.74,113.48,114.54,103.96,11667500
19 Jul 2022,113.13,114.94,112.67,114.56,103.98,11862300
18 Jul 2022,114.77,115.84,111.29,111.79,101.46,13977900
15 Jul 2022,109.16,113.88,107.67,112.95,102.52,18863900
14 Jul 2022,107.99,108.23,106.06,108.00,98.02,26204800
13 Jul 2022,111.75,112.48,110.38,111.91,101.57,12979900
12 Jul 2022,112.58,115.18,112.26,112.97,102.53,11250900
11 Jul 2022,113.55,114.23,112.22,112.86,102.43,7939500
08 Jul 2022,115.16,115.65,113.61,114.36,103.80,8807800
07 Jul 2022,113.50,114.90,113.40,114.72,104.12,10347400
06 Jul 2022,111.73,112.99,110.79,111.89,101.55,10656200
05 Jul 2022,110.77,112.71,109.30,112.62,102.22,12514200
01 Jul 2022,112.65,114.42,111.16,114.05,102.61,10573600
30 Jun 2022,113.17,114.08,110.93,112.61,101.31,15172600
29 Jun 2022,116.00,116.82,114.73,115.30,103.73,9338400
28 Jun 2022,117.67,119.29,115.60,115.82,104.20,11590900
27 Jun 2022,118.06,118.50,115.64,116.38,104.70,11280500
24 Jun 2022,113.23,117.82,112.83,117.32,105.55,14841100
23 Jun 2022,115.01,115.18,111.48,113.92,102.49,11851500
22 Jun 2022,114.88,116.20,114.39,115.18,103.62,9842700
21 Jun 2022,115.87,117.03,115.04,115.83,104.21,11680500
17 Jun 2022,113.54,114.63,112.16,113.03,101.69,30919900
16 Jun 2022,113.86,114.26,111.87,113.43,102.05,16724900
15 Jun 2022,115.62,116.95,113.17,115.41,103.83,14083500
14 Jun 2022,115.55,117.32,113.22,114.06,102.62,13357900
13 Jun 2022,116.86,117.95,115.06,115.99,104.35,16805600
10 Jun 2022,122.59,123.40,119.32,119.55,107.55,12945200
09 Jun 2022,127.37,128.10,125.27,125.31,112.74,13560100
08 Jun 2022,129.00,129.45,126.90,128.00,115.16,8422100
07 Jun 2022,128.83,130.32,128.62,130.07,117.02,6722200
06 Jun 2022,131.09,132.39,129.46,129.73,116.71,11323500
03 Jun 2022,131.21,131.77,129.99,130.16,117.10,8596000
02 Jun 2022,129.90,132.01,128.67,132.00,118.76,8374800
01 Jun 2022,132.87,132.87,128.67,129.91,116.88,10768000
31 May 2022,130.18,133.15,129.71,132.23,118.96,17015000
27 May 2022,130.16,131.27,129.14,131.27,118.10,11177800
26 May 2022,128.37,130.19,128.21,129.44,116.45,15990900
25 May 2022,126.28,127.86,125.17,127.24,114.47,12780400
24 May 2022,124.36,127.49,123.11,126.36,113.68,19324900
23 May 2022,120.46,126.57,120.45,124.60,112.10,24376700
20 May 2022,119.46,119.67,115.02,117.34,105.57,13150100
19 May 2022,118.19,119.65,117.63,118.31,106.44,12765800
18 May 2022,121.30,121.97,119.53,120.09,108.04,12664900
17 May 2022,121.04,122.97,120.81,122.18,109.92,11160200
16 May 2022,118.54,119.46,117.23,118.26,106.39,10269000
13 May 2022,119.41,120.25,117.96,119.09,107.14,10443200
12 May 2022,117.00,118.32,115.37,118.04,106.20,16318800
11 May 2022,119.30,122.89,117.94,118.14,106.29,14630300
10 May 2022,123.11,123.78,117.56,118.89,106.96,16382400
09 May 2022,122.11,123.33,120.50,121.86,109.63,14312300
06 May 2022,123.80,124.29,121.18,123.72,111.31,14417900
05 May 2022,125.25,126.10,122.16,123.92,111.49,15055400
04 May 2022,122.80,127.40,122.74,127.10,114.35,17128500
03 May 2022,121.53,124.17,120.78,123.03,110.69,15720900
02 May 2022,119.88,120.71,118.22,120.45,108.36,18545000
29 Apr 2022,123.05,123.61,118.90,119.36,107.38,14874800
28 Apr 2022,122.81,123.65,121.14,123.34,110.96,13015600
27 Apr 2022,122.33,123.56,121.22,121.42,109.24,17215200
26 Apr 2022,124.64,126.41,122.87,123.02,110.68,17209500
25 Apr 2022,126.01,127.12,123.11,126.77,114.05,17149000
22 Apr 2022,130.28,130.52,126.69,126.81,114.09,14318800
21 Apr 2022,132.22,132.81,129.96,130.56,117.46,12174200
20 Apr 2022,132.52,133.51,131.34,131.58,118.38,13430200
19 Apr 2022,128.45,131.32,128.23,131.12,117.96,15015400
18 Apr 2022,125.67,129.24,125.54,128.46,115.57,11834400
14 Apr 2022,126.50,128.30,125.02,126.12,113.47,18835200
13 Apr 2022,126.94,129.25,126.01,127.30,114.53,30838000
12 Apr 2022,132.14,134.58,130.70,131.54,118.34,12989900
11 Apr 2022,133.00,134.90,132.57,133.00,119.66,10466400
08 Apr 2022,131.67,133.90,131.49,133.49,120.10,13126900
07 Apr 2022,130.95,131.92,128.73,131.09,117.94,12994200
06 Apr 2022,131.58,132.56,130.96,131.49,118.30,12914700
05 Apr 2022,134.07,135.40,133.01,133.34,119.96,12110300
04 Apr 2022,134.12,136.94,132.89,135.91,121.37,17416400
01 Apr 2022,137.40,137.41,133.80,135.31,120.84,15721300
31 Mar 2022,139.83,140.35,136.26,136.32,121.74,17353900
30 Mar 2022,141.90,142.12,139.91,140.54,125.51,8771000
29 Mar 2022,143.35,143.60,140.24,141.18,126.08,11316500
28 Mar 2022,140.00,140.97,137.90,140.87,125.80,10818100
25 Mar 2022,141.09,143.18,140.80,141.92,126.74,8383500
24 Mar 2022,140.30,140.71,139.11,140.69,125.64,10017600
23 Mar 2022,140.98,141.59,139.20,139.78,124.83,12093200
22 Mar 2022,142.27,143.93,141.72,142.62,127.37,13548600
21 Mar 2022,140.35,140.76,138.73,139.65,124.71,12676100
18 Mar 2022,140.19,140.85,138.46,140.10,125.12,23656500
17 Mar 2022,136.86,140.19,135.92,140.15,125.16,17050500
16 Mar 2022,134.87,138.49,134.43,138.40,123.60,20354900
15 Mar 2022,131.80,133.55,131.13,132.48,118.31,15096600
14 Mar 2022,129.46,132.92,129.23,130.17,116.25,15786900
11 Mar 2022,132.49,134.08,128.42,128.89,115.10,20061800
10 Mar 2022,131.86,133.45,130.32,131.86,117.76,15604200
09 Mar 2022,132.90,135.24,132.44,133.44,119.17,17536200
08 Mar 2022,129.64,131.79,127.27,128.30,114.58,19207800
07 Mar 2022,132.17,132.69,128.95,129.21,115.39,27560100
04 Mar 2022,134.94,135.42,132.40,134.40,120.03,21016000
03 Mar 2022,139.84,140.98,137.06,138.29,123.50,16640800
02 Mar 2022,137.29,140.04,136.61,139.28,124.38,19405600
01 Mar 2022,140.04,140.48,133.58,136.45,121.86,36840400
28 Feb 2022,143.55,145.06,140.88,141.80,126.63,31315300
25 Feb 2022,145.25,150.13,144.91,147.97,132.14,18367700
24 Feb 2022,142.94,144.99,139.78,144.55,129.09,25655100
23 Feb 2022,153.12,153.30,147.97,148.69,132.79,11799000
22 Feb 2022,150.60,153.24,150.41,151.87,135.63,11333500
18 Feb 2022,152.13,154.14,151.13,152.14,135.87,11733300
17 Feb 2022,153.00,153.73,150.67,151.43,135.23,11367500
16 Feb 2022,153.74,156.10,153.74,155.00,138.42,9076500
15 Feb 2022,154.51,155.94,153.85,154.72,138.17,9500000
14 Feb 2022,152.73,153.68,150.32,152.49,136.18,17026500
11 Feb 2022,155.61,158.19,152.97,153.92,137.46,16830000
10 Feb 2022,156.66,159.03,155.22,155.95,139.27,16455600
09 Feb 2022,156.59,157.43,155.82,156.60,139.85,9131100
08 Feb 2022,155.00,158.48,154.80,155.95,139.27,20411400
07 Feb 2022,153.27,153.62,150.85,153.07,136.70,12572300
04 Feb 2022,149.10,153.50,148.77,152.56,136.24,16654400
03 Feb 2022,150.00,151.65,148.29,148.70,132.80,12474900
02 Feb 2022,150.50,150.94,148.07,149.94,133.90,12441100
01 Feb 2022,148.69,151.47,148.30,151.15,134.98,14584900
31 Jan 2022,145.64,148.79,144.67,148.60,132.71,13985700
28 Jan 2022,144.19,146.76,142.17,146.61,130.93,14117000
27 Jan 2022,149.42,150.38,144.13,145.31,129.77,17536800
26 Jan 2022,148.72,150.57,145.96,147.92,132.10,20709100
25 Jan 2022,143.65,146.85,140.79,146.53,130.86,18915900
24 Jan 2022,142.28,145.48,139.57,144.95,129.45,28471400
21 Jan 2022,147.50,147.51,144.27,145.08,129.56,20705400
20 Jan 2022,148.99,150.61,147.36,147.66,131.87,14860800
19 Jan 2022,151.57,152.23,148.55,148.93,133.00,22380000
18 Jan 2022,155.78,155.78,150.54,151.27,135.09,32324800
14 Jan 2022,160.76,161.03,156.90,157.89,141.00,40158400
13 Jan 2022,168.34,169.81,167.89,168.23,150.24,13623400
12 Jan 2022,168.46,169.59,167.18,168.44,150.42,12568000
11 Jan 2022,168.26,168.52,166.31,167.49,149.58,11854100
10 Jan 2022,169.07,169.31,165.53,167.32,149.42,12922500
07 Jan 2022,165.67,167.53,165.06,167.16,149.28,13913300
06 Jan 2022,166.91,167.37,163.87,165.52,147.82,14047500
05 Jan 2022,167.82,168.36,163.73,163.78,146.26,17539400
04 Jan 2022,164.31,168.58,164.23,167.83,148.99,20195800
03 Jan 2022,159.86,162.64,159.51,161.70,143.54,13120900
31 Dec 2021,158.45,159.29,157.96,158.35,140.57,5805900
30 Dec 2021,159.11,160.24,158.37,158.48,140.69,6948200
29 Dec 2021,158.85,159.63,158.15,158.56,140.76,6398900
28 Dec 2021,158.20,160.15,158.08,158.64,140.83,6342300
27 Dec 2021,157.60,158.20,156.34,158.16,140.40,6188100
23 Dec 2021,157.61,159.12,157.21,157.26,139.60,8055200
22 Dec 2021,155.75,157.06,155.24,156.70,139.11,7273000
21 Dec 2021,155.41,157.18,155.09,156.09,138.56,11291300
20 Dec 2021,154.51,154.70,151.84,153.94,136.66,15148000
17 Dec 2021,159.32,159.38,155.18,156.76,139.16,28082000
16 Dec 2021,160.39,161.82,158.70,160.41,142.40,19542800
15 Dec 2021,159.85,159.85,157.35,157.94,140.21,14014200
14 Dec 2021,157.45,160.89,157.30,159.13,141.26,12563600
13 Dec 2021,159.50,159.79,157.28,157.92,140.19,12069000
10 Dec 2021,161.32,161.70,159.13,159.82,141.88,10405400
09 Dec 2021,159.65,160.93,158.65,160.46,142.44,11189600
08 Dec 2021,162.66,163.27,160.17,160.71,142.67,11705700
07 Dec 2021,161.88,163.39,161.16,162.57,144.32,9851600
06 Dec 2021,161.01,162.61,159.46,160.16,142.18,11186500
03 Dec 2021,161.50,161.83,157.19,158.29,140.52,12681800
02 Dec 2021,159.83,163.25,158.80,161.21,143.11,12969900
01 Dec 2021,161.00,163.27,157.80,157.89,140.16,12253400
30 Nov 2021,159.16,160.63,158.29,158.83,141.00,18922600
29 Nov 2021,163.31,164.78,159.82,161.23,143.13,12104400
26 Nov 2021,162.14,162.65,158.82,161.93,143.75,13619300
24 Nov 2021,168.46,169.44,166.44,166.96,148.21,9629800
23 Nov 2021,165.50,168.56,165.37,168.28,149.39,12354400
22 Nov 2021,164.16,165.98,162.99,164.35,145.90,14549900
19 Nov 2021,161.30,162.11,159.45,160.92,142.85,12193600
18 Nov 2021,164.39,164.85,162.56,163.05,144.74,8122500
17 Nov 2021,165.21,165.56,163.39,164.47,146.00,9909600
16 Nov 2021,167.06,167.07,165.12,165.36,146.79,9706100
15 Nov 2021,167.21,167.79,166.00,166.56,147.86,6492500
12 Nov 2021,167.65,167.74,165.72,166.86,148.13,8113400
11 Nov 2021,167.52,168.68,166.90,167.61,148.79,5815300
10 Nov 2021,167.45,168.95,167.09,167.62,148.80,6999200
09 Nov 2021,167.35,168.47,166.60,167.78,148.94,7990300
08 Nov 2021,169.05,170.92,168.74,169.06,150.08,6413700
05 Nov 2021,168.90,170.09,167.41,168.05,149.18,7975600
04 Nov 2021,170.00,170.20,166.49,168.29,149.39,9574200
03 Nov 2021,170.13,171.13,169.15,170.53,151.38,8402700
02 Nov 2021,169.80,171.69,168.92,170.47,151.33,7173800
01 Nov 2021,172.04,172.33,169.01,169.80,150.74,7435500
29 Oct 2021,171.18,172.24,169.39,169.89,150.82,8140100
28 Oct 2021,168.30,170.51,167.96,170.36,151.23,7212900
27 Oct 2021,170.32,170.70,167.34,167.83,148.99,9847000
26 Oct 2021,171.00,172.49,170.54,171.40,152.16,8015100
25 Oct 2021,172.71,172.96,170.48,170.94,151.75,10159200
22 Oct 2021,170.03,172.09,169.70,171.78,152.49,8817900
21 Oct 2021,170.76,171.33,168.68,169.50,150.47,8415200
20 Oct 2021,168.30,170.87,167.46,170.84,151.66,8185600
19 Oct 2021,167.40,168.65,166.58,168.57,149.64,8053900
18 Oct 2021,166.48,168.61,165.91,166.55,147.85,12672900
15 Oct 2021,165.35,167.17,164.14,166.61,147.90,14267400
14 Oct 2021,161.75,164.01,160.06,163.47,145.12,15176800
13 Oct 2021,164.07,165.41,160.60,161.00,142.92,22753500
12 Oct 2021,165.75,166.69,164.77,165.36,146.79,13032600
11 Oct 2021,170.80,171.29,166.46,166.64,147.93,12154700
08 Oct 2021,170.02,171.34,169.30,170.22,151.11,8190100
07 Oct 2021,171.20,171.51,169.54,170.09,150.99,10195400
06 Oct 2021,167.99,169.10,166.00,169.02,150.04,8692600
05 Oct 2021,167.21,170.14,166.67,168.66,149.72,12292900
04 Oct 2021,166.97,170.44,165.73,166.95,147.32,14120000
01 Oct 2021,164.00,168.30,163.60,167.13,147.48,11285000
30 Sep 2021,166.92,166.99,162.79,163.69,144.44,13161200
29 Sep 2021,166.21,166.90,165.04,165.95,146.44,7777100
28 Sep 2021,167.70,169.30,165.66,166.08,146.55,13387900
27 Sep 2021,165.00,167.40,164.61,166.98,147.34,13220900
24 Sep 2021,161.44,163.59,160.82,163.04,143.87,10102400
23 Sep 2021,158.00,161.71,157.67,161.18,142.23,12336100
22 Sep 2021,155.20,157.25,155.10,155.91,137.58,11236200
21 Sep 2021,153.53,154.55,152.58,152.98,134.99,8999900
20 Sep 2021,153.89,154.56,150.49,152.96,134.97,15819900
17 Sep 2021,157.38,159.01,157.00,157.68,139.14,25581600
16 Sep 2021,159.41,160.85,157.22,158.09,139.50,10880900
15 Sep 2021,156.72,158.69,156.47,158.16,139.56,11691500
14 Sep 2021,160.45,161.34,156.26,157.07,138.60,11685600
13 Sep 2021,158.53,160.05,158.07,159.86,141.06,10052800
10 Sep 2021,160.56,160.72,157.22,157.36,138.86,8311600
09 Sep 2021,158.27,160.83,158.08,159.19,140.47,7904300
08 Sep 2021,158.89,159.58,158.04,158.50,139.86,7852700
07 Sep 2021,159.99,161.38,158.96,159.21,140.49,9285600
03 Sep 2021,160.39,160.89,159.15,159.49,140.74,7959700
02 Sep 2021,160.02,161.61,159.43,160.46,141.59,8813300
01 Sep 2021,160.22,160.76,158.97,159.72,140.94,8729900
31 Aug 2021,160.44,161.37,159.35,159.95,141.14,12340800
30 Aug 2021,163.21,163.49,159.88,160.44,141.57,7937600
27 Aug 2021,161.75,163.16,161.26,163.05,143.88,8780200
26 Aug 2021,162.26,163.83,161.15,161.75,142.73,11027500
25 Aug 2021,158.51,161.78,157.80,160.92,142.00,11335000
24 Aug 2021,157.00,158.55,156.87,157.67,139.13,7670900
23 Aug 2021,155.33,157.09,155.24,156.70,138.27,7934600
20 Aug 2021,154.35,154.90,153.16,154.72,136.53,6974100
19 Aug 2021,153.16,155.56,153.01,154.28,136.14,9517700
18 Aug 2021,156.31,158.01,155.34,155.58,137.28,8065500
17 Aug 2021,157.57,158.86,155.27,157.01,138.55,9347200
16 Aug 2021,158.94,159.03,156.78,158.93,140.24,8755800
13 Aug 2021,161.79,162.16,159.57,159.98,141.17,8980900
12 Aug 2021,161.88,162.37,160.55,161.79,142.76,8844200
11 Aug 2021,160.00,161.50,159.08,161.16,142.21,9156500
10 Aug 2021,156.74,159.98,156.31,159.26,140.53,8667000
09 Aug 2021,157.52,158.55,155.90,157.33,138.83,9516900
06 Aug 2021,155.19,157.82,155.11,157.50,138.98,13328800
05 Aug 2021,152.28,153.69,152.01,153.15,135.14,9151500
04 Aug 2021,151.25,153.37,150.91,151.24,133.46,10155000
03 Aug 2021,151.95,153.32,149.52,152.89,134.91,10394800
02 Aug 2021,152.03,154.45,151.07,151.17,133.39,10203200
30 Jul 2021,152.58,153.67,151.20,151.78,133.93,9805200
29 Jul 2021,153.14,153.87,151.91,153.00,135.01,9063500
28 Jul 2021,152.29,152.77,150.88,151.70,133.86,9217300
27 Jul 2021,150.40,152.49,149.80,151.45,133.64,11218700
26 Jul 2021,150.19,151.96,150.17,151.65,133.82,8208000
23 Jul 2021,151.48,152.84,150.25,150.64,132.93,9666100
22 Jul 2021,152.88,153.44,149.97,150.93,133.18,9913300
21 Jul 2021,152.05,153.65,151.36,152.86,134.88,12356700
20 Jul 2021,146.52,151.12,146.33,149.71,132.11,15385200
19 Jul 2021,148.55,149.82,145.71,146.97,129.69,22172900
16 Jul 2021,155.96,156.28,151.02,151.91,134.05,14002700
15 Jul 2021,153.90,156.53,153.70,155.46,137.18,11539300
14 Jul 2021,155.95,157.28,152.95,155.12,136.88,14622800
13 Jul 2021,156.05,157.39,153.50,155.65,137.35,22671700
12 Jul 2021,154.35,159.16,153.94,158.00,139.42,19940400
09 Jul 2021,153.05,156.15,152.58,155.77,137.45,13694500
08 Jul 2021,151.61,152.53,150.04,150.94,133.19,17834600
07 Jul 2021,152.01,154.28,151.55,153.59,135.53,12271800
06 Jul 2021,155.78,155.78,152.35,153.41,135.37,15083400
02 Jul 2021,155.95,156.32,155.12,156.03,137.68,11424000
01 Jul 2021,156.26,157.14,155.42,157.08,137.81,10479400
30 Jun 2021,153.75,156.08,153.71,155.54,136.46,12531000
29 Jun 2021,155.00,156.31,153.61,154.14,135.23,14528700
28 Jun 2021,153.70,154.48,152.12,154.33,135.40,14125800
25 Jun 2021,152.59,154.50,151.67,154.05,135.16,15484900
24 Jun 2021,151.92,153.12,151.22,152.51,133.80,13733200
23 Jun 2021,150.20,152.04,150.09,151.12,132.59,12733300
22 Jun 2021,150.60,150.97,148.66,150.21,131.79,14251200
21 Jun 2021,149.08,151.20,149.02,150.43,131.98,18664800
18 Jun 2021,149.30,149.70,147.56,147.92,129.78,43595700
17 Jun 2021,157.10,157.46,151.25,151.76,133.15,29722400
16 Jun 2021,154.73,157.62,153.11,156.27,137.10,25321200
15 Jun 2021,156.70,156.92,154.13,155.18,136.15,24485500
14 Jun 2021,160.15,160.33,156.66,157.57,138.24,19917900
11 Jun 2021,160.43,161.20,159.06,160.29,140.63,13683800
10 Jun 2021,164.36,165.24,160.31,160.40,140.73,12119400
09 Jun 2021,164.14,164.22,162.28,162.94,142.96,12377400
08 Jun 2021,164.49,165.76,163.16,165.00,144.76,10370700
07 Jun 2021,167.00,167.10,165.14,165.66,145.34,7267200
04 Jun 2021,166.21,166.67,165.03,166.44,146.03,8510800
03 Jun 2021,165.41,167.25,164.66,166.17,145.79,13354400
02 Jun 2021,167.26,167.44,165.53,166.06,145.69,10498600
01 Jun 2021,165.87,166.91,165.48,166.05,145.68,9445400
28 May 2021,164.68,164.94,163.26,164.24,144.10,10291300
27 May 2021,163.95,164.75,162.57,164.35,144.19,15707500
26 May 2021,163.57,163.74,161.31,161.83,141.98,13058300
25 May 2021,163.85,165.70,161.56,161.85,142.00,12609100
24 May 2021,163.36,164.23,162.12,163.54,143.48,9440300
21 May 2021,161.34,163.22,160.94,162.66,142.71,10249000
20 May 2021,160.83,161.86,159.52,160.83,141.10,10426000
19 May 2021,161.00,161.18,158.64,161.11,141.35,13278900
18 May 2021,164.68,165.50,162.24,162.35,142.44,11098100
17 May 2021,163.37,164.85,163.03,164.67,144.47,9886800
14 May 2021,162.39,164.45,161.99,164.01,143.89,10584000
13 May 2021,158.18,162.45,157.68,161.50,141.69,15395000
12 May 2021,159.61,160.78,157.03,157.45,138.14,14381700
11 May 2021,161.08,162.39,158.04,158.54,139.10,15451700
10 May 2021,161.50,163.73,161.12,161.22,141.45,14014300
07 May 2021,157.22,161.50,157.02,161.24,141.46,14257800
06 May 2021,158.07,160.82,157.16,160.69,140.98,13542400
05 May 2021,156.00,158.28,154.63,157.52,138.20,10506700
04 May 2021,152.87,155.64,152.14,155.48,136.41,12977700
03 May 2021,154.85,155.48,153.13,153.36,134.55,11801100
30 Apr 2021,154.10,154.49,153.01,153.81,134.95,11705100
29 Apr 2021,153.54,155.28,153.20,155.19,136.16,12976900
28 Apr 2021,152.43,152.89,151.40,152.23,133.56,8943700
27 Apr 2021,150.50,151.57,150.11,151.25,132.70,12821200
26 Apr 2021,150.78,152.46,150.38,150.56,132.09,10799100
23 Apr 2021,147.18,151.13,146.69,150.19,131.77,14041900
22 Apr 2021,150.23,150.30,147.26,147.37,129.30,15256100
21 Apr 2021,147.79,150.61,146.79,150.54,132.08,12236700
20 Apr 2021,151.74,151.75,148.65,149.27,130.96,13716700
19 Apr 2021,153.42,153.88,152.22,152.65,133.93,11900200
16 Apr 2021,153.87,154.51,152.69,153.30,134.50,13773400
15 Apr 2021,151.25,152.20,149.32,152.17,133.51,17694100
14 Apr 2021,151.47,153.83,150.93,151.21,132.66,19939600
13 Apr 2021,154.75,155.20,152.43,154.09,135.19,16113600
12 Apr 2021,155.58,157.25,155.57,155.95,136.82,12273400
09 Apr 2021,155.81,157.04,154.97,156.28,137.11,12122400
08 Apr 2021,154.00,155.51,152.31,155.12,136.09,12335500
07 Apr 2021,153.10,155.23,152.65,154.93,135.93,16903500
06 Apr 2021,152.79,154.28,151.86,152.54,133.83,13071600
05 Apr 2021,154.40,154.94,152.60,153.62,134.78,13508000
01 Apr 2021,151.90,153.79,151.55,153.71,134.07,16561500
31 Mar 2021,153.28,154.49,152.12,152.23,132.78,16736700
30 Mar 2021,154.46,155.87,153.88,154.48,134.74,13184300
29 Mar 2021,152.12,153.73,151.04,152.68,133.17,17570300
26 Mar 2021,154.30,155.45,152.55,155.09,135.27,16754400
25 Mar 2021,150.00,152.97,149.33,152.55,133.06,15608300
24 Mar 2021,150.00,153.18,149.86,150.62,131.37,13079800
23 Mar 2021,150.33,152.12,148.96,149.46,130.36,17076300
22 Mar 2021,152.80,153.97,150.61,150.97,131.68,19944800
19 Mar 2021,155.51,155.94,151.19,155.14,135.32,54418800
18 Mar 2021,157.60,161.69,157.11,157.65,137.50,21898500
17 Mar 2021,155.34,156.88,153.05,155.09,135.27,13952400
16 Mar 2021,154.09,154.60,152.19,153.51,133.89,12805600
15 Mar 2021,156.35,156.92,153.96,155.37,135.52,12101100
12 Mar 2021,156.86,157.63,155.07,156.15,136.20,12849500
11 Mar 2021,154.11,156.15,153.36,154.32,134.60,11771500
10 Mar 2021,151.91,156.16,151.51,155.13,135.31,14342200
09 Mar 2021,151.50,154.25,149.82,151.83,132.43,16238800
08 Mar 2021,152.47,155.46,150.75,152.91,133.37,17133300
05 Mar 2021,153.22,153.49,147.97,150.91,131.63,18465100
04 Mar 2021,152.61,154.38,148.62,150.56,131.32,20093900
03 Mar 2021,151.23,154.98,150.82,152.91,133.37,14324100
02 Mar 2021,150.08,151.78,149.84,150.01,130.84,14221700
01 Mar 2021,149.52,151.38,148.48,150.50,131.27,14845500
26 Feb 2021,150.30,150.87,146.51,147.17,128.36,19829200
25 Feb 2021,154.27,154.90,150.59,151.18,131.86,18127700
24 Feb 2021,150.11,153.76,150.11,153.26,133.68,15061400
23 Feb 2021,151.51,152.31,149.59,150.61,131.36,16234400
22 Feb 2021,146.87,150.19,146.79,149.41,130.32,11488400
19 Feb 2021,145.86,148.84,145.86,148.02,129.11,11969800
18 Feb 2021,144.00,145.79,143.40,145.59,126.99,10587800
17 Feb 2021,143.95,145.38,143.12,145.10,126.56,10810100
16 Feb 2021,143.55,145.32,142.40,144.65,126.17,12130600
12 Feb 2021,139.05,141.61,139.00,141.25,123.20,8324600
11 Feb 2021,139.66,140.55,138.22,139.27,121.47,9201000
10 Feb 2021,140.00,140.87,139.04,139.66,121.81,10323200
09 Feb 2021,139.43,139.98,138.54,139.58,121.74,8614800
08 Feb 2021,138.20,140.30,138.18,140.14,122.23,10136400
05 Feb 2021,139.39,139.49,137.38,137.98,120.35,10051300
04 Feb 2021,135.47,138.66,135.47,138.25,120.58,12419500
03 Feb 2021,133.65,135.76,133.51,135.14,117.87,10600800
02 Feb 2021,131.94,134.39,131.22,133.61,116.54,12253600
01 Feb 2021,129.40,130.07,128.48,129.62,113.06,11080700
29 Jan 2021,131.19,131.72,128.19,128.67,112.23,14808100
28 Jan 2021,129.90,132.17,128.99,130.11,113.48,13761800
27 Jan 2021,129.59,129.85,127.35,127.86,111.52,17603900
26 Jan 2021,132.75,133.17,131.34,131.58,114.77,11307800
25 Jan 2021,132.14,133.17,130.06,132.12,115.24,14212800
22 Jan 2021,132.69,134.40,132.20,133.79,116.69,12933200
21 Jan 2021,135.69,136.16,134.32,134.83,117.60,13411700
20 Jan 2021,137.82,138.17,135.44,135.97,118.59,16028800
19 Jan 2021,139.86,140.70,137.82,138.04,120.40,19843800
15 Jan 2021,137.43,141.65,137.01,138.64,120.92,27881000
14 Jan 2021,140.49,142.75,140.00,141.17,123.13,18565600
13 Jan 2021,138.59,140.79,138.10,140.35,122.42,14816800
12 Jan 2021,139.44,141.66,138.83,140.22,122.30,18033500
11 Jan 2021,134.58,138.20,134.11,138.05,120.41,15937900
08 Jan 2021,135.97,136.35,134.12,136.02,118.64,12035100
07 Jan 2021,135.69,138.19,134.92,135.87,118.51,21940400
06 Jan 2021,129.88,132.77,127.88,131.55,114.74,24909100
05 Jan 2021,124.99,126.30,123.77,125.65,109.59,13731200
04 Jan 2021,127.50,127.86,124.78,125.87,109.00,16819900
31 Dec 2020,125.09,127.33,124.82,127.07,110.04,8580200
30 Dec 2020,125.49,125.85,124.90,125.36,108.56,7398000
29 Dec 2020,126.20,126.28,124.89,125.01,108.26,8389200
28 Dec 2020,125.82,126.65,124.79,125.34,108.54,8072600
24 Dec 2020,125.09,125.55,123.57,124.52,107.83,4164900
23 Dec 2020,122.78,126.52,122.35,125.07,108.31,14973200
22 Dec 2020,123.39,123.52,121.61,121.67,105.36,11788200
21 Dec 2020,123.17,125.00,121.09,123.55,106.99,28323600
18 Dec 2020,119.14,119.88,118.27,119.08,103.12,28954800
17 Dec 2020,121.26,121.45,119.58,119.67,103.63,11618000
16 Dec 2020,120.30,121.08,119.86,120.67,104.50,11169400
15 Dec 2020,119.29,120.90,118.62,120.32,104.19,12590200
14 Dec 2020,121.34,121.42,118.11,118.30,102.45,12112400
11 Dec 2020,118.94,120.02,118.37,119.56,103.54,9981600
10 Dec 2020,119.99,120.78,119.56,120.27,104.15,13668400
09 Dec 2020,123.17,123.30,120.44,121.05,104.83,13073900
08 Dec 2020,121.04,122.33,120.76,122.00,105.65,9592100
07 Dec 2020,121.15,122.17,120.21,121.88,105.55,9724300
04 Dec 2020,122.48,123.29,121.69,122.34,105.94,13583700
03 Dec 2020,121.85,121.89,120.36,121.24,104.99,12904400
02 Dec 2020,119.70,122.31,119.27,122.04,105.68,10811300
01 Dec 2020,120.34,121.58,119.63,119.74,103.69,12668900
30 Nov 2020,120.00,120.72,117.77,117.88,102.08,14411800
27 Nov 2020,122.00,122.35,121.08,121.22,104.97,5983600
25 Nov 2020,121.37,122.38,120.47,122.03,105.68,11715600
24 Nov 2020,120.07,123.50,119.71,123.32,106.79,20121600
23 Nov 2020,116.05,118.17,115.57,117.87,102.07,13209200
20 Nov 2020,114.43,115.65,114.09,114.57,99.21,12718900
19 Nov 2020,114.18,115.82,113.56,115.56,100.07,10202500
18 Nov 2020,117.34,118.61,115.20,115.25,99.80,12571200
17 Nov 2020,115.39,116.44,114.58,116.11,100.55,14553200
16 Nov 2020,117.79,118.61,115.73,117.30,101.58,19858600
13 Nov 2020,114.70,114.86,113.57,114.08,98.79,11847900
12 Nov 2020,112.53,113.96,112.06,113.37,98.18,22063000
11 Nov 2020,116.89,116.96,113.96,114.78,99.40,14443400
10 Nov 2020,117.35,117.45,114.69,116.52,100.90,20539300
09 Nov 2020,113.16,118.90,110.35,116.90,101.23,47792400
06 Nov 2020,105.03,105.10,102.39,102.96,89.16,12552800
05 Nov 2020,101.06,105.10,101.00,104.35,90.36,17837400
04 Nov 2020,101.00,102.07,98.93,100.25,86.81,18886500
03 Nov 2020,103.02,104.74,102.69,103.41,89.55,17482600
02 Nov 2020,99.39,100.88,97.86,100.25,86.81,15011600
30 Oct 2020,97.91,98.42,96.23,98.04,84.90,15194500
29 Oct 2020,96.12,97.98,95.24,97.17,84.15,14208800
28 Oct 2020,97.50,98.30,96.07,96.54,83.60,16389500
27 Oct 2020,100.51,100.92,99.16,99.33,86.02,10391700
26 Oct 2020,102.65,102.70,100.25,101.24,87.67,12410700
23 Oct 2020,103.50,104.45,102.93,103.81,89.90,15087600
22 Oct 2020,99.32,103.24,99.31,102.88,89.09,14837200
21 Oct 2020,100.36,100.99,99.33,99.37,86.05,10730500
20 Oct 2020,100.31,101.77,100.12,100.37,86.92,11257100
19 Oct 2020,101.60,101.87,99.56,99.80,86.42,11725700
16 Oct 2020,101.41,102.33,100.72,101.51,87.91,13275000
15 Oct 2020,99.10,101.78,99.04,101.72,88.09,17171200
14 Oct 2020,101.03,101.93,100.10,100.22,86.79,15204100
13 Oct 2020,103.00,103.22,100.26,100.78,87.27,21697300
12 Oct 2020,101.10,103.00,100.85,102.44,88.71,16058000
09 Oct 2020,102.00,102.11,100.11,101.20,87.64,13689100
08 Oct 2020,100.51,101.92,99.90,101.78,88.14,15659000
07 Oct 2020,98.96,100.35,98.67,99.73,86.36,16358500
06 Oct 2020,100.07,100.86,97.51,98.02,84.88,19220400
05 Oct 2020,98.32,99.25,97.53,99.04,85.77,13871900
02 Oct 2020,95.25,98.59,95.09,97.89,83.99,15149600
01 Oct 2020,97.12,97.77,96.03,96.97,83.20,15778700
30 Sep 2020,95.35,97.20,95.26,96.27,82.60,16400600
29 Sep 2020,96.03,96.03,94.33,95.35,81.81,12848200
28 Sep 2020,95.06,96.93,94.35,96.16,82.51,20894100
25 Sep 2020,92.05,93.72,91.87,93.47,80.20,13293100
24 Sep 2020,92.32,94.30,91.38,92.66,79.50,18366500
23 Sep 2020,94.78,95.35,92.66,92.74,79.57,19952700
22 Sep 2020,94.96,95.66,93.67,94.27,80.89,19257000
21 Sep 2020,95.20,96.05,93.82,95.31,81.78,28378800
18 Sep 2020,97.89,99.49,97.44,98.35,84.39,20121600
17 Sep 2020,98.70,99.34,97.71,98.56,84.57,18290100
16 Sep 2020,99.43,101.13,98.76,99.70,85.54,19270600
15 Sep 2020,102.73,102.85,99.14,99.28,85.18,23683000
14 Sep 2020,101.51,103.46,101.37,102.47,87.92,19017400
11 Sep 2020,99.97,101.36,99.59,101.07,86.72,13784300
10 Sep 2020,101.40,102.42,99.64,99.83,85.66,15922800
09 Sep 2020,100.80,101.69,99.56,100.87,86.55,13434000
08 Sep 2020,102.98,103.57,99.48,99.92,85.73,22108600
04 Sep 2020,104.05,105.21,101.37,103.52,88.82,26325500
03 Sep 2020,103.32,104.99,100.64,101.33,86.94,23281200
02 Sep 2020,99.95,101.94,99.56,101.65,87.22,14475700
01 Sep 2020,99.55,100.87,99.04,100.14,85.92,11595600
31 Aug 2020,102.12,102.18,100.02,100.19,85.96,14219400
28 Aug 2020,103.14,103.25,101.81,102.77,88.18,13756700
27 Aug 2020,99.00,102.65,99.00,102.35,87.82,22163900
26 Aug 2020,99.94,100.27,99.05,99.09,85.02,12052400
25 Aug 2020,101.27,101.98,99.80,100.50,86.23,13648900
24 Aug 2020,98.45,100.21,97.42,100.06,85.85,17898300
21 Aug 2020,97.27,98.57,96.94,97.32,83.50,12228300
20 Aug 2020,97.26,98.03,96.80,97.37,83.54,13672600
19 Aug 2020,98.92,100.59,98.34,98.55,84.56,13533000
18 Aug 2020,99.91,99.91,98.12,98.32,84.36,13246500
17 Aug 2020,101.50,102.00,99.53,99.71,85.55,14988000
14 Aug 2020,101.50,103.31,101.42,102.41,87.87,12134400
13 Aug 2020,102.00,103.36,101.64,102.37,87.84,13598600
12 Aug 2020,106.16,106.43,101.71,102.94,88.32,19240800
11 Aug 2020,103.86,106.16,103.51,103.82,89.08,31518600
10 Aug 2020,100.11,102.04,100.03,100.64,86.35,14989900
07 Aug 2020,96.93,99.49,96.56,99.38,85.27,14743700
06 Aug 2020,97.58,98.10,96.54,97.24,83.43,10482100
05 Aug 2020,95.87,98.47,95.72,97.21,83.41,15260900
04 Aug 2020,95.91,95.95,95.03,95.55,81.98,13366200
03 Aug 2020,97.02,97.57,95.85,96.10,82.46,12962800
31 Jul 2020,96.48,96.93,95.25,96.64,82.92,14535000
30 Jul 2020,97.54,97.74,96.05,97.02,83.24,14834800
29 Jul 2020,97.07,99.71,97.00,99.68,85.53,12743500
28 Jul 2020,96.50,97.89,96.50,97.32,83.50,11754300
27 Jul 2020,97.51,97.63,96.17,96.90,83.14,11959100
24 Jul 2020,99.60,99.80,97.94,98.28,84.33,12744200
23 Jul 2020,98.50,99.35,97.97,98.98,84.93,12870200
22 Jul 2020,99.65,100.13,97.53,98.69,84.68,14271200
21 Jul 2020,97.71,100.05,97.64,99.41,85.30,17798100
20 Jul 2020,97.43,98.39,97.26,97.30,83.48,14458100
17 Jul 2020,100.00,100.08,98.14,98.16,84.22,16137700
16 Jul 2020,98.78,101.22,98.55,100.01,85.81,16886900
15 Jul 2020,100.89,101.29,98.65,99.73,85.57,22508400
14 Jul 2020,98.37,99.95,96.64,98.21,84.27,42731700
13 Jul 2020,98.73,99.27,96.23,97.65,83.79,32079200
10 Jul 2020,92.00,96.84,91.87,96.27,82.60,28954200
09 Jul 2020,93.52,94.12,90.78,91.28,78.32,25600800
08 Jul 2020,92.29,93.34,91.80,93.30,80.05,18762200
07 Jul 2020,93.82,94.10,92.00,92.32,79.21,25757200
06 Jul 2020,94.43,95.20,93.48,95.00,81.51,18625300
02 Jul 2020,94.74,94.96,91.93,92.66,79.50,27845600
01 Jul 2020,94.89,95.71,93.03,93.26,79.25,18755700
30 Jun 2020,92.83,94.66,92.57,94.06,79.93,19137000
29 Jun 2020,93.40,94.49,92.18,93.00,79.03,18499700
26 Jun 2020,95.11,95.37,92.00,92.59,78.68,41896300
25 Jun 2020,94.35,98.21,94.26,97.96,83.24,25743600
24 Jun 2020,96.75,96.84,94.31,94.66,80.44,22919800
23 Jun 2020,98.97,99.97,97.85,97.93,83.21,15381400
22 Jun 2020,97.25,97.95,96.54,96.75,82.21,16216900
19 Jun 2020,100.53,100.60,96.73,97.81,83.11,40371200
18 Jun 2020,98.67,100.52,98.13,98.94,84.07,16591900
17 Jun 2020,102.53,102.54,99.21,99.48,84.53,15639800
16 Jun 2020,105.37,105.68,99.31,102.06,86.72,22193600
15 Jun 2020,96.42,101.43,95.87,101.25,86.04,22153600
12 Jun 2020,100.71,101.13,97.33,99.87,84.86,24856800
11 Jun 2020,100.03,101.58,96.54,97.21,82.60,36259200
10 Jun 2020,110.46,110.51,105.85,106.06,90.12,24913300
09 Jun 2020,110.65,111.63,109.01,110.54,93.93,17031100
08 Jun 2020,113.41,114.19,111.94,113.45,96.40,24881800
05 Jun 2020,114.93,115.77,109.53,111.23,94.52,42231000
04 Jun 2020,103.82,106.61,102.79,106.44,90.45,26784700
03 Jun 2020,101.58,104.92,101.06,104.27,88.60,25941100
02 Jun 2020,100.28,100.42,97.93,98.93,84.06,21195000
01 Jun 2020,97.75,99.51,97.38,98.60,83.78,15176800
29 May 2020,98.66,99.18,96.78,97.31,82.69,26526400
28 May 2020,102.94,102.95,99.40,99.86,84.85,24713900
27 May 2020,102.07,102.58,98.80,101.37,86.14,39402000
26 May 2020,92.89,97.50,92.61,95.82,81.42,41233900
22 May 2020,90.01,90.36,88.72,89.47,76.03,13557900
21 May 2020,90.27,91.76,89.67,90.17,76.62,14621400
20 May 2020,90.71,92.39,90.37,91.33,77.61,20552400
19 May 2020,90.05,91.20,88.59,88.67,75.35,19597300
18 May 2020,88.69,91.15,87.88,90.45,76.86,30504400
15 May 2020,86.85,87.28,85.30,85.90,72.99,26099000
14 May 2020,82.72,88.11,82.40,87.52,74.37,35152500
13 May 2020,86.38,86.86,83.40,84.03,71.40,35451600
12 May 2020,90.15,90.79,86.90,87.03,73.95,27962900
11 May 2020,91.11,91.11,89.33,89.97,76.45,31907600
08 May 2020,92.80,94.08,92.11,92.70,78.77,20487800
07 May 2020,91.34,92.91,90.58,91.21,77.50,16771900
06 May 2020,92.16,92.76,89.93,90.27,76.71,20978000
05 May 2020,93.65,94.21,91.90,92.00,78.18,18064100
04 May 2020,92.02,92.67,90.80,92.14,78.29,15725900
01 May 2020,93.50,93.74,91.84,93.25,79.24,18547700
30 Apr 2020,95.60,96.84,94.55,95.76,81.37,19127600
29 Apr 2020,99.08,99.45,97.27,97.86,83.16,20462600
28 Apr 2020,97.81,98.36,95.03,95.29,80.97,20238900
27 Apr 2020,91.94,95.63,91.54,94.62,80.40,22870200
24 Apr 2020,90.64,91.10,88.49,90.71,77.08,15809200
23 Apr 2020,89.74,91.28,89.26,89.39,75.96,16638800
22 Apr 2020,90.69,91.87,89.18,89.34,75.92,16662400
21 Apr 2020,88.62,91.38,88.33,89.05,75.67,23035000
20 Apr 2020,92.47,94.71,90.46,91.71,77.93,23679400
17 Apr 2020,92.00,95.70,90.96,95.18,80.88,30191900
16 Apr 2020,90.23,90.57,87.05,87.33,74.21,32449600
15 Apr 2020,91.15,92.03,90.13,90.79,77.15,30118600
14 Apr 2020,101.02,102.00,93.64,95.50,81.15,46151300
13 Apr 2020,103.11,103.11,97.30,98.19,83.44,26911900
09 Apr 2020,96.92,104.39,96.89,102.76,87.32,42055900
08 Apr 2020,92.10,94.86,90.55,94.30,80.13,22903300
07 Apr 2020,94.45,94.50,90.38,90.64,77.02,22563800
06 Apr 2020,88.99,90.99,87.70,89.46,76.02,26820800
03 Apr 2020,86.00,87.48,82.77,84.05,71.42,21199400
02 Apr 2020,83.51,87.91,82.96,87.51,73.60,24018000
01 Apr 2020,85.10,86.56,83.25,84.36,70.95,28029600
31 Mar 2020,92.05,94.17,89.34,90.03,75.71,23379300
30 Mar 2020,90.65,94.09,89.30,93.50,78.63,21656900
27 Mar 2020,93.19,94.84,90.55,91.13,76.64,30041500
26 Mar 2020,94.08,98.57,93.54,98.12,82.52,29826300
25 Mar 2020,89.24,95.15,84.54,91.73,77.14,38111700
24 Mar 2020,84.90,90.10,82.90,88.43,74.37,34363200
23 Mar 2020,82.68,83.75,78.09,79.03,66.46,32536600
20 Mar 2020,86.30,89.46,82.48,83.50,70.22,30150800
19 Mar 2020,81.56,88.11,76.91,85.30,71.74,32175100
18 Mar 2020,87.67,90.79,80.36,83.89,70.55,41525600
17 Mar 2020,90.89,97.44,87.50,93.76,78.85,35239800
16 Mar 2020,85.20,93.98,84.55,88.36,74.31,38589700
13 Mar 2020,95.99,103.99,92.00,103.91,87.39,38543300
12 Mar 2020,89.59,96.96,86.32,88.05,74.05,49725200
11 Mar 2020,97.70,100.05,94.55,95.96,80.70,38127000
10 Mar 2020,99.00,101.28,94.58,100.70,84.69,31102700
09 Mar 2020,96.57,99.23,93.00,93.44,78.58,40352000
06 Mar 2020,106.26,110.32,105.02,108.08,90.89,38159400
05 Mar 2020,115.67,116.43,112.58,113.97,95.85,25025600
04 Mar 2020,118.33,120.19,114.70,119.85,100.79,25795900
03 Mar 2020,120.97,122.95,116.24,116.96,98.36,32547700
02 Mar 2020,116.63,121.58,114.46,121.52,102.20,27355400
28 Feb 2020,117.52,118.49,112.66,116.11,97.65,45931400
27 Feb 2020,122.91,125.62,121.30,121.37,102.07,23005500
26 Feb 2020,126.93,128.95,126.34,126.64,106.50,24825600
25 Feb 2020,131.00,132.23,125.59,126.26,106.18,20797200
24 Feb 2020,131.44,133.20,130.80,132.16,111.15,13618400
21 Feb 2020,136.55,136.92,134.92,135.81,114.22,9772800
20 Feb 2020,137.17,138.36,136.53,137.49,115.63,7422800
19 Feb 2020,136.91,138.39,136.34,137.49,115.63,7071200
18 Feb 2020,137.34,137.71,135.05,135.64,114.07,8996400
14 Feb 2020,137.84,138.19,136.94,137.46,115.60,6627600
13 Feb 2020,137.75,138.34,136.40,137.88,115.96,7447500
12 Feb 2020,138.60,139.29,137.80,138.00,116.06,7958000
11 Feb 2020,138.26,138.82,137.78,138.00,116.06,6578600
10 Feb 2020,136.95,137.85,136.75,137.74,115.84,5960700
07 Feb 2020,136.73,137.67,136.30,137.17,115.36,6379800
06 Feb 2020,138.24,138.29,137.11,137.61,115.73,8992300
05 Feb 2020,136.57,137.73,136.01,137.59,115.71,10150700
04 Feb 2020,135.55,136.60,135.08,135.29,113.78,9157100
03 Feb 2020,132.66,134.24,132.66,133.37,112.16,10021100
31 Jan 2020,134.49,134.83,131.47,132.36,111.31,12785200
30 Jan 2020,132.69,136.13,132.69,135.89,114.28,9048900
29 Jan 2020,134.81,135.54,133.69,134.23,112.89,9326000
28 Jan 2020,132.84,134.97,132.48,134.43,113.06,13062800
27 Jan 2020,130.27,132.94,129.71,132.03,111.04,12860500
24 Jan 2020,136.37,136.43,132.32,133.15,111.98,15166400
23 Jan 2020,135.71,136.74,134.72,136.54,114.83,9345700
22 Jan 2020,137.24,137.40,136.38,136.68,114.95,7549100
21 Jan 2020,137.19,138.07,136.69,136.84,115.08,8474200
17 Jan 2020,137.54,138.29,137.32,138.20,116.23,14697700
16 Jan 2020,137.45,137.90,136.84,137.25,115.43,10783800
15 Jan 2020,137.85,138.60,136.15,136.72,114.98,16293400
14 Jan 2020,137.94,140.76,137.69,138.80,116.73,24906000
13 Jan 2020,136.19,137.20,135.76,137.20,115.38,12355200
10 Jan 2020,137.21,137.25,135.81,136.07,114.43,10190900
09 Jan 2020,138.05,138.23,137.04,137.44,115.59,9469000
08 Jan 2020,135.70,137.58,135.60,136.94,115.17,9695300
07 Jan 2020,137.28,137.86,135.82,135.88,114.27,10531300
06 Jan 2020,136.56,138.27,136.50,138.23,116.25,10259000
03 Jan 2020,137.50,139.23,137.08,138.34,116.34,10386800
02 Jan 2020,139.79,141.10,139.26,141.09,117.90,10803700
31 Dec 2019,138.51,139.48,138.29,139.40,116.49,7201600
30 Dec 2019,139.90,140.08,138.47,138.63,115.84,6963000
27 Dec 2019,139.30,139.77,138.67,139.14,116.27,7868200
26 Dec 2019,137.89,139.10,137.78,139.04,116.19,6770900
24 Dec 2019,137.33,137.63,137.06,137.58,114.97,3324300
23 Dec 2019,137.60,137.91,136.88,137.20,114.65,9738400
20 Dec 2019,138.02,138.88,136.90,137.24,114.68,29992600
19 Dec 2019,137.76,138.22,137.10,137.35,114.77,9350400
18 Dec 2019,138.15,139.02,137.72,138.04,115.35,10381500
17 Dec 2019,137.73,138.67,137.23,138.18,115.47,11546800
16 Dec 2019,138.38,138.84,137.32,137.34,114.77,11372000
13 Dec 2019,137.95,138.83,136.22,136.81,114.32,10592100
12 Dec 2019,134.49,138.47,134.21,138.02,115.33,13717400
11 Dec 2019,134.29,135.02,134.01,134.18,112.12,9011900
10 Dec 2019,133.25,134.77,132.88,134.50,112.39,7532900
09 Dec 2019,134.63,135.46,134.41,134.41,112.32,8498200
06 Dec 2019,134.69,135.78,134.65,135.04,112.84,10170600
05 Dec 2019,132.68,133.31,132.18,133.06,111.19,9587400
04 Dec 2019,130.38,132.47,129.99,132.34,110.59,10318200
03 Dec 2019,129.77,129.96,128.59,129.78,108.45,10361300
02 Dec 2019,132.31,132.74,131.35,131.47,109.86,8615600
29 Nov 2019,131.87,132.41,131.45,131.76,110.10,5712000
27 Nov 2019,132.29,132.43,131.65,132.06,110.35,6607900
26 Nov 2019,131.82,131.82,130.36,131.67,110.03,10490700
25 Nov 2019,131.25,132.07,130.87,131.49,109.88,10068500
22 Nov 2019,130.15,131.22,130.10,130.79,109.29,8167900
21 Nov 2019,130.00,130.72,129.39,129.93,108.57,7705500
20 Nov 2019,130.30,130.62,128.94,129.63,108.32,11782800
19 Nov 2019,130.99,131.25,130.18,130.58,109.12,8824500
18 Nov 2019,129.56,130.65,128.99,130.62,109.15,8749300
15 Nov 2019,129.23,129.53,128.40,129.53,108.24,10163600
14 Nov 2019,127.72,128.84,127.59,128.60,107.46,8483400
13 Nov 2019,128.13,128.82,127.42,128.48,107.36,8023300
12 Nov 2019,129.63,130.62,129.01,129.16,107.93,9099000
11 Nov 2019,129.60,130.10,129.35,129.92,108.57,8679000
08 Nov 2019,129.88,130.40,129.25,130.38,108.95,9293400
07 Nov 2019,130.43,131.29,129.92,130.00,108.63,13528900
06 Nov 2019,128.69,129.84,128.58,129.30,108.05,11231100
05 Nov 2019,129.39,130.30,128.84,129.10,107.88,13747600
04 Nov 2019,129.08,129.42,128.56,128.82,107.65,9159900
01 Nov 2019,126.20,127.99,126.02,127.80,106.79,11682600
31 Oct 2019,125.49,125.73,123.86,124.92,104.39,11589100
30 Oct 2019,126.05,126.26,124.92,125.73,105.06,8513700
29 Oct 2019,126.06,127.42,125.94,126.43,105.65,9797300
28 Oct 2019,126.57,127.21,126.40,126.51,105.72,9522200
25 Oct 2019,125.00,126.65,124.75,126.03,105.31,9055700
24 Oct 2019,125.29,125.66,124.07,125.03,104.48,8020500
23 Oct 2019,124.20,125.15,124.17,125.12,104.55,8828300
22 Oct 2019,123.45,125.10,123.12,124.79,104.28,12549100
21 Oct 2019,122.05,123.77,121.99,123.55,103.24,12714600
18 Oct 2019,120.00,121.02,119.86,120.56,100.74,10417400
17 Oct 2019,120.75,121.57,119.88,120.35,100.57,10818500
16 Oct 2019,119.96,120.62,119.38,119.68,100.01,11087700
15 Oct 2019,118.85,121.59,117.87,119.96,100.24,23379000
14 Oct 2019,115.85,116.87,115.66,116.45,97.31,8779000
11 Oct 2019,116.03,117.99,115.87,116.14,97.05,15076500
10 Oct 2019,113.14,115.40,113.00,114.21,95.44,10994100
09 Oct 2019,112.67,113.16,112.07,112.63,94.12,7273700
08 Oct 2019,113.06,113.06,111.66,111.82,93.44,10806300
07 Oct 2019,114.19,115.50,114.07,114.37,95.57,6771600
04 Oct 2019,112.34,114.94,112.27,114.62,95.78,9453100
03 Oct 2019,112.27,112.91,110.52,112.19,93.75,12735200
02 Oct 2019,114.81,114.90,112.93,113.25,93.88,12548700
01 Oct 2019,118.40,119.00,115.41,115.55,95.79,11250300
30 Sep 2019,118.36,118.77,117.22,117.69,97.56,9755000
27 Sep 2019,117.96,118.64,117.28,117.72,97.59,10207800
26 Sep 2019,117.88,118.05,116.95,117.03,97.02,9899200
25 Sep 2019,117.27,118.36,117.12,118.00,97.82,9389400
24 Sep 2019,118.75,119.26,117.04,117.33,97.27,11696500
23 Sep 2019,117.78,119.12,117.68,118.88,98.55,9135100
20 Sep 2019,119.74,120.34,118.87,118.90,98.57,21862800
19 Sep 2019,119.70,120.34,119.09,119.38,98.96,9382600
18 Sep 2019,118.32,120.08,117.75,119.76,99.28,10665600
17 Sep 2019,118.42,118.61,117.24,118.57,98.29,10735400
16 Sep 2019,118.90,119.87,118.38,119.16,98.78,11993900
13 Sep 2019,119.00,120.40,118.75,120.23,99.67,16257200
12 Sep 2019,116.55,118.47,115.92,117.91,97.75,12283500
11 Sep 2019,116.89,117.20,115.38,117.19,97.15,9919200
10 Sep 2019,116.30,117.27,115.73,116.87,96.88,14333100
09 Sep 2019,113.71,116.06,113.60,115.40,95.67,13985100
06 Sep 2019,112.66,112.98,111.96,112.61,93.35,7836600
05 Sep 2019,111.25,113.72,111.20,112.37,93.15,13224700
04 Sep 2019,109.45,110.22,108.56,109.87,91.08,6929200
03 Sep 2019,108.98,108.99,107.32,108.56,90.00,9868800
30 Aug 2019,109.84,110.56,109.47,109.86,91.07,10170300
29 Aug 2019,108.14,109.89,108.02,109.22,90.54,10002200
28 Aug 2019,105.08,107.21,105.04,106.80,88.54,10585500
27 Aug 2019,107.35,107.56,104.84,105.74,87.66,14331800
26 Aug 2019,106.62,106.99,106.01,106.87,88.59,8209500
23 Aug 2019,108.00,108.78,105.11,106.02,87.89,14762300
22 Aug 2019,108.37,109.27,107.93,108.72,90.13,9343400
21 Aug 2019,108.21,108.43,107.45,107.61,89.21,8189300
20 Aug 2019,107.85,108.44,107.24,107.31,88.96,8374000
19 Aug 2019,109.63,109.75,108.42,108.69,90.10,8265400
16 Aug 2019,106.37,107.98,105.87,107.72,89.30,11830600
15 Aug 2019,104.82,106.38,104.34,105.20,87.21,13365600
14 Aug 2019,106.30,106.91,104.45,104.80,86.88,19491800
13 Aug 2019,107.95,110.33,107.03,109.34,90.64,12124700
12 Aug 2019,108.44,108.51,107.21,107.68,89.27,9393700
09 Aug 2019,109.35,110.45,108.29,109.74,90.97,9980800
08 Aug 2019,109.05,110.08,108.72,109.86,91.07,10903300
07 Aug 2019,108.00,108.28,105.94,108.03,89.56,17320900
06 Aug 2019,110.05,110.50,108.34,110.43,91.55,10203500
05 Aug 2019,110.79,110.98,108.27,109.57,90.83,15855300
02 Aug 2019,112.40,113.43,111.40,112.93,93.62,11025500
01 Aug 2019,115.33,116.80,112.60,112.94,93.63,15664500
31 Jul 2019,116.10,116.18,114.86,116.00,96.16,13648000
30 Jul 2019,115.19,116.08,114.76,115.59,95.82,7121100
29 Jul 2019,116.46,117.18,115.79,115.85,96.04,8500400
26 Jul 2019,115.77,116.51,115.53,116.22,96.35,12800400
25 Jul 2019,116.89,117.24,115.32,115.71,95.92,10138400
24 Jul 2019,115.58,116.88,115.52,116.83,96.85,10011000
23 Jul 2019,114.88,116.45,114.82,116.36,96.46,12752200
22 Jul 2019,112.91,114.45,112.77,114.27,94.73,9061100
19 Jul 2019,114.89,115.12,113.40,113.54,94.12,10402800
18 Jul 2019,113.93,115.07,113.55,114.67,95.06,9397200
17 Jul 2019,114.43,114.94,113.73,113.99,94.50,13120900
16 Jul 2019,113.48,115.50,112.92,115.12,95.43,16945000
15 Jul 2019,115.54,115.57,113.53,113.90,94.42,12946600
12 Jul 2019,114.13,115.35,113.93,115.30,95.58,10783400
11 Jul 2019,113.37,114.36,113.12,114.10,94.59,11595200
10 Jul 2019,113.37,113.83,112.74,113.02,93.69,9242300
09 Jul 2019,112.28,113.49,112.15,113.35,93.97,8947300
08 Jul 2019,112.96,113.48,112.50,112.87,93.57,6917200
05 Jul 2019,113.51,114.27,112.92,113.49,94.08,7929400
03 Jul 2019,113.34,113.87,112.26,112.82,93.53,6849400
02 Jul 2019,113.51,114.20,113.22,113.80,93.68,10174900
01 Jul 2019,113.23,114.52,113.08,113.68,93.58,12724500
28 Jun 2019,111.04,112.43,110.90,111.80,92.03,21634700
27 Jun 2019,108.84,109.55,108.44,108.84,89.59,10906600
26 Jun 2019,108.30,109.31,108.16,108.48,89.30,10324600
25 Jun 2019,108.68,108.98,107.67,107.76,88.70,18660100
24 Jun 2019,109.28,109.77,108.54,108.66,89.44,13039600
21 Jun 2019,110.19,111.67,109.09,109.44,90.09,27089500
20 Jun 2019,110.88,111.09,109.03,110.19,90.70,13638000
19 Jun 2019,110.82,111.59,109.70,109.91,90.47,13126500
18 Jun 2019,109.01,111.41,108.98,110.71,91.13,11057300
17 Jun 2019,109.70,110.37,109.06,109.22,89.91,8128600
14 Jun 2019,109.57,110.30,108.63,109.82,90.40,9077400
13 Jun 2019,109.46,110.16,109.05,109.54,90.17,8406900
12 Jun 2019,110.70,110.90,108.89,109.27,89.95,9670500
11 Jun 2019,110.82,111.57,110.37,110.68,91.11,9847700
10 Jun 2019,110.75,111.21,110.22,110.34,90.83,11380600
07 Jun 2019,109.70,110.02,108.96,109.16,89.86,10618900
06 Jun 2019,110.15,110.87,108.93,110.37,90.85,8726700
05 Jun 2019,109.86,110.38,108.64,110.13,90.65,8340500
04 Jun 2019,107.85,109.90,107.13,109.74,90.33,12858600
03 Jun 2019,105.80,106.86,105.30,106.46,87.63,11680700
31 May 2019,105.56,106.59,104.84,105.96,87.22,10952800
30 May 2019,108.65,109.18,106.54,107.06,88.13,10367800
29 May 2019,107.45,108.40,107.06,108.22,89.08,9966400
28 May 2019,109.20,109.83,108.44,108.52,89.33,11665500
24 May 2019,109.52,109.96,109.19,109.71,90.31,8537300
23 May 2019,109.64,109.79,107.50,108.64,89.43,14558000
22 May 2019,111.40,111.79,110.75,110.82,91.22,7918900
21 May 2019,111.44,111.92,111.22,111.73,91.97,7967900
20 May 2019,110.58,111.81,110.37,111.35,91.66,8518200
17 May 2019,110.00,111.75,109.83,110.77,91.18,9570100
16 May 2019,110.62,112.17,110.59,111.31,91.63,9672700
15 May 2019,109.21,110.90,108.61,109.90,90.47,10142000
14 May 2019,109.55,111.72,109.50,110.32,90.81,10503600
13 May 2019,110.08,110.45,108.98,109.45,90.10,13783700
10 May 2019,111.75,112.84,110.54,112.51,92.61,13189000
09 May 2019,111.14,112.74,110.58,112.52,92.62,12205900
08 May 2019,112.66,113.67,112.46,112.61,92.70,9575800
07 May 2019,114.03,114.03,112.29,113.21,93.19,15017700
06 May 2019,114.18,115.47,113.72,115.09,94.74,9387000
03 May 2019,116.00,116.68,115.67,116.12,95.59,8185400
02 May 2019,115.17,115.78,114.58,115.41,95.00,8613300
01 May 2019,115.72,117.00,115.11,115.16,94.80,10412900
30 Apr 2019,116.43,116.72,115.26,116.05,95.53,11389100
29 Apr 2019,114.60,117.16,114.45,116.12,95.59,14242200
26 Apr 2019,113.95,114.58,113.60,114.47,94.23,7889300
25 Apr 2019,113.01,114.15,112.50,113.61,93.52,9311800
24 Apr 2019,113.26,114.15,112.81,113.55,93.47,9245700
23 Apr 2019,113.00,114.37,112.85,113.74,93.63,9193100
22 Apr 2019,112.83,113.93,112.66,113.60,93.51,7975900
18 Apr 2019,114.53,114.95,113.33,113.46,93.40,12501900
17 Apr 2019,111.70,114.66,111.01,114.30,94.09,17791900
16 Apr 2019,109.90,111.39,109.86,111.10,91.45,11583200
15 Apr 2019,110.92,111.00,109.12,109.94,90.50,15163800
12 Apr 2019,109.44,111.85,108.88,111.21,91.54,25834100
11 Apr 2019,105.71,106.73,105.56,106.23,87.44,11183800
10 Apr 2019,105.13,105.72,104.47,105.34,86.71,10882300
09 Apr 2019,105.08,105.20,104.25,104.87,86.33,9092200
08 Apr 2019,105.11,105.65,104.91,105.65,86.97,8056300
05 Apr 2019,105.80,106.11,104.99,105.31,86.69,9933700
04 Apr 2019,104.55,105.73,104.45,105.56,86.89,11952100
03 Apr 2019,105.81,106.36,104.79,105.35,86.06,11499200
02 Apr 2019,104.60,105.44,104.33,105.14,85.89,10295400
01 Apr 2019,102.15,104.68,102.12,104.64,85.48,17499300
29 Mar 2019,101.54,101.99,100.59,101.23,82.70,14523400
28 Mar 2019,100.00,100.80,99.74,100.71,82.27,12454100
27 Mar 2019,99.88,100.45,99.08,99.58,81.35,12753200
26 Mar 2019,99.82,100.40,98.82,99.92,81.63,15987100
25 Mar 2019,99.59,100.57,98.09,98.93,80.82,21032300
22 Mar 2019,101.82,102.32,99.52,99.76,81.50,31115200
21 Mar 2019,103.49,103.49,102.28,102.87,84.04,19751000
20 Mar 2019,106.43,106.65,104.41,104.52,85.38,14920700
19 Mar 2019,108.20,108.40,106.55,106.80,87.25,12889300
18 Mar 2019,106.55,107.79,106.50,107.19,87.56,12935500
15 Mar 2019,105.41,106.80,105.23,106.55,87.04,24811700
14 Mar 2019,104.50,105.87,104.46,105.34,86.05,10926500
13 Mar 2019,104.19,104.98,103.95,104.39,85.28,13022200
12 Mar 2019,104.59,104.79,103.75,104.04,84.99,10219100
11 Mar 2019,103.98,104.55,103.66,104.35,85.24,9763200
08 Mar 2019,101.99,103.23,101.99,103.01,84.15,10582400
07 Mar 2019,103.25,103.47,102.16,102.97,84.12,12705700
06 Mar 2019,103.86,104.57,103.55,103.72,84.73,9070800
05 Mar 2019,104.13,104.55,103.26,104.11,85.05,10856600
04 Mar 2019,104.92,105.92,103.27,104.19,85.11,12466300
01 Mar 2019,105.10,105.91,104.20,104.43,85.31,13813300
28 Feb 2019,105.01,105.21,104.18,104.36,85.25,15156900
27 Feb 2019,105.18,105.38,104.51,105.16,85.91,9968800
26 Feb 2019,104.50,105.47,103.94,105.29,86.01,15465400
25 Feb 2019,105.75,107.27,105.69,106.10,86.67,11230700
22 Feb 2019,105.70,106.09,104.78,105.00,85.78,10647300
21 Feb 2019,105.45,105.99,104.96,105.47,86.16,8400100
20 Feb 2019,105.21,105.80,104.88,105.69,86.34,10030300
19 Feb 2019,104.91,105.37,103.81,105.18,85.92,12764900
15 Feb 2019,103.90,105.70,103.66,105.55,86.23,14716900
14 Feb 2019,102.47,103.10,101.35,102.42,83.67,11518500
13 Feb 2019,102.90,103.85,102.90,103.09,84.22,10754100
12 Feb 2019,101.95,102.92,101.89,102.60,83.82,12852300
11 Feb 2019,101.76,102.01,100.77,100.88,82.41,10978500
08 Feb 2019,102.08,102.34,100.06,101.36,82.80,12892600
07 Feb 2019,103.25,103.50,101.44,102.38,83.64,13177500
06 Feb 2019,103.71,104.62,103.47,103.74,84.75,8745000
05 Feb 2019,104.52,104.55,103.29,103.79,84.79,12763000
04 Feb 2019,103.79,104.25,103.01,104.25,85.16,9871500
01 Feb 2019,104.00,104.85,103.52,103.88,84.86,13000800
31 Jan 2019,103.41,103.80,102.73,103.50,84.55,17520600
30 Jan 2019,104.14,105.24,103.78,104.41,85.29,12526300
29 Jan 2019,103.88,105.11,103.73,104.17,85.10,9743300
28 Jan 2019,102.89,104.24,102.59,103.88,84.86,12283100
25 Jan 2019,103.51,104.31,102.74,103.39,84.46,14369400
24 Jan 2019,102.13,103.09,101.94,102.74,83.93,11296800
23 Jan 2019,103.44,103.70,101.97,102.68,83.88,12146700
22 Jan 2019,103.08,103.59,102.13,102.94,84.09,17083700
18 Jan 2019,103.77,104.90,102.83,104.59,85.44,16428700
17 Jan 2019,102.11,103.50,101.92,102.92,84.08,14247600
16 Jan 2019,102.25,103.45,101.80,102.50,83.73,18533000
15 Jan 2019,98.89,102.47,98.60,101.68,83.06,26504900
14 Jan 2019,98.87,101.36,98.66,100.94,82.46,21258500
11 Jan 2019,99.89,100.17,98.95,99.91,81.62,15439900
10 Jan 2019,100.02,100.73,99.27,100.39,82.01,14376100
09 Jan 2019,100.81,101.49,99.93,100.40,82.02,14230300
08 Jan 2019,101.63,101.82,99.55,100.57,82.16,13578800
07 Jan 2019,100.43,101.47,99.71,100.76,82.31,15430700
04 Jan 2019,99.11,100.93,98.28,100.69,82.25,16935200
03 Jan 2019,98.64,98.89,96.69,97.11,79.33,16286400
02 Jan 2019,95.95,99.78,95.94,99.31,80.47,15670900
31 Dec 2018,97.59,98.81,96.77,97.62,79.10,13237200
28 Dec 2018,97.95,98.32,96.44,96.83,78.46,17963300
27 Dec 2018,94.82,97.15,93.55,97.04,78.63,20304700
26 Dec 2018,92.69,95.96,91.11,95.96,77.76,22542900
24 Dec 2018,92.89,94.22,92.14,92.14,74.66,17009300
21 Dec 2018,96.68,98.43,93.69,94.17,76.31,41313900
20 Dec 2018,96.61,98.28,95.69,96.45,78.16,31825200
19 Dec 2018,98.41,100.58,96.60,97.29,78.84,28767900
18 Dec 2018,99.42,100.89,98.12,98.54,79.85,20837200
17 Dec 2018,99.77,100.56,98.44,99.01,80.23,25113500
14 Dec 2018,99.99,101.94,99.86,100.29,81.27,19879500
13 Dec 2018,101.55,101.97,100.67,101.12,81.94,17250900
12 Dec 2018,101.66,102.90,100.06,101.02,81.86,22621500
11 Dec 2018,103.13,103.66,100.21,100.37,81.33,16860700
10 Dec 2018,102.87,103.49,99.28,101.36,82.14,23636400
07 Dec 2018,105.16,106.98,102.91,103.29,83.70,19248600
06 Dec 2018,105.01,105.36,102.88,105.19,85.24,27213900
04 Dec 2018,111.60,111.60,106.73,107.23,86.89,23555900
03 Dec 2018,112.38,112.89,111.74,112.24,90.95,16034500
30 Nov 2018,109.85,111.32,109.58,111.19,90.10,18652700
29 Nov 2018,110.27,110.80,109.64,110.06,89.19,11144300
28 Nov 2018,109.80,111.40,108.87,110.94,89.90,13977300
27 Nov 2018,108.76,110.03,108.63,109.72,88.91,9238200
26 Nov 2018,107.72,109.98,107.45,109.26,88.54,13948300
23 Nov 2018,106.74,107.39,106.06,106.65,86.42,6488400
21 Nov 2018,109.03,109.61,107.64,107.64,87.22,10619600
20 Nov 2018,109.78,110.49,107.98,108.45,87.88,18936200
19 Nov 2018,109.96,111.20,109.53,110.83,89.81,13987000
16 Nov 2018,109.45,110.76,108.55,109.99,89.13,13798600
15 Nov 2018,108.24,110.08,106.81,110.07,89.19,19100000
14 Nov 2018,110.23,110.71,105.98,107.33,86.97,18361400
13 Nov 2018,109.10,111.12,109.10,109.59,88.80,13746100
12 Nov 2018,111.42,111.94,108.60,108.95,88.29,13279700
09 Nov 2018,112.23,112.36,110.83,111.29,90.18,10432200
08 Nov 2018,111.01,112.93,111.00,112.38,91.07,11662500
07 Nov 2018,110.37,111.73,109.35,111.48,90.34,12679600
06 Nov 2018,108.67,109.67,107.76,109.60,88.81,10825000
05 Nov 2018,108.61,109.29,108.42,109.09,88.40,10276400
02 Nov 2018,109.90,110.81,107.49,108.38,87.82,19009200
01 Nov 2018,109.62,110.22,108.32,108.98,88.31,13065000
31 Oct 2018,108.08,110.48,107.79,109.02,88.34,20860000
30 Oct 2018,105.71,106.98,104.86,106.70,86.46,18019700
29 Oct 2018,104.46,106.63,103.70,104.85,84.96,18445200
26 Oct 2018,104.00,104.56,102.73,103.42,83.80,19174900
25 Oct 2018,104.18,105.90,103.72,104.86,84.97,17464700
24 Oct 2018,104.76,105.03,102.91,103.29,83.70,23168900
23 Oct 2018,104.20,106.16,103.70,105.25,85.29,21407500
22 Oct 2018,108.15,108.34,106.11,106.36,86.19,16199100
19 Oct 2018,107.65,109.22,107.27,107.91,87.44,15234500
18 Oct 2018,109.02,109.84,107.81,108.09,87.59,17582500
17 Oct 2018,108.38,110.80,108.23,109.83,89.00,18794500
16 Oct 2018,107.16,108.78,106.73,108.62,88.02,19302800
15 Oct 2018,107.20,108.85,106.32,106.34,86.17,18903200
12 Oct 2018,110.37,110.83,105.60,106.95,86.66,32075700
11 Oct 2018,110.97,111.47,107.38,108.13,87.62,33705600
10 Oct 2018,114.70,114.95,111.47,111.47,90.33,23086400
09 Oct 2018,114.67,115.03,113.67,114.52,92.80,14069500
08 Oct 2018,114.25,115.78,113.35,115.32,93.45,14370900
05 Oct 2018,115.83,116.10,114.02,114.62,92.88,13777600
04 Oct 2018,114.55,116.81,114.21,115.27,93.41,16357400
03 Oct 2018,114.94,115.66,114.48,115.04,92.57,17142000
02 Oct 2018,113.36,114.12,112.81,113.97,91.71,13753100
01 Oct 2018,113.37,114.61,113.04,113.50,91.33,10146300
28 Sep 2018,113.65,114.24,112.52,112.84,90.80,15815100
27 Sep 2018,115.42,115.76,114.16,114.52,92.15,13283000
26 Sep 2018,116.75,116.87,114.66,115.02,92.56,14023600
25 Sep 2018,117.04,117.97,116.32,116.39,93.66,9308300
24 Sep 2018,117.76,118.46,116.43,116.72,93.92,12492500
21 Sep 2018,119.13,119.23,117.74,117.85,94.83,24788200
20 Sep 2018,118.50,119.24,118.08,118.63,95.46,15590000
19 Sep 2018,114.44,118.06,114.44,117.62,94.65,16052800
18 Sep 2018,114.33,114.66,113.56,114.30,91.98,7944200
17 Sep 2018,113.79,114.43,113.30,113.84,91.61,9561300
14 Sep 2018,113.81,114.49,113.23,113.50,91.33,10337900
13 Sep 2018,113.37,114.13,112.67,113.52,91.35,12470800
12 Sep 2018,114.25,114.88,112.85,113.08,91.00,10800800
11 Sep 2018,113.54,114.58,113.18,114.43,92.08,9333800
10 Sep 2018,114.85,114.97,113.66,113.71,91.50,8276900
07 Sep 2018,114.50,114.77,113.63,114.32,91.99,10955600
06 Sep 2018,114.50,114.70,113.50,114.10,91.82,9877600
05 Sep 2018,115.00,115.70,114.25,114.59,92.21,11462400
04 Sep 2018,114.34,115.24,113.63,115.15,92.66,10174200
31 Aug 2018,114.83,114.84,113.82,114.58,92.20,13065700
30 Aug 2018,115.59,116.04,114.98,115.19,92.69,8991800
29 Aug 2018,116.35,116.37,115.36,115.76,93.15,7221700
28 Aug 2018,117.00,117.03,115.97,116.14,93.46,8302600
27 Aug 2018,115.22,117.28,115.17,116.71,93.92,13768000
24 Aug 2018,114.98,115.22,114.45,114.68,92.28,8845700
23 Aug 2018,114.96,115.15,114.43,114.73,92.32,9265400
22 Aug 2018,115.31,115.41,114.78,114.97,92.52,8314700
21 Aug 2018,115.37,116.39,114.88,115.32,92.80,10976700
20 Aug 2018,114.59,115.05,114.11,114.62,92.23,8618700
17 Aug 2018,114.64,115.07,114.30,114.77,92.35,8505100
16 Aug 2018,114.35,115.31,114.30,114.77,92.35,10118600
15 Aug 2018,113.82,114.33,112.97,113.70,91.49,10152100
14 Aug 2018,114.27,115.04,113.65,114.65,92.26,10597600
13 Aug 2018,115.56,115.88,113.82,113.89,91.65,10336300
10 Aug 2018,115.50,115.95,114.68,115.73,93.13,12630600
09 Aug 2018,117.51,117.72,116.70,116.88,94.05,9694200
08 Aug 2018,117.33,118.27,117.28,117.79,94.79,8997100
07 Aug 2018,117.74,118.29,117.33,117.55,94.59,10562100
06 Aug 2018,116.79,117.53,116.18,117.12,94.25,9857400
03 Aug 2018,116.00,117.13,115.94,117.09,94.22,11016100
02 Aug 2018,114.57,116.25,114.33,116.15,93.47,11058100
01 Aug 2018,115.75,116.69,115.28,115.66,93.07,13531600
31 Jul 2018,117.08,117.08,114.82,114.95,92.50,15843800
30 Jul 2018,116.28,117.61,116.06,116.73,93.93,13411600
27 Jul 2018,115.18,116.30,114.81,116.03,93.37,12802700
26 Jul 2018,115.42,115.59,114.58,114.85,92.42,11897800
25 Jul 2018,113.88,115.52,113.38,115.18,92.68,13329100
24 Jul 2018,113.55,114.78,113.42,114.15,91.86,14000400
23 Jul 2018,111.06,114.24,110.93,113.35,91.21,18140000
20 Jul 2018,110.00,111.74,109.78,111.28,89.55,13578100
19 Jul 2018,111.06,111.09,109.73,109.89,88.43,16775300
18 Jul 2018,110.42,112.12,110.20,111.53,89.75,14244900
17 Jul 2018,110.69,110.93,109.75,110.50,88.92,14821900
16 Jul 2018,107.05,110.77,106.98,110.58,88.98,24662600
13 Jul 2018,107.30,107.80,105.14,106.36,85.59,21289100
12 Jul 2018,107.42,107.56,105.97,106.85,85.98,12456800
11 Jul 2018,106.31,107.06,106.21,106.39,85.61,10186500
10 Jul 2018,108.02,108.40,106.53,106.62,85.80,14575900
09 Jul 2018,104.71,107.46,104.71,107.28,86.33,13900800
06 Jul 2018,103.12,104.50,102.20,104.06,83.74,12173700
05 Jul 2018,104.13,104.38,103.53,103.72,83.46,10723400
03 Jul 2018,105.41,105.78,103.52,103.61,82.92,8311700
02 Jul 2018,103.72,105.09,103.38,105.08,84.10,11130000
29 Jun 2018,106.68,106.90,104.15,104.20,83.40,18972400
28 Jun 2018,103.68,105.46,103.51,104.93,83.98,14491300
27 Jun 2018,104.68,105.92,103.23,103.24,82.63,16276800
26 Jun 2018,104.71,105.21,103.11,104.86,83.92,17086800
25 Jun 2018,105.66,105.70,103.96,104.79,83.87,16907600
22 Jun 2018,108.16,108.37,105.51,105.75,84.64,19478900
21 Jun 2018,107.10,108.21,106.53,107.51,86.05,11048700
20 Jun 2018,108.18,108.64,107.44,107.54,86.07,8876900
19 Jun 2018,106.90,107.88,106.60,107.55,86.08,12707200
18 Jun 2018,107.26,108.40,106.69,108.18,86.58,9786800
15 Jun 2018,107.80,108.38,106.27,107.90,86.36,26028600
14 Jun 2018,110.28,110.36,107.78,108.03,86.46,20487300
13 Jun 2018,110.46,111.45,109.58,109.97,88.01,14979700
12 Jun 2018,111.14,111.53,109.52,110.19,88.19,15294100
11 Jun 2018,111.12,111.91,110.77,110.83,88.70,12642900
08 Jun 2018,110.62,111.14,110.06,111.11,88.93,10383200
07 Jun 2018,111.18,111.50,110.03,110.80,88.68,13444400
06 Jun 2018,108.66,110.74,108.48,110.36,88.33,15453600
05 Jun 2018,108.24,108.31,107.07,107.84,86.31,10415200
04 Jun 2018,108.99,109.26,108.27,108.45,86.80,9415400
01 Jun 2018,108.34,108.94,107.80,108.40,86.76,13594200
31 May 2018,107.95,108.19,106.42,107.01,85.65,19808200
30 May 2018,107.64,108.60,106.65,108.35,86.72,17490800
29 May 2018,109.18,109.20,104.96,105.93,84.78,30643800
25 May 2018,110.46,111.08,110.20,110.66,88.57,8283500
24 May 2018,112.14,112.15,110.12,111.23,89.02,14084800
23 May 2018,112.51,112.77,111.12,112.49,90.03,11453900
22 May 2018,112.35,114.29,112.29,113.01,90.45,11507600
21 May 2018,112.05,112.54,111.92,112.15,89.76,9441900
18 May 2018,112.75,112.80,110.84,111.13,88.94,11806300
17 May 2018,113.20,113.41,112.20,112.96,90.41,8617200
16 May 2018,112.89,113.69,112.63,113.34,90.71,7571100
15 May 2018,113.91,113.91,112.57,113.03,90.46,11536200
14 May 2018,114.11,114.70,113.74,113.90,91.16,8710700
11 May 2018,114.49,114.73,113.67,113.86,91.13,10253000
10 May 2018,113.19,114.44,112.75,114.29,91.47,9159700
09 May 2018,111.44,113.64,111.03,113.41,90.77,11368100
08 May 2018,109.53,111.34,109.28,110.99,88.83,12543200
07 May 2018,108.76,109.68,108.36,109.37,87.53,9356700
04 May 2018,106.43,108.74,105.98,108.43,86.78,11967900
03 May 2018,107.59,107.77,105.18,107.24,85.83,15379100
02 May 2018,108.11,109.49,107.73,107.92,86.37,12162100
01 May 2018,108.45,108.97,107.54,108.78,87.06,10503400
30 Apr 2018,109.75,110.30,108.75,108.78,87.06,13744900
27 Apr 2018,109.55,110.16,109.13,109.40,87.56,9384000
26 Apr 2018,109.97,110.82,109.34,110.10,88.12,10299500
25 Apr 2018,110.27,110.53,108.60,109.99,88.03,13548200
24 Apr 2018,111.75,112.90,109.59,110.41,88.37,16453100
23 Apr 2018,111.57,111.95,110.63,110.93,88.78,11285800
20 Apr 2018,112.30,112.74,110.88,111.47,89.21,15584400
19 Apr 2018,109.53,111.87,109.50,111.72,89.41,17911000
18 Apr 2018,110.53,111.07,108.89,109.32,87.49,16081400
17 Apr 2018,111.37,111.92,109.99,110.21,88.21,15501400
16 Apr 2018,110.94,111.47,109.79,110.21,88.21,16580500
13 Apr 2018,115.02,115.15,109.05,110.30,88.28,39152800
12 Apr 2018,111.56,114.39,111.50,113.37,90.74,16435500
11 Apr 2018,111.66,111.81,110.52,110.62,88.53,14503300
10 Apr 2018,112.13,112.87,111.42,112.51,90.05,13951400
09 Apr 2018,110.01,112.98,109.89,110.40,88.36,15974300
06 Apr 2018,110.55,111.55,107.82,109.09,87.31,18906000
05 Apr 2018,111.63,112.83,111.39,111.88,89.54,16627000
04 Apr 2018,107.10,111.21,107.02,110.99,88.38,15302600
03 Apr 2018,108.36,109.50,107.26,109.33,87.06,14050700
02 Apr 2018,109.96,110.73,106.08,107.85,85.88,18822500
29 Mar 2018,108.50,110.78,107.78,109.97,87.57,13274600
28 Mar 2018,108.28,109.17,106.65,108.00,86.00,19189300
27 Mar 2018,111.07,111.69,107.30,108.17,86.14,18039900
26 Mar 2018,109.19,111.16,108.65,110.31,87.84,20217500
23 Mar 2018,110.27,110.92,106.76,107.01,85.21,23081500
22 Mar 2018,113.20,113.60,109.54,109.95,87.55,22550400
21 Mar 2018,114.81,116.63,114.21,114.74,91.37,13633000
20 Mar 2018,114.87,115.45,114.45,114.64,91.29,9921200
19 Mar 2018,115.10,115.45,113.30,114.53,91.20,13214900
16 Mar 2018,115.34,116.60,115.34,115.44,91.93,19888900
15 Mar 2018,115.87,116.00,114.83,115.24,91.77,8748000
14 Mar 2018,116.56,116.59,114.60,114.95,91.54,12905100
13 Mar 2018,118.20,118.47,115.83,116.25,92.57,13312300
12 Mar 2018,118.00,118.75,117.25,117.66,93.69,12339300
09 Mar 2018,116.55,118.08,115.67,118.04,94.00,15366600
08 Mar 2018,115.11,115.23,113.21,114.74,91.37,11173700
07 Mar 2018,113.75,115.10,113.11,114.73,91.36,13006500
06 Mar 2018,115.64,115.82,114.32,115.16,91.70,10674400
05 Mar 2018,112.05,115.93,111.89,115.06,91.62,13933000
02 Mar 2018,112.39,113.56,111.12,113.32,90.24,18353700
01 Mar 2018,115.48,116.64,112.65,113.43,90.33,18690000
28 Feb 2018,117.82,118.49,115.34,115.50,91.97,17735600
27 Feb 2018,118.91,119.33,117.35,117.36,93.45,17563300
26 Feb 2018,118.14,118.90,117.32,118.77,94.58,16511200
23 Feb 2018,115.31,117.39,115.31,117.31,93.41,12162500
22 Feb 2018,115.50,116.43,114.76,114.98,91.56,17070400
21 Feb 2018,115.00,117.45,114.67,115.19,91.73,14212500
20 Feb 2018,114.65,115.39,113.97,114.71,91.34,13461500
16 Feb 2018,114.55,116.07,114.50,114.68,91.32,13214300
15 Feb 2018,115.74,115.99,114.22,115.51,91.98,12130200
14 Feb 2018,112.63,115.27,112.53,115.03,91.60,15186900
13 Feb 2018,111.32,113.05,110.80,112.43,89.53,16358200
12 Feb 2018,111.17,112.73,110.07,111.74,88.98,18043300
09 Feb 2018,109.10,111.05,106.23,110.04,87.63,28188000
08 Feb 2018,113.11,113.11,107.84,107.88,85.91,27425800
07 Feb 2018,111.55,114.45,111.15,112.87,89.88,21878300
06 Feb 2018,106.85,112.48,106.61,112.11,89.27,33114800
05 Feb 2018,113.00,114.59,103.98,108.80,86.64,30097600
02 Feb 2018,116.49,116.92,114.09,114.28,91.00,16477300
01 Feb 2018,115.77,116.99,115.48,116.87,93.06,13800600
31 Jan 2018,115.65,116.66,115.16,115.67,92.11,13141400
30 Jan 2018,115.53,116.60,114.98,115.11,91.66,14279100
29 Jan 2018,116.02,117.35,116.02,116.20,92.53,11679900
26 Jan 2018,115.70,116.32,114.96,116.32,92.63,13883900
25 Jan 2018,116.04,116.17,115.08,115.70,92.13,13510000
24 Jan 2018,114.86,116.00,114.66,115.67,92.11,15904500
23 Jan 2018,113.67,114.64,113.35,114.21,90.95,12320800
22 Jan 2018,112.66,114.39,112.50,114.33,91.04,12475700
19 Jan 2018,113.94,114.34,112.80,113.01,89.99,18785500
18 Jan 2018,112.76,113.72,112.27,113.26,90.19,14572900
17 Jan 2018,111.89,113.30,111.31,112.99,89.97,14940300
16 Jan 2018,111.51,113.43,111.07,112.27,89.40,22703300
12 Jan 2018,111.65,112.85,110.84,112.67,89.72,18884200
11 Jan 2018,110.67,110.93,110.05,110.84,88.26,13676800
10 Jan 2018,109.47,110.70,109.39,110.25,87.79,15834500
09 Jan 2018,108.72,109.63,108.49,109.05,86.84,13292300
08 Jan 2018,108.15,108.68,107.70,108.50,86.40,12466500
05 Jan 2018,109.26,109.55,107.78,108.34,86.27,14155000
04 Jan 2018,108.36,110.03,108.20,109.04,86.83,12953700
03 Jan 2018,107.86,108.49,107.48,108.06,85.60,11901000
02 Jan 2018,107.63,108.02,106.81,107.95,85.52,13578800
