Date,Open,High,Low,Close,Adj Close,Volume
30 Dec 2025,188.24,188.99,186.93,187.54,187.31,97687300
29 Dec 2025,187.71,188.76,185.91,188.22,187.99,120006100
26 Dec 2025,189.92,192.69,188.00,190.53,190.30,139740300
24 Dec 2025,187.94,188.91,186.59,188.61,188.38,65528500
23 Dec 2025,182.97,189.33,182.90,189.21,188.98,174873600
22 Dec 2025,183.92,184.16,182.35,183.69,183.47,129064400
19 Dec 2025,176.67,181.45,176.34,180.99,180.77,324925900
18 Dec 2025,174.53,176.15,171.82,174.14,173.93,176096000
17 Dec 2025,176.10,176.13,170.31,170.94,170.73,222775500
16 Dec 2025,176.26,178.49,174.90,177.72,177.50,148588100
15 Dec 2025,177.94,178.42,175.03,176.29,176.08,164775600
12 Dec 2025,181.11,182.82,174.62,175.02,174.81,204274900
11 Dec 2025,180.28,181.32,176.62,180.93,180.71,182136600
10 Dec 2025,184.97,185.48,182.04,183.78,183.56,162785400
09 Dec 2025,185.56,185.72,183.32,184.97,184.74,144719700
08 Dec 2025,182.64,188.00,182.40,185.55,185.32,204378100
05 Dec 2025,183.89,184.66,180.91,182.41,182.19,143971100
04 Dec 2025,181.62,184.52,179.96,183.38,183.16,167364900
03 Dec 2025,181.08,182.45,179.11,179.59,179.36,165138000
02 Dec 2025,181.76,185.66,180.00,181.46,181.23,182632200
01 Dec 2025,174.76,180.30,173.68,179.92,179.69,188131000
28 Nov 2025,179.01,179.29,176.50,177.00,176.77,121332800
26 Nov 2025,181.63,182.91,178.24,180.26,180.03,183852000
25 Nov 2025,174.91,178.16,169.55,177.82,177.59,320600300
24 Nov 2025,179.49,183.50,176.48,182.55,182.32,256618300
21 Nov 2025,181.24,184.56,172.93,178.88,178.65,346926200
20 Nov 2025,195.95,196.00,179.85,180.64,180.41,343504800
19 Nov 2025,184.79,187.86,182.83,186.52,186.28,247246400
18 Nov 2025,183.38,184.80,179.65,181.36,181.13,213598900
17 Nov 2025,185.97,189.00,184.32,186.60,186.36,173628900
14 Nov 2025,182.86,191.01,180.58,190.17,189.93,186591900
13 Nov 2025,191.05,191.44,183.85,186.86,186.62,207423100
12 Nov 2025,195.72,195.89,191.13,193.80,193.55,154935300
11 Nov 2025,195.16,195.42,191.30,193.16,192.91,176483300
10 Nov 2025,195.11,199.94,193.79,199.05,198.80,198897100
07 Nov 2025,184.90,188.32,178.91,188.15,187.91,264942300
06 Nov 2025,196.42,197.62,186.38,188.08,187.84,223029800
05 Nov 2025,198.77,202.92,194.65,195.21,194.96,171350300
04 Nov 2025,203.00,203.97,197.93,198.69,198.44,188919300
03 Nov 2025,208.08,211.34,205.56,206.88,206.62,180267300
31 Oct 2025,206.45,207.97,202.07,202.49,202.23,179802200
30 Oct 2025,205.15,206.16,201.41,202.89,202.63,178864400
29 Oct 2025,207.98,212.19,204.78,207.04,206.78,308829600
28 Oct 2025,193.05,203.15,191.91,201.03,200.77,297986200
27 Oct 2025,189.99,192.00,188.43,191.49,191.25,153452700
24 Oct 2025,183.84,187.47,183.50,186.26,186.02,131296700
23 Oct 2025,180.42,183.03,179.79,182.16,181.93,111363700
22 Oct 2025,181.14,183.44,176.76,180.28,180.05,162249600
21 Oct 2025,182.79,182.79,179.80,181.16,180.93,124240200
20 Oct 2025,183.13,185.20,181.73,182.64,182.41,128544700
17 Oct 2025,180.18,184.10,179.75,183.22,182.99,173135200
16 Oct 2025,182.23,183.28,179.77,181.81,181.58,179723300
15 Oct 2025,184.80,184.87,177.29,179.83,179.60,214450500
14 Oct 2025,184.77,184.80,179.70,180.03,179.80,205641400
13 Oct 2025,187.97,190.11,185.96,188.32,188.08,153482800
10 Oct 2025,193.51,195.62,182.05,183.16,182.93,268774400
09 Oct 2025,192.23,195.30,191.06,192.57,192.32,182997200
08 Oct 2025,186.57,189.60,186.54,189.11,188.87,130168900
07 Oct 2025,186.23,189.06,184.00,185.04,184.80,140088000
06 Oct 2025,185.50,187.23,183.33,185.54,185.30,157678100
03 Oct 2025,189.19,190.36,185.38,187.62,187.38,137596900
02 Oct 2025,189.60,191.05,188.06,188.89,188.65,136805800
01 Oct 2025,185.24,188.14,183.90,187.24,187.00,173844900
30 Sep 2025,182.08,187.35,181.48,186.58,186.34,236981000
29 Sep 2025,180.43,184.00,180.32,181.85,181.62,193063500
26 Sep 2025,178.17,179.77,174.93,178.19,177.96,148573700
25 Sep 2025,174.48,180.26,173.13,177.69,177.46,191586700
24 Sep 2025,179.77,179.78,175.40,176.97,176.74,143564100
23 Sep 2025,181.97,182.42,176.21,178.43,178.20,192559600
22 Sep 2025,175.30,184.55,174.71,183.61,183.38,269637000
19 Sep 2025,175.77,178.08,175.18,176.67,176.44,237182100
18 Sep 2025,173.98,177.10,172.96,176.24,176.02,191763300
17 Sep 2025,172.64,173.20,168.41,170.29,170.07,211843800
16 Sep 2025,177.00,177.50,174.38,174.88,174.66,140737800
15 Sep 2025,175.67,178.85,174.51,177.75,177.52,147061600
12 Sep 2025,177.77,178.60,176.45,177.82,177.59,124911000
11 Sep 2025,179.68,180.28,176.48,177.17,176.94,151159300
10 Sep 2025,176.64,179.29,175.47,177.33,177.09,226852000
09 Sep 2025,169.09,170.98,166.74,170.76,170.53,157548400
08 Sep 2025,167.55,170.96,167.35,168.31,168.09,163769100
05 Sep 2025,168.03,169.03,164.07,167.02,166.80,224441400
04 Sep 2025,170.57,171.86,169.41,171.66,171.43,141670100
03 Sep 2025,171.06,172.41,168.88,170.62,170.39,164424900
02 Sep 2025,170.00,172.38,167.22,170.78,170.55,231164900
29 Aug 2025,178.11,178.15,173.15,174.18,173.95,243257900
28 Aug 2025,180.82,184.47,176.41,180.17,179.93,281787800
27 Aug 2025,181.98,182.49,179.10,181.60,181.36,235518900
26 Aug 2025,180.06,182.39,178.81,181.77,181.53,168688200
25 Aug 2025,178.35,181.91,176.57,179.81,179.57,163012800
22 Aug 2025,172.61,178.59,171.20,177.99,177.75,172789400
21 Aug 2025,174.85,176.90,173.81,174.98,174.75,140040900
20 Aug 2025,175.17,176.00,168.80,175.40,175.17,215142700
19 Aug 2025,182.43,182.50,175.49,175.64,175.41,185229200
18 Aug 2025,180.60,182.94,180.59,182.01,181.77,132008000
15 Aug 2025,181.88,181.90,178.04,180.45,180.21,156602200
14 Aug 2025,179.75,183.02,179.46,182.02,181.78,129554000
13 Aug 2025,182.62,183.97,179.35,181.59,181.35,179871700
12 Aug 2025,182.96,184.48,179.46,183.16,182.92,145485700
11 Aug 2025,182.05,183.84,180.25,182.06,181.82,138323200
08 Aug 2025,181.55,183.30,180.40,182.70,182.46,123396700
07 Aug 2025,181.57,183.88,178.80,180.77,180.53,151878400
06 Aug 2025,176.33,179.90,176.25,179.42,179.18,137192300
05 Aug 2025,179.62,180.26,175.90,178.26,178.02,156407600
04 Aug 2025,175.16,180.20,174.52,180.00,179.76,148174600
01 Aug 2025,174.09,176.54,170.89,173.72,173.49,204529000
31 Jul 2025,182.90,183.30,175.93,177.87,177.63,221685400
30 Jul 2025,176.51,179.89,176.04,179.27,179.03,174312200
29 Jul 2025,177.96,179.38,175.02,175.51,175.28,154077500
28 Jul 2025,174.02,177.00,173.97,176.75,176.51,140023500
25 Jul 2025,173.61,174.72,172.96,173.50,173.27,122316800
24 Jul 2025,172.44,173.83,171.30,173.74,173.51,128984600
23 Jul 2025,169.53,171.26,167.97,170.78,170.55,154082200
22 Jul 2025,171.34,171.39,164.58,167.03,166.81,193114300
21 Jul 2025,172.75,173.38,171.00,171.38,171.15,123126100
18 Jul 2025,173.64,174.25,171.26,172.41,172.18,146456400
17 Jul 2025,172.02,174.16,170.83,173.00,172.77,160841100
16 Jul 2025,171.06,171.75,168.90,171.37,171.14,158831500
15 Jul 2025,171.19,172.40,169.20,170.70,170.47,230627400
14 Jul 2025,165.37,165.49,162.02,164.07,163.85,136975800
11 Jul 2025,163.72,167.89,163.47,164.92,164.70,193633300
10 Jul 2025,164.32,164.50,161.61,164.10,163.88,167704100
09 Jul 2025,161.22,164.42,161.16,162.88,162.66,183656400
08 Jul 2025,159.33,160.22,158.39,160.00,159.79,138133000
07 Jul 2025,158.20,159.31,157.34,158.24,158.03,140139000
03 Jul 2025,158.37,160.98,157.77,159.34,159.13,143716100
02 Jul 2025,152.98,157.60,152.97,157.25,157.04,171224100
01 Jul 2025,156.29,157.20,151.49,153.30,153.10,213143600
30 Jun 2025,158.40,158.66,155.96,157.99,157.78,194580300
27 Jun 2025,156.04,158.71,155.26,157.75,157.54,263234500
26 Jun 2025,155.98,156.72,154.00,155.02,154.81,198145700
25 Jun 2025,149.27,154.45,149.26,154.31,154.10,269146500
24 Jun 2025,145.56,147.96,145.50,147.90,147.70,187566100
23 Jun 2025,142.50,144.78,142.03,144.17,143.98,154308900
20 Jun 2025,145.45,146.20,142.65,143.85,143.66,242956200
18 Jun 2025,144.01,145.65,143.12,145.48,145.29,161494100
17 Jun 2025,144.49,145.22,143.78,144.12,143.93,139108000
16 Jun 2025,143.35,146.18,143.20,144.69,144.50,183133700
13 Jun 2025,142.48,143.58,140.85,141.97,141.78,180820600
12 Jun 2025,141.97,145.00,141.85,145.00,144.81,162365000
11 Jun 2025,144.61,144.99,141.87,142.83,142.64,167694000
10 Jun 2025,142.69,144.29,141.53,143.96,143.76,155881900
09 Jun 2025,143.19,145.00,141.94,142.63,142.43,185114500
06 Jun 2025,142.51,143.27,141.51,141.72,141.52,153986200
05 Jun 2025,142.17,144.00,138.83,139.99,139.79,231397900
04 Jun 2025,142.19,142.39,139.54,141.92,141.72,167120800
03 Jun 2025,138.78,142.00,137.95,141.22,141.02,225578800
02 Jun 2025,135.49,138.12,135.40,137.38,137.19,197663100
30 May 2025,138.72,139.62,132.92,135.13,134.94,333170900
29 May 2025,142.25,143.49,137.91,139.19,139.00,369241900
28 May 2025,136.03,137.25,134.79,134.81,134.62,304021100
27 May 2025,134.15,135.66,133.31,135.50,135.31,192953600
23 May 2025,130.00,132.68,129.16,131.29,131.11,198821300
22 May 2025,132.23,134.25,131.55,132.83,132.64,187344000
21 May 2025,133.06,137.40,130.59,131.80,131.62,270608700
20 May 2025,134.29,134.58,132.62,134.38,134.19,161514200
19 May 2025,132.39,135.87,132.39,135.57,135.38,193154600
16 May 2025,136.22,136.35,133.46,135.40,135.21,226542500
15 May 2025,134.29,136.30,132.66,134.83,134.64,226632600
14 May 2025,133.20,135.44,131.68,135.34,135.15,281180800
13 May 2025,124.98,131.22,124.47,129.93,129.75,330430100
12 May 2025,121.97,123.00,120.28,123.00,122.83,225023300
09 May 2025,117.35,118.23,115.21,116.65,116.49,132972200
08 May 2025,118.25,118.68,115.85,117.37,117.21,198428100
07 May 2025,113.05,117.68,112.28,117.06,116.90,206758800
06 May 2025,111.48,114.74,110.82,113.54,113.38,158525600
05 May 2025,112.91,114.67,112.66,113.82,113.66,133163200
02 May 2025,114.18,115.40,113.37,114.50,114.34,190194800
01 May 2025,113.08,114.94,111.30,111.61,111.45,236121500
30 Apr 2025,104.47,108.92,104.08,108.92,108.77,235044600
29 Apr 2025,107.67,110.20,107.44,109.02,108.87,170444300
28 Apr 2025,109.69,110.37,106.02,108.73,108.58,207708500
25 Apr 2025,106.85,111.92,105.73,111.01,110.85,251064700
24 Apr 2025,103.48,106.54,103.11,106.43,106.28,220815000
23 Apr 2025,104.52,104.80,102.02,102.71,102.57,247526000
22 Apr 2025,98.78,99.81,97.28,98.89,98.75,241004800
21 Apr 2025,98.77,99.44,95.04,96.91,96.77,288501100
17 Apr 2025,104.45,104.47,100.05,101.49,101.35,292517500
16 Apr 2025,104.55,106.79,100.45,104.49,104.34,397016900
15 Apr 2025,110.97,113.62,110.50,112.20,112.04,228966900
14 Apr 2025,114.11,114.29,109.07,110.71,110.56,264705000
11 Apr 2025,108.50,111.55,107.48,110.93,110.77,313417300
10 Apr 2025,109.37,110.86,99.15,107.57,107.42,437812400
09 Apr 2025,98.89,115.10,97.53,114.33,114.17,612918300
08 Apr 2025,103.81,105.85,94.46,96.30,96.17,476243400
07 Apr 2025,87.46,101.75,86.62,97.64,97.50,611041300
04 Apr 2025,98.91,100.13,92.11,94.31,94.18,532273800
03 Apr 2025,103.51,105.63,101.60,101.80,101.66,338769400
02 Apr 2025,107.29,111.98,106.79,110.42,110.27,220601200
01 Apr 2025,108.52,110.20,106.47,110.15,110.00,222614000
31 Mar 2025,105.13,110.96,103.65,108.38,108.23,299212700
28 Mar 2025,111.49,112.87,109.07,109.67,109.52,229872500
27 Mar 2025,111.35,114.45,110.66,111.43,111.27,236902100
26 Mar 2025,118.73,118.84,112.71,113.76,113.60,293463300
25 Mar 2025,120.55,121.29,118.92,120.69,120.52,167447200
24 Mar 2025,119.88,122.22,119.34,121.41,121.24,228452500
21 Mar 2025,116.94,117.99,115.42,117.70,117.54,266498500
20 Mar 2025,116.55,120.20,116.47,118.53,118.36,248829700
19 Mar 2025,117.27,120.45,115.68,117.52,117.36,273426200
18 Mar 2025,118.00,119.02,114.54,115.43,115.27,299686900
17 Mar 2025,122.74,122.89,118.03,119.53,119.36,255501500
14 Mar 2025,118.61,121.88,118.15,121.67,121.50,277593500
13 Mar 2025,117.03,117.76,113.79,115.58,115.42,299033100
12 Mar 2025,114.12,116.76,112.88,115.74,115.58,323857500
11 Mar 2025,106.99,112.24,104.77,108.76,108.60,354865700
10 Mar 2025,109.90,111.85,105.46,106.98,106.82,366487400
07 Mar 2025,111.25,113.48,107.56,112.69,112.52,341755500
06 Mar 2025,113.53,115.35,110.22,110.57,110.41,321181900
05 Mar 2025,117.58,118.28,114.51,117.30,117.13,284337900
04 Mar 2025,110.65,119.31,110.11,115.99,115.82,398163300
03 Mar 2025,123.51,123.70,112.28,114.06,113.89,411381400
28 Feb 2025,118.02,125.09,116.40,124.92,124.73,389091100
27 Feb 2025,135.00,135.01,120.01,120.15,119.97,443175800
26 Feb 2025,129.99,133.73,128.49,131.28,131.08,322553800
25 Feb 2025,129.98,130.20,124.44,126.63,126.44,271428700
24 Feb 2025,136.56,138.59,130.08,130.28,130.09,251381100
21 Feb 2025,140.04,141.46,134.03,134.43,134.23,228217600
20 Feb 2025,140.03,140.66,136.79,140.11,139.90,143903600
19 Feb 2025,139.51,141.36,137.22,139.23,139.02,167536000
18 Feb 2025,141.27,143.44,137.93,139.40,139.19,219176600
14 Feb 2025,136.48,139.25,135.50,138.85,138.64,195479600
13 Feb 2025,131.56,136.50,131.17,135.29,135.09,197430000
12 Feb 2025,130.02,132.24,129.08,131.14,130.94,160278600
11 Feb 2025,132.58,134.48,131.02,132.80,132.60,178902400
10 Feb 2025,130.09,135.00,129.96,133.57,133.37,216989100
07 Feb 2025,129.22,130.37,125.00,129.84,129.65,228186300
06 Feb 2025,127.42,128.77,125.21,128.68,128.49,251483600
05 Feb 2025,121.76,125.00,120.76,124.83,124.64,262230800
04 Feb 2025,116.96,121.20,116.70,118.65,118.47,256550000
03 Feb 2025,114.75,118.57,113.01,116.66,116.49,371235700
31 Jan 2025,123.78,127.85,119.19,120.07,119.89,388161100
30 Jan 2025,123.10,125.00,118.10,124.65,124.46,392925500
29 Jan 2025,126.50,126.89,120.05,123.70,123.52,467120600
28 Jan 2025,121.81,129.00,116.25,128.99,128.80,579666400
27 Jan 2025,124.80,128.40,116.70,118.42,118.24,818830900
24 Jan 2025,148.37,148.97,141.88,142.62,142.41,234657600
23 Jan 2025,145.05,147.23,143.72,147.22,147.00,155915500
22 Jan 2025,144.66,147.79,143.67,147.07,146.85,237651400
21 Jan 2025,139.16,141.83,137.09,140.83,140.62,197749000
17 Jan 2025,136.69,138.50,135.46,137.71,137.50,201188800
16 Jan 2025,138.64,138.75,133.49,133.57,133.37,209235600
15 Jan 2025,133.65,136.45,131.29,136.24,136.04,185217300
14 Jan 2025,136.05,136.38,130.05,131.76,131.56,195590500
13 Jan 2025,129.99,133.49,129.51,133.23,133.03,204808900
10 Jan 2025,137.45,139.92,134.22,135.91,135.71,207602500
08 Jan 2025,142.58,143.95,137.56,140.11,139.90,227349900
07 Jan 2025,153.03,153.13,140.01,140.14,139.93,351782200
06 Jan 2025,148.59,152.16,147.82,149.43,149.21,265377400
03 Jan 2025,140.01,144.90,139.73,144.47,144.25,229322500
02 Jan 2025,136.00,138.88,134.63,138.31,138.10,198247200
31 Dec 2024,138.03,138.07,133.83,134.29,134.09,155659200
30 Dec 2024,134.83,140.27,134.02,137.49,137.28,167734700
27 Dec 2024,138.55,139.02,134.71,137.01,136.81,170582600
26 Dec 2024,139.70,140.85,137.73,139.93,139.72,116205600
24 Dec 2024,140.00,141.90,138.65,140.22,140.01,105157000
23 Dec 2024,136.28,139.79,135.12,139.67,139.46,176053500
20 Dec 2024,129.81,135.28,128.22,134.70,134.50,306528600
19 Dec 2024,131.76,134.03,129.55,130.68,130.49,209719200
18 Dec 2024,133.86,136.70,128.28,128.91,128.72,277444500
17 Dec 2024,129.09,131.59,126.86,130.39,130.20,259410300
16 Dec 2024,134.18,134.40,130.42,132.00,131.80,237951100
13 Dec 2024,138.94,139.60,132.54,134.25,134.05,231514900
12 Dec 2024,137.08,138.44,135.80,137.34,137.14,159211400
11 Dec 2024,137.36,140.17,135.21,139.31,139.10,184905200
10 Dec 2024,139.01,141.82,133.79,135.07,134.87,210020900
09 Dec 2024,138.97,139.95,137.13,138.81,138.60,189308600
06 Dec 2024,144.60,145.70,141.31,142.44,142.23,188505600
05 Dec 2024,145.11,146.54,143.95,145.06,144.84,172621200
04 Dec 2024,142.00,145.79,140.29,145.14,144.91,231224300
03 Dec 2024,138.26,140.54,137.95,140.26,140.04,164414000
02 Dec 2024,138.83,140.45,137.82,138.63,138.41,171682800
29 Nov 2024,136.78,139.35,136.05,138.25,138.03,141863200
27 Nov 2024,135.01,137.22,131.80,135.34,135.13,226370900
26 Nov 2024,137.70,139.30,135.67,136.92,136.71,190287700
25 Nov 2024,141.99,142.05,135.82,136.02,135.81,344941900
22 Nov 2024,145.93,147.16,141.10,141.95,141.73,236406200
21 Nov 2024,149.35,152.89,140.70,146.67,146.44,400946600
20 Nov 2024,147.41,147.56,142.73,145.89,145.66,309871700
19 Nov 2024,141.32,147.13,140.99,147.01,146.78,227834900
18 Nov 2024,139.50,141.55,137.15,140.15,139.93,221205300
15 Nov 2024,144.87,145.24,140.08,141.98,141.76,250132900
14 Nov 2024,147.64,149.00,145.55,146.76,146.53,194463300
13 Nov 2024,149.07,149.33,145.90,146.27,146.04,191903300
12 Nov 2024,146.78,149.65,146.01,148.29,148.06,198634700
11 Nov 2024,148.68,148.85,143.57,145.26,145.03,182325600
08 Nov 2024,148.77,149.77,146.26,147.63,147.40,175665800
07 Nov 2024,146.39,148.93,146.17,148.88,148.65,207323300
06 Nov 2024,142.96,146.49,141.96,145.61,145.38,242043900
05 Nov 2024,137.45,140.37,137.33,139.91,139.69,160537400
04 Nov 2024,137.21,138.96,135.57,136.05,135.84,187528200
01 Nov 2024,134.70,137.31,134.57,135.40,135.19,207127800
31 Oct 2024,137.60,137.61,132.11,132.76,132.55,270039600
30 Oct 2024,139.54,140.33,136.81,139.34,139.12,179418100
29 Oct 2024,140.29,142.26,138.90,141.25,141.03,157593600
28 Oct 2024,143.00,143.14,140.05,140.52,140.30,173586700
25 Oct 2024,140.93,144.13,140.80,141.54,141.32,205122100
24 Oct 2024,140.82,141.35,138.46,140.41,140.19,172354900
23 Oct 2024,142.03,142.43,137.46,139.56,139.34,285930000
22 Oct 2024,142.91,144.42,141.78,143.59,143.37,226311600
21 Oct 2024,138.13,143.71,138.00,143.71,143.49,264554500
18 Oct 2024,138.67,138.90,137.28,138.00,137.78,176090200
17 Oct 2024,139.34,140.89,136.87,136.93,136.72,306435900
16 Oct 2024,133.98,136.62,131.58,135.72,135.51,264879700
15 Oct 2024,137.87,138.57,128.74,131.60,131.39,377831000
14 Oct 2024,136.47,139.60,136.30,138.07,137.85,232347700
11 Oct 2024,134.01,135.78,133.66,134.80,134.59,170209500
10 Oct 2024,131.91,135.00,131.00,134.81,134.60,242311300
09 Oct 2024,134.11,134.52,131.38,132.65,132.44,246191600
08 Oct 2024,130.26,133.48,129.42,132.89,132.68,285722500
07 Oct 2024,124.99,130.64,124.95,127.72,127.52,346250200
04 Oct 2024,124.94,125.04,121.83,124.92,124.73,243678100
03 Oct 2024,120.92,124.36,120.34,122.85,122.66,277118000
02 Oct 2024,116.44,119.38,115.14,118.85,118.66,221845900
01 Oct 2024,121.77,122.44,115.79,117.00,116.82,302094500
30 Sep 2024,118.31,121.50,118.15,121.44,121.25,226553700
27 Sep 2024,123.97,124.03,119.26,121.40,121.21,271009200
26 Sep 2024,126.80,127.67,121.80,124.04,123.85,302582900
25 Sep 2024,122.02,124.94,121.61,123.51,123.32,284692900
24 Sep 2024,116.52,121.80,115.38,120.87,120.68,354966800
23 Sep 2024,116.55,116.99,114.86,116.26,116.08,206228500
20 Sep 2024,117.06,118.62,115.39,116.00,115.82,382462400
19 Sep 2024,117.35,119.66,117.25,117.87,117.69,293506400
18 Sep 2024,115.89,117.70,113.22,113.37,113.19,310318900
17 Sep 2024,118.17,118.80,114.83,115.59,115.41,231925900
16 Sep 2024,116.79,118.18,114.36,116.78,116.60,248772300
13 Sep 2024,119.08,119.96,117.60,119.10,118.91,238358300
12 Sep 2024,116.84,120.79,115.38,119.14,118.95,366052700
11 Sep 2024,109.39,117.19,107.42,116.91,116.72,441422400
10 Sep 2024,107.81,109.40,104.95,108.10,107.92,268283700
09 Sep 2024,104.88,106.55,103.69,106.47,106.29,273912000
06 Sep 2024,108.04,108.15,100.95,102.83,102.66,413638100
05 Sep 2024,104.99,109.65,104.76,107.21,107.03,306850700
04 Sep 2024,105.41,113.27,104.12,106.21,106.04,372470300
03 Sep 2024,116.01,116.21,107.29,108.00,107.82,477155100
30 Aug 2024,119.53,121.75,117.22,119.37,119.17,333751600
29 Aug 2024,121.36,124.43,116.71,117.59,117.40,453023300
28 Aug 2024,128.12,128.33,122.64,125.61,125.40,448101100
27 Aug 2024,125.05,129.20,123.88,128.30,128.09,303134600
26 Aug 2024,129.57,131.26,124.37,126.46,126.25,331964700
23 Aug 2024,125.86,129.60,125.22,129.37,129.16,323230300
22 Aug 2024,130.02,130.75,123.10,123.74,123.54,376189100
21 Aug 2024,127.32,129.35,126.66,128.50,128.29,257883600
20 Aug 2024,128.40,129.88,125.89,127.25,127.04,300087400
19 Aug 2024,124.28,130.00,123.42,130.00,129.79,318333600
16 Aug 2024,121.94,125.00,121.18,124.58,124.38,302589900
15 Aug 2024,118.76,123.24,117.47,122.86,122.66,318086700
14 Aug 2024,118.53,118.60,114.07,118.08,117.89,339246400
13 Aug 2024,112.44,116.23,111.58,116.14,115.95,312646700
12 Aug 2024,106.32,111.07,106.26,109.02,108.84,325559900
09 Aug 2024,105.64,106.60,103.43,104.75,104.58,290844200
08 Aug 2024,102.00,105.50,97.52,104.97,104.80,391910000
07 Aug 2024,107.81,108.80,98.69,98.91,98.75,411440400
06 Aug 2024,103.84,107.71,100.55,104.25,104.08,409012100
05 Aug 2024,92.06,103.41,90.69,100.45,100.28,552842400
02 Aug 2024,103.76,108.72,101.37,107.27,107.09,482027500
01 Aug 2024,117.53,120.16,106.81,109.21,109.03,523462300
31 Jul 2024,112.90,118.34,110.88,117.02,116.83,473174200
30 Jul 2024,111.52,111.99,102.54,103.73,103.56,486833300
29 Jul 2024,113.69,116.28,111.30,111.59,111.41,248152100
26 Jul 2024,116.19,116.20,111.58,113.06,112.87,293399100
25 Jul 2024,113.04,116.63,106.30,112.28,112.10,460067000
24 Jul 2024,119.17,119.95,113.44,114.25,114.06,327776900
23 Jul 2024,122.78,124.69,122.10,122.59,122.39,173911000
22 Jul 2024,120.35,124.07,119.86,123.54,123.34,258068900
19 Jul 2024,120.35,121.60,117.37,117.93,117.74,217223800
18 Jul 2024,121.85,122.40,116.56,121.09,120.89,320979500
17 Jul 2024,121.35,121.85,116.72,117.99,117.80,390086200
16 Jul 2024,128.44,129.04,124.58,126.36,126.15,214769500
15 Jul 2024,130.56,131.39,127.18,128.44,128.23,208326200
12 Jul 2024,128.26,131.92,127.22,129.24,129.03,252680500
11 Jul 2024,135.75,136.15,127.05,127.40,127.19,374782700
10 Jul 2024,134.03,135.10,132.42,134.91,134.69,248978600
09 Jul 2024,130.35,133.82,128.65,131.38,131.16,285366600
08 Jul 2024,127.49,130.77,127.04,128.20,127.99,237677300
05 Jul 2024,127.38,128.85,125.68,125.83,125.62,214176700
03 Jul 2024,121.66,128.28,121.36,128.28,128.07,215749000
02 Jul 2024,121.13,123.41,121.03,122.67,122.47,218374000
01 Jul 2024,123.47,124.84,118.83,124.30,124.10,284885500
28 Jun 2024,124.58,127.71,122.75,123.54,123.34,315516700
27 Jun 2024,124.10,126.41,122.92,123.99,123.79,252571700
26 Jun 2024,126.13,128.12,122.60,126.40,126.19,362975900
25 Jun 2024,121.20,126.50,119.32,126.09,125.88,414192600
24 Jun 2024,123.24,124.46,118.04,118.11,117.92,476060900
21 Jun 2024,127.12,130.63,124.30,126.57,126.36,649445800
20 Jun 2024,139.80,140.76,129.52,130.78,130.56,517768400
18 Jun 2024,131.14,136.33,130.69,135.58,135.36,294335100
17 Jun 2024,132.99,133.73,129.58,130.98,130.76,288504400
14 Jun 2024,129.96,132.84,128.32,131.88,131.66,309320400
13 Jun 2024,129.39,129.80,127.16,129.61,129.40,260704500
12 Jun 2024,123.06,126.88,122.57,125.20,124.99,299595000
11 Jun 2024,121.77,122.87,118.74,120.91,120.71,222551200
10 Jun 2024,120.37,123.10,117.01,121.79,121.58,313434100
07 Jun 2024,119.77,121.69,118.02,120.89,120.68,412386000
06 Jun 2024,124.05,125.59,118.32,121.00,120.79,664696000
05 Jun 2024,118.37,122.45,117.47,122.44,122.23,528402000
04 Jun 2024,115.72,116.60,114.04,116.44,116.24,403324000
03 Jun 2024,113.62,115.00,112.00,115.00,114.80,438392000
31 May 2024,112.52,112.72,106.94,109.63,109.44,613263000
30 May 2024,114.65,115.82,109.66,110.50,110.31,484553000
29 May 2024,113.05,115.49,110.90,114.82,114.63,557442000
28 May 2024,110.24,114.94,109.88,113.90,113.70,652728000
24 May 2024,104.45,106.47,103.00,106.47,106.29,429494000
23 May 2024,102.03,106.32,101.52,103.80,103.62,835065000
22 May 2024,95.46,96.02,93.25,94.95,94.79,548648000
21 May 2024,93.60,95.40,93.18,95.39,95.22,328946000
20 May 2024,93.75,95.20,93.44,94.78,94.62,318764000
17 May 2024,94.37,94.74,91.81,92.48,92.32,359691000
16 May 2024,94.91,95.82,94.10,94.36,94.20,323952000
15 May 2024,92.47,94.86,91.60,94.63,94.47,417735000
14 May 2024,89.60,91.65,88.93,91.36,91.20,296507000
13 May 2024,90.48,91.00,88.53,90.40,90.24,289680000
10 May 2024,90.31,91.40,89.23,89.88,89.72,335325000
09 May 2024,90.53,91.07,88.23,88.75,88.59,378013000
08 May 2024,89.48,91.19,89.42,90.41,90.26,325721000
07 May 2024,91.10,91.78,89.01,90.55,90.40,437342000
06 May 2024,89.39,92.22,89.06,92.14,91.98,376203000
03 May 2024,87.79,89.28,87.04,88.79,88.64,398341000
02 May 2024,84.45,86.24,83.20,85.82,85.67,377898000
01 May 2024,85.08,86.00,81.25,83.04,82.90,559863000
30 Apr 2024,87.24,88.82,86.30,86.40,86.25,363709000
29 Apr 2024,87.60,87.99,85.27,87.76,87.61,388971000
26 Apr 2024,83.82,88.33,83.39,87.74,87.58,551011000
25 Apr 2024,78.87,83.32,78.22,82.63,82.49,424641000
24 Apr 2024,83.95,84.08,79.18,79.68,79.54,512208000
23 Apr 2024,80.77,82.77,80.26,82.42,82.28,438559000
22 Apr 2024,78.10,80.07,76.40,79.52,79.38,596341000
19 Apr 2024,83.15,84.32,75.61,76.20,76.07,875198000
18 Apr 2024,84.97,86.19,82.40,84.67,84.52,447260000
17 Apr 2024,88.34,88.78,83.95,84.04,83.89,495400000
16 Apr 2024,86.43,88.12,86.06,87.42,87.26,370453000
15 Apr 2024,89.10,90.61,85.93,86.00,85.85,443077000
12 Apr 2024,89.70,90.18,87.53,88.19,88.03,426805000
11 Apr 2024,87.42,90.74,86.93,90.62,90.46,431637000
10 Apr 2024,83.93,87.40,83.71,87.04,86.89,431929000
09 Apr 2024,87.44,87.64,83.02,85.35,85.21,501700000
08 Apr 2024,88.70,88.83,86.73,87.13,86.98,283220000
05 Apr 2024,86.87,88.48,85.93,88.01,87.86,399678000
04 Apr 2024,90.41,90.63,85.88,85.90,85.76,434965000
03 Apr 2024,88.48,90.37,88.40,88.96,88.81,370067000
02 Apr 2024,88.45,90.09,87.62,89.45,89.30,433064000
01 Apr 2024,90.30,92.22,89.20,90.36,90.21,452441000
28 Mar 2024,90.00,91.30,89.19,90.36,90.20,435212000
27 Mar 2024,93.11,93.24,89.12,90.25,90.09,586067000
26 Mar 2024,95.85,96.38,92.50,92.56,92.40,513648000
25 Mar 2024,93.94,96.77,93.51,95.00,94.84,552136000
22 Mar 2024,91.14,94.78,90.83,94.29,94.13,586719000
21 Mar 2024,92.30,92.65,90.40,91.43,91.28,480372000
20 Mar 2024,89.80,90.41,88.22,90.37,90.22,479063000
19 Mar 2024,86.70,90.54,85.01,89.40,89.24,672171000
18 Mar 2024,90.39,92.40,87.08,88.46,88.30,668976000
15 Mar 2024,86.93,89.55,86.26,87.84,87.69,642086000
14 Mar 2024,89.58,90.65,86.60,87.94,87.79,602318000
13 Mar 2024,91.06,91.50,88.43,90.89,90.73,635713000
12 Mar 2024,88.05,91.96,86.15,91.91,91.75,668075000
11 Mar 2024,86.43,88.80,84.17,85.77,85.63,678364000
08 Mar 2024,95.14,97.40,86.51,87.53,87.38,1142269000
07 Mar 2024,90.16,92.77,89.60,92.67,92.51,608119000
06 Mar 2024,88.02,89.72,87.03,88.70,88.55,582520000
05 Mar 2024,85.27,86.10,83.42,85.96,85.82,520639000
04 Mar 2024,84.13,87.69,83.72,85.24,85.09,615616000
01 Mar 2024,80.00,82.30,79.43,82.28,82.13,479135000
29 Feb 2024,79.09,79.99,78.35,79.11,78.97,507289000
28 Feb 2024,77.62,78.93,77.12,77.66,77.53,393110000
27 Feb 2024,79.38,79.48,77.16,78.70,78.56,391705000
26 Feb 2024,79.70,80.65,78.50,79.09,78.95,503973000
23 Feb 2024,80.79,82.39,77.57,78.82,78.68,829388000
22 Feb 2024,75.03,78.57,74.22,78.54,78.40,865100000
21 Feb 2024,68.01,68.89,66.25,67.47,67.35,673755000
20 Feb 2024,71.95,71.96,67.73,69.45,69.33,704833000
16 Feb 2024,74.10,74.40,72.50,72.61,72.48,495327000
15 Feb 2024,73.87,73.97,72.40,72.66,72.53,420122000
14 Feb 2024,73.20,74.24,71.94,73.90,73.77,504917000
13 Feb 2024,70.40,73.45,69.62,72.13,72.00,602580000
12 Feb 2024,72.60,74.61,71.25,72.25,72.12,613710000
09 Feb 2024,70.53,72.18,70.21,72.13,72.01,436637000
08 Feb 2024,70.07,70.79,69.46,69.64,69.52,414422000
07 Feb 2024,68.32,70.22,67.60,70.10,69.97,495575000
06 Feb 2024,69.63,69.75,66.30,68.22,68.10,683111000
05 Feb 2024,68.22,69.50,67.21,69.33,69.21,680078000
02 Feb 2024,63.97,66.60,63.69,66.16,66.04,476578000
01 Feb 2024,62.10,63.19,61.65,63.03,62.92,369146000
31 Jan 2024,61.44,62.27,60.70,61.53,61.42,453795000
30 Jan 2024,62.90,63.49,62.26,62.77,62.66,410735000
29 Jan 2024,61.23,62.49,60.91,62.47,62.35,348733000
26 Jan 2024,60.96,61.78,60.57,61.03,60.92,390309000
25 Jan 2024,62.35,62.72,60.85,61.62,61.51,482777000
24 Jan 2024,60.30,62.85,59.94,61.36,61.25,560271000
23 Jan 2024,59.57,59.91,58.58,59.87,59.77,294654000
22 Jan 2024,60.05,60.33,59.07,59.65,59.55,452955000
19 Jan 2024,57.99,59.50,57.22,59.49,59.39,543501000
18 Jan 2024,57.26,57.60,56.11,57.11,57.01,491650000
17 Jan 2024,56.35,56.47,54.74,56.05,55.95,474394000
16 Jan 2024,55.02,56.83,54.90,56.38,56.28,449580000
12 Jan 2024,54.62,54.97,54.33,54.71,54.61,352994000
11 Jan 2024,55.00,55.35,53.56,54.82,54.72,596759000
10 Jan 2024,53.62,54.60,53.49,54.35,54.25,533796000
09 Jan 2024,52.40,54.33,51.69,53.14,53.05,773100000
08 Jan 2024,49.51,52.28,49.48,52.25,52.16,642510000
05 Jan 2024,48.46,49.55,48.31,49.10,49.01,415039000
04 Jan 2024,47.77,48.50,47.51,48.00,47.91,306535000
03 Jan 2024,47.49,48.18,47.32,47.57,47.48,320896000
02 Jan 2024,49.24,49.29,47.60,48.17,48.08,411254000
29 Dec 2023,49.81,50.00,48.75,49.52,49.43,389293000
28 Dec 2023,49.64,49.88,49.41,49.52,49.43,246587000
27 Dec 2023,49.51,49.68,49.08,49.42,49.33,233648000
26 Dec 2023,48.97,49.60,48.96,49.28,49.19,244200000
22 Dec 2023,49.19,49.38,48.47,48.83,48.74,252507000
21 Dec 2023,48.81,49.10,48.42,48.99,48.90,300425000
20 Dec 2023,49.65,50.00,48.10,48.11,48.03,397894000
19 Dec 2023,49.42,49.70,48.90,49.60,49.52,464444000
18 Dec 2023,49.40,50.43,49.15,50.08,49.99,412587000
15 Dec 2023,48.19,49.40,48.12,48.89,48.80,479948000
14 Dec 2023,48.39,48.67,47.42,48.35,48.26,391232000
13 Dec 2023,47.63,48.59,47.61,48.09,48.00,447792000
12 Dec 2023,46.05,47.67,46.05,47.66,47.57,372387000
11 Dec 2023,47.49,47.53,45.83,46.63,46.54,509728000
08 Dec 2023,46.60,47.74,46.55,47.51,47.42,359224000
07 Dec 2023,45.70,46.63,45.60,46.60,46.51,350823000
06 Dec 2023,47.22,47.39,45.41,45.50,45.42,380590000
05 Dec 2023,45.47,46.60,45.27,46.57,46.48,371718000
04 Dec 2023,46.08,46.08,45.01,45.51,45.43,437543000
01 Dec 2023,46.53,47.20,46.19,46.76,46.68,369317000
30 Nov 2023,48.02,48.11,46.42,46.77,46.68,526247000
29 Nov 2023,48.38,48.76,47.86,48.14,48.05,382005000
28 Nov 2023,48.24,48.32,47.47,47.82,47.73,401491000
27 Nov 2023,47.80,48.53,47.65,48.24,48.15,395662000
24 Nov 2023,48.47,48.92,47.74,47.78,47.69,294645000
22 Nov 2023,49.85,50.33,47.69,48.72,48.63,899420000
21 Nov 2023,50.13,50.52,49.22,49.94,49.85,565747000
20 Nov 2023,49.31,50.55,49.18,50.41,50.32,414120000
17 Nov 2023,49.52,49.72,49.01,49.30,49.21,325205000
16 Nov 2023,48.68,49.53,48.33,49.48,49.39,339756000
15 Nov 2023,49.94,49.96,48.20,48.89,48.80,475497000
14 Nov 2023,49.68,49.83,49.04,49.66,49.56,416954000
13 Nov 2023,48.32,49.12,48.10,48.62,48.53,384136000
10 Nov 2023,47.50,48.47,47.28,48.33,48.24,421245000
09 Nov 2023,47.47,48.23,46.75,46.95,46.86,540496000
08 Nov 2023,46.10,46.87,45.97,46.57,46.49,346719000
07 Nov 2023,45.72,46.22,45.16,45.96,45.87,343165000
06 Nov 2023,45.28,45.94,44.90,45.75,45.67,400733000
03 Nov 2023,44.02,45.31,43.72,45.01,44.92,424610000
02 Nov 2023,43.33,43.88,42.89,43.51,43.42,409172000
01 Nov 2023,40.88,42.38,40.87,42.33,42.25,437593000
31 Oct 2023,40.45,40.88,39.23,40.78,40.70,517969000
30 Oct 2023,41.09,41.77,40.48,41.16,41.08,388028000
27 Oct 2023,41.13,41.21,40.01,40.50,40.42,416784000
26 Oct 2023,41.85,42.26,39.88,40.33,40.25,541001000
25 Oct 2023,43.40,43.65,41.56,41.78,41.70,398379000
24 Oct 2023,43.08,43.70,42.69,43.66,43.58,401463000
23 Oct 2023,41.23,43.25,40.94,42.97,42.89,478530000
20 Oct 2023,41.89,42.47,41.08,41.39,41.31,477266000
19 Oct 2023,42.81,43.30,41.88,42.10,42.02,501233000
18 Oct 2023,42.59,43.22,41.83,42.20,42.12,627294000
17 Oct 2023,44.00,44.75,42.48,43.94,43.86,812333000
16 Oct 2023,45.06,46.22,44.91,46.10,46.01,375099000
13 Oct 2023,46.96,47.12,45.28,45.46,45.38,474115000
12 Oct 2023,46.78,47.61,46.33,46.94,46.86,481325000
11 Oct 2023,46.20,46.86,46.05,46.81,46.72,378137000
10 Oct 2023,45.31,46.26,45.09,45.80,45.71,368582000
09 Oct 2023,44.84,45.60,44.37,45.27,45.19,409675000
06 Oct 2023,44.19,45.79,44.03,45.76,45.68,434436000
05 Oct 2023,44.05,44.90,43.89,44.69,44.60,393483000
04 Oct 2023,43.74,44.14,43.29,44.04,43.96,361821000
03 Oct 2023,44.81,45.13,43.25,43.52,43.44,470850000
02 Oct 2023,44.03,45.17,43.86,44.78,44.70,433298000
29 Sep 2023,43.83,44.14,43.31,43.50,43.42,397830000
28 Sep 2023,42.46,43.45,42.12,43.09,43.01,424663000
27 Sep 2023,42.33,42.87,41.63,42.47,42.39,444935000
26 Sep 2023,42.00,42.82,41.65,41.91,41.83,402282000
25 Sep 2023,41.59,42.54,41.18,42.22,42.14,419091000
22 Sep 2023,41.57,42.12,41.23,41.61,41.53,479236000
21 Sep 2023,41.58,42.10,40.98,41.02,40.94,450736000
20 Sep 2023,43.60,43.90,42.22,42.24,42.16,367108000
19 Sep 2023,43.83,43.97,43.00,43.52,43.44,373064000
18 Sep 2023,42.75,44.24,42.00,43.97,43.88,500271000
15 Sep 2023,45.34,45.60,43.81,43.90,43.82,506831000
14 Sep 2023,45.95,45.99,45.13,45.58,45.50,370097000
13 Sep 2023,44.60,45.93,44.50,45.49,45.40,398355000
12 Sep 2023,44.74,45.67,44.53,44.87,44.79,349256000
11 Sep 2023,46.15,46.16,44.31,45.18,45.09,473966000
08 Sep 2023,45.94,46.61,45.27,45.57,45.49,473069000
07 Sep 2023,45.53,46.34,45.15,46.24,46.15,433330000
06 Sep 2023,48.44,48.55,46.58,47.06,46.97,468670000
05 Sep 2023,48.22,48.85,47.86,48.55,48.45,382653000
01 Sep 2023,49.76,49.80,48.14,48.51,48.41,463830000
31 Aug 2023,49.38,49.74,48.96,49.35,49.26,528570000
30 Aug 2023,49.04,49.93,48.42,49.26,49.17,735206000
29 Aug 2023,46.67,49.08,46.39,48.78,48.69,701397000
28 Aug 2023,46.48,46.98,44.89,46.83,46.74,685192000
25 Aug 2023,47.01,47.81,45.02,46.02,45.93,925341000
24 Aug 2023,50.22,50.27,47.16,47.16,47.07,1156044000
23 Aug 2023,45.87,47.20,45.21,47.12,47.02,779046000
22 Aug 2023,48.13,48.19,45.33,45.67,45.58,755293000
21 Aug 2023,44.49,47.06,44.22,46.97,46.88,692573000
18 Aug 2023,42.63,43.58,41.66,43.30,43.21,583768000
17 Aug 2023,43.97,44.06,43.00,43.34,43.26,452395000
16 Aug 2023,44.52,44.67,43.41,43.49,43.40,527451000
15 Aug 2023,44.56,45.27,43.71,43.94,43.85,676512000
14 Aug 2023,40.49,43.80,40.31,43.75,43.67,690286000
11 Aug 2023,41.75,42.02,40.64,40.85,40.78,533085000
10 Aug 2023,42.16,43.57,41.83,42.39,42.31,492705000
09 Aug 2023,44.27,44.31,42.13,42.55,42.47,586449000
08 Aug 2023,44.85,45.24,44.06,44.66,44.58,353843000
07 Aug 2023,45.11,45.54,44.56,45.42,45.33,322154000
04 Aug 2023,44.99,45.64,44.39,44.68,44.59,362666000
03 Aug 2023,43.80,45.12,43.80,44.51,44.43,324176000
02 Aug 2023,45.83,45.84,43.39,44.27,44.18,530142000
01 Aug 2023,46.46,46.90,46.03,46.51,46.42,237858000
31 Jul 2023,46.75,47.13,46.51,46.73,46.64,251055000
28 Jul 2023,46.67,47.03,46.38,46.75,46.66,331194000
27 Jul 2023,46.52,47.40,45.75,45.90,45.81,455976000
26 Jul 2023,46.02,46.05,44.63,45.45,45.36,364237000
25 Jul 2023,44.94,46.18,44.92,45.68,45.59,348081000
24 Jul 2023,44.73,45.11,44.04,44.61,44.53,382516000
21 Jul 2023,45.79,45.87,44.10,44.31,44.22,963769000
20 Jul 2023,46.51,47.09,45.06,45.52,45.43,537865000
19 Jul 2023,47.46,47.82,46.74,47.08,46.99,427502000
18 Jul 2023,46.70,47.90,45.73,47.49,47.40,569164000
17 Jul 2023,46.29,46.50,45.26,46.46,46.37,510488000
14 Jul 2023,46.58,48.09,45.06,45.47,45.38,772075000
13 Jul 2023,44.52,46.15,44.49,45.98,45.89,478204000
12 Jul 2023,43.03,43.94,42.78,43.90,43.82,481277000
11 Jul 2023,42.48,42.76,42.07,42.40,42.32,298244000
10 Jul 2023,42.66,42.81,41.65,42.18,42.10,353908000
07 Jul 2023,42.32,43.21,42.18,42.50,42.42,355881000
06 Jul 2023,41.84,42.18,41.35,42.10,42.02,303582000
05 Jul 2023,42.13,43.18,42.08,42.32,42.23,323618000
03 Jul 2023,42.52,42.90,42.20,42.41,42.33,198209000
30 Jun 2023,41.68,42.55,41.50,42.30,42.22,501148000
29 Jun 2023,41.56,41.60,40.60,40.82,40.74,380514000
28 Jun 2023,40.66,41.85,40.52,41.12,41.04,582639000
27 Jun 2023,40.80,41.94,40.45,41.88,41.79,462175000
26 Jun 2023,42.46,42.76,40.10,40.63,40.55,594322000
23 Jun 2023,42.46,42.81,42.01,42.21,42.13,358140000
22 Jun 2023,42.25,43.43,42.23,43.03,42.94,417737000
21 Jun 2023,43.50,43.62,42.08,43.04,42.96,551603000
20 Jun 2023,43.00,43.99,42.67,43.81,43.72,451153000
16 Jun 2023,43.45,43.72,42.66,42.69,42.61,655709000
15 Jun 2023,42.60,43.29,42.15,42.65,42.57,568622000
14 Jun 2023,40.82,43.00,40.55,43.00,42.91,740465000
13 Jun 2023,40.19,41.10,39.74,41.02,40.94,613208000
12 Jun 2023,39.20,39.53,38.62,39.48,39.41,388701000
09 Jun 2023,39.04,39.71,38.57,38.77,38.69,427717000
08 Jun 2023,37.72,38.86,37.51,38.51,38.44,417772000
07 Jun 2023,38.92,39.50,37.36,37.47,37.40,511998000
06 Jun 2023,38.83,39.16,38.15,38.65,38.57,388729000
05 Jun 2023,38.91,39.56,38.71,39.17,39.09,396094000
02 Jun 2023,40.10,40.50,39.06,39.33,39.25,482731000
01 Jun 2023,38.49,40.05,38.34,39.77,39.69,635873000
31 May 2023,39.49,40.29,37.82,37.83,37.76,1002580000
30 May 2023,40.60,41.94,39.95,40.11,40.03,923401000
26 May 2023,37.89,39.17,37.55,38.95,38.87,714397000
25 May 2023,38.52,39.48,36.63,37.98,37.90,1543911000
24 May 2023,30.21,30.61,29.81,30.54,30.48,721419000
23 May 2023,31.00,31.29,30.63,30.69,30.63,356253000
22 May 2023,30.90,31.52,30.68,31.18,31.11,372000000
19 May 2023,31.54,31.58,30.92,31.26,31.20,473908000
18 May 2023,30.41,31.83,30.32,31.68,31.61,748725000
17 May 2023,29.58,30.20,29.43,30.18,30.12,432535000
16 May 2023,28.84,29.87,28.83,29.21,29.15,449405000
15 May 2023,28.51,28.97,28.15,28.95,28.89,293926000
12 May 2023,28.53,28.78,28.05,28.34,28.28,274222000
11 May 2023,28.90,28.95,28.25,28.58,28.52,322149000
10 May 2023,29.00,29.11,28.46,28.89,28.83,369350000
09 May 2023,28.90,28.97,28.45,28.57,28.51,314869000
08 May 2023,28.52,29.22,28.35,29.15,29.09,344979000
05 May 2023,27.83,28.75,27.73,28.68,28.62,361494000
04 May 2023,27.65,27.86,27.24,27.56,27.51,321850000
03 May 2023,27.84,28.37,27.47,27.80,27.75,383387000
02 May 2023,28.68,28.84,28.08,28.21,28.15,402730000
01 May 2023,27.84,29.06,27.78,28.91,28.85,570329000
28 Apr 2023,27.23,27.76,27.07,27.75,27.69,292216000
27 Apr 2023,27.36,27.50,26.62,27.23,27.17,377161000
26 Apr 2023,27.00,27.33,26.70,26.96,26.90,406337000
25 Apr 2023,27.08,27.25,26.23,26.24,26.19,378527000
24 Apr 2023,27.01,27.37,26.67,27.04,26.99,339282000
21 Apr 2023,26.95,27.18,26.72,27.12,27.06,345103000
20 Apr 2023,27.67,28.03,27.00,27.10,27.05,427713000
19 Apr 2023,27.36,28.00,27.23,27.93,27.87,358660000
18 Apr 2023,27.53,28.11,27.36,27.67,27.61,604812000
17 Apr 2023,26.57,27.01,26.43,27.00,26.95,321471000
14 Apr 2023,26.50,26.88,26.22,26.76,26.70,395660000
13 Apr 2023,26.73,26.89,26.33,26.46,26.41,353615000
12 Apr 2023,27.37,27.47,26.45,26.50,26.44,446259000
11 Apr 2023,27.72,27.79,27.13,27.17,27.11,314378000
10 Apr 2023,26.82,27.62,26.67,27.58,27.52,395279000
06 Apr 2023,26.58,27.08,26.43,27.04,26.98,397654000
05 Apr 2023,26.83,27.00,26.40,26.88,26.83,515015000
04 Apr 2023,27.97,28.00,27.31,27.45,27.40,368592000
03 Apr 2023,27.51,28.00,27.34,27.97,27.91,398716000
31 Mar 2023,27.14,27.83,27.10,27.78,27.72,433933000
30 Mar 2023,27.23,27.50,27.10,27.38,27.33,364516000
29 Mar 2023,26.83,27.08,26.60,26.98,26.93,393694000
28 Mar 2023,26.45,26.51,25.85,26.41,26.36,356104000
27 Mar 2023,26.84,27.00,26.36,26.53,26.48,361026000
24 Mar 2023,27.03,27.17,26.35,26.78,26.72,454920000
23 Mar 2023,27.11,27.50,26.69,27.19,27.14,564889000
22 Mar 2023,26.42,27.59,26.24,26.47,26.41,797295000
21 Mar 2023,26.18,26.39,25.38,26.20,26.15,547408000
20 Mar 2023,25.61,26.02,25.13,25.90,25.85,432747000
17 Mar 2023,25.98,26.40,25.67,25.73,25.67,848547000
16 Mar 2023,24.03,25.59,23.89,25.54,25.49,583253000
15 Mar 2023,23.76,24.29,23.36,24.23,24.18,524486000
14 Mar 2023,23.50,24.22,23.46,24.06,24.01,474910000
13 Mar 2023,22.75,23.30,22.30,22.97,22.92,421890000
10 Mar 2023,23.41,23.63,22.73,22.97,22.92,474866000
09 Mar 2023,24.17,24.45,23.38,23.44,23.39,501257000
08 Mar 2023,23.49,24.20,23.42,24.18,24.13,513573000
07 Mar 2023,23.60,24.12,23.24,23.29,23.24,515154000
06 Mar 2023,23.89,24.25,23.49,23.55,23.50,437429000
03 Mar 2023,23.32,23.90,23.13,23.89,23.84,412393000
02 Mar 2023,22.49,23.38,22.43,23.31,23.26,389415000
01 Mar 2023,23.19,23.26,22.51,22.70,22.65,460026000
28 Feb 2023,23.37,23.83,23.21,23.22,23.16,455963000
27 Feb 2023,23.67,23.88,23.45,23.50,23.45,452994000
24 Feb 2023,23.23,23.47,22.95,23.29,23.23,589716000
23 Feb 2023,23.44,23.89,23.02,23.66,23.61,1117995000
22 Feb 2023,20.71,21.10,20.42,20.75,20.71,513184000
21 Feb 2023,21.00,21.49,20.62,20.66,20.61,410015000
17 Feb 2023,21.63,21.74,20.98,21.39,21.34,465888000
16 Feb 2023,22.13,22.55,21.93,22.00,21.95,412026000
15 Feb 2023,22.55,22.85,22.11,22.76,22.71,420575000
14 Feb 2023,21.58,23.05,21.37,22.97,22.92,675474000
13 Feb 2023,21.54,22.05,20.96,21.79,21.74,474919000
10 Feb 2023,21.69,22.08,20.81,21.26,21.22,550737000
09 Feb 2023,22.61,23.02,22.12,22.34,22.29,523876000
08 Feb 2023,22.39,22.88,22.01,22.20,22.16,559651000
07 Feb 2023,21.38,22.26,21.15,22.17,22.12,664150000
06 Feb 2023,20.81,21.57,20.79,21.09,21.04,452197000
03 Feb 2023,21.00,21.75,20.79,21.10,21.05,429366000
02 Feb 2023,21.00,21.95,20.70,21.71,21.66,564276000
01 Feb 2023,19.69,21.19,19.61,20.94,20.90,660477000
31 Jan 2023,19.17,19.69,18.95,19.54,19.49,498017000
30 Jan 2023,19.95,20.14,19.15,19.16,19.12,488611000
27 Jan 2023,19.46,20.63,19.41,20.36,20.32,542142000
26 Jan 2023,19.70,20.17,19.28,19.80,19.76,489535000
25 Jan 2023,18.91,19.37,18.58,19.32,19.28,449537000
24 Jan 2023,18.83,19.50,18.82,19.26,19.22,496204000
23 Jan 2023,18.06,19.25,17.82,19.19,19.15,655163000
20 Jan 2023,17.01,17.86,16.83,17.84,17.80,564967000
19 Jan 2023,17.04,17.20,16.73,16.76,16.73,452932000
18 Jan 2023,17.67,17.87,17.28,17.38,17.34,439624000
17 Jan 2023,16.90,17.73,16.90,17.70,17.66,511102000
13 Jan 2023,16.28,16.92,16.17,16.90,16.86,447287000
12 Jan 2023,16.10,16.64,15.49,16.51,16.47,551409000
11 Jan 2023,15.84,16.03,15.56,16.00,15.97,353285000
10 Jan 2023,15.51,15.96,15.47,15.91,15.87,384101000
09 Jan 2023,15.28,16.06,15.14,15.63,15.59,504231000
06 Jan 2023,14.47,15.01,14.03,14.86,14.83,405044000
05 Jan 2023,14.49,14.56,14.15,14.27,14.23,389168000
04 Jan 2023,14.57,14.85,14.24,14.75,14.72,431324000
03 Jan 2023,14.85,15.00,14.10,14.31,14.28,401277000
30 Dec 2022,14.33,14.63,14.23,14.61,14.58,310490000
29 Dec 2022,14.40,14.68,14.23,14.60,14.57,354923000
28 Dec 2022,13.93,14.26,13.88,14.04,14.00,351066000
27 Dec 2022,15.07,15.10,14.06,14.12,14.09,464902000
23 Dec 2022,15.20,15.34,14.88,15.21,15.17,349326000
22 Dec 2022,16.09,16.14,14.88,15.34,15.30,565045000
21 Dec 2022,16.11,16.63,16.10,16.50,16.46,325025000
20 Dec 2022,16.06,16.31,15.85,16.08,16.05,403260000
19 Dec 2022,16.57,16.61,16.15,16.25,16.22,354039000
16 Dec 2022,16.86,17.04,16.41,16.57,16.53,478232000
15 Dec 2022,17.15,17.32,16.70,16.95,16.91,478542000
14 Dec 2022,17.99,18.25,17.42,17.67,17.63,496888000
13 Dec 2022,18.53,18.79,17.71,18.07,18.03,656589000
12 Dec 2022,17.04,17.54,16.80,17.53,17.50,457328000
09 Dec 2022,17.16,17.58,16.98,17.00,16.96,465338000
08 Dec 2022,16.27,17.18,15.96,17.17,17.13,515456000
07 Dec 2022,15.77,16.19,15.67,16.12,16.08,372388000
06 Dec 2022,16.53,16.57,15.82,15.99,15.95,352694000
05 Dec 2022,16.68,17.00,16.47,16.61,16.57,352255000
02 Dec 2022,16.66,16.93,16.44,16.88,16.84,371389000
01 Dec 2022,17.00,17.26,16.64,17.14,17.10,470977000
30 Nov 2022,15.70,16.93,15.60,16.92,16.89,565298000
29 Nov 2022,15.83,15.93,15.52,15.64,15.60,298384000
28 Nov 2022,16.03,16.36,15.73,15.83,15.79,303741000
25 Nov 2022,16.32,16.49,16.17,16.27,16.23,167934000
23 Nov 2022,16.10,16.53,16.05,16.52,16.48,427241000
22 Nov 2022,15.33,16.06,15.12,16.04,16.00,472866000
21 Nov 2022,15.15,15.48,15.08,15.32,15.28,404739000
18 Nov 2022,15.97,16.00,15.12,15.41,15.37,492072000
17 Nov 2022,15.72,16.27,15.53,15.68,15.64,710894000
16 Nov 2022,16.16,16.36,15.87,15.91,15.87,649547000
15 Nov 2022,16.72,17.00,16.38,16.67,16.62,545876000
14 Nov 2022,16.22,16.54,15.92,16.30,16.25,527852000
11 Nov 2022,15.81,16.39,15.48,16.33,16.29,655487000
10 Nov 2022,14.80,15.77,14.55,15.75,15.71,700819000
09 Nov 2022,14.16,14.21,13.76,13.78,13.74,454414000
08 Nov 2022,14.80,14.89,14.22,14.60,14.57,595292000
07 Nov 2022,14.23,14.41,13.95,14.30,14.27,410061000
04 Nov 2022,13.99,14.23,13.70,14.16,14.12,612576000
03 Nov 2022,13.04,13.78,12.96,13.42,13.39,500065000
02 Nov 2022,13.85,14.21,13.21,13.22,13.19,672628000
01 Nov 2022,13.81,13.93,13.52,13.54,13.51,432817000
31 Oct 2022,13.78,13.84,13.30,13.50,13.46,486341000
28 Oct 2022,13.10,13.85,13.06,13.83,13.80,521040000
27 Oct 2022,13.63,13.84,13.12,13.18,13.14,583113000
26 Oct 2022,12.87,13.39,12.71,12.90,12.86,532953000
25 Oct 2022,12.69,13.30,12.66,13.26,13.23,505482000
24 Oct 2022,12.51,12.71,12.06,12.60,12.57,517457000
21 Oct 2022,12.10,12.50,11.89,12.47,12.44,609494000
20 Oct 2022,12.11,12.77,12.10,12.19,12.16,652398000
19 Oct 2022,11.88,12.35,11.83,12.05,12.02,523131000
18 Oct 2022,12.34,12.49,11.62,11.97,11.94,659362000
17 Oct 2022,11.52,11.95,11.52,11.89,11.86,580774000
14 Oct 2022,12.06,12.11,11.20,11.23,11.20,713432000
13 Oct 2022,10.97,12.08,10.81,11.96,11.93,850103000
12 Oct 2022,11.58,11.73,11.35,11.50,11.47,492590000
11 Oct 2022,11.56,11.85,11.28,11.59,11.56,667482000
10 Oct 2022,12.04,12.12,11.41,11.67,11.64,698699000
07 Oct 2022,12.51,12.67,12.02,12.08,12.05,672478000
06 Oct 2022,13.22,13.66,13.10,13.13,13.10,644157000
05 Oct 2022,12.91,13.32,12.62,13.21,13.18,507131000
04 Oct 2022,12.88,13.22,12.88,13.17,13.13,584182000
03 Oct 2022,12.35,12.68,12.10,12.51,12.48,547478000
30 Sep 2022,12.09,12.63,12.07,12.14,12.11,565638000
29 Sep 2022,12.45,12.50,11.95,12.22,12.19,532763000
28 Sep 2022,12.41,12.82,12.35,12.74,12.70,542414000
27 Sep 2022,12.51,12.74,12.26,12.41,12.38,553854000
26 Sep 2022,12.49,12.66,12.21,12.23,12.20,547343000
23 Sep 2022,12.42,12.61,12.26,12.52,12.49,663309000
22 Sep 2022,13.07,13.15,12.43,12.56,12.53,759162000
21 Sep 2022,13.21,14.03,13.11,13.26,13.23,807679000
20 Sep 2022,13.22,13.48,13.06,13.18,13.14,524818000
19 Sep 2022,13.01,13.46,13.01,13.38,13.35,569685000
16 Sep 2022,12.74,13.21,12.62,13.20,13.17,670751000
15 Sep 2022,13.02,13.23,12.79,12.93,12.90,523625000
14 Sep 2022,13.25,13.29,12.91,13.13,13.10,588507000
13 Sep 2022,13.80,13.92,13.10,13.13,13.10,714956000
12 Sep 2022,14.37,14.55,14.20,14.51,14.47,484159000
09 Sep 2022,14.16,14.47,14.13,14.39,14.35,486612000
08 Sep 2022,13.46,14.01,13.37,13.99,13.96,624873000
07 Sep 2022,13.56,13.84,13.35,13.71,13.68,512657000
06 Sep 2022,13.73,13.78,13.35,13.47,13.43,535751000
02 Sep 2022,14.10,14.17,13.59,13.65,13.61,743157000
01 Sep 2022,14.21,14.38,13.27,13.94,13.90,1178865000
31 Aug 2022,15.38,15.54,14.96,15.09,15.05,573710000
30 Aug 2022,15.96,16.04,15.18,15.47,15.43,530181000
29 Aug 2022,16.02,16.34,15.77,15.80,15.76,496132000
26 Aug 2022,17.86,17.92,16.24,16.26,16.21,769127000
25 Aug 2022,16.84,17.95,16.83,17.91,17.86,770691000
24 Aug 2022,17.01,17.41,16.90,17.22,17.17,522661000
23 Aug 2022,16.99,17.47,16.97,17.18,17.13,369986000
22 Aug 2022,17.49,17.56,16.97,17.03,16.99,409593000
19 Aug 2022,18.41,18.52,17.77,17.85,17.80,441588000
18 Aug 2022,18.30,18.86,18.18,18.77,18.72,415447000
17 Aug 2022,18.52,18.69,18.15,18.33,18.28,446799000
16 Aug 2022,18.92,19.14,18.50,18.88,18.83,451240000
15 Aug 2022,18.70,19.16,18.61,19.03,18.98,457666000
12 Aug 2022,18.16,18.72,17.95,18.71,18.66,478094000
11 Aug 2022,18.13,18.71,17.88,17.94,17.89,509327000
10 Aug 2022,17.70,18.12,17.32,18.10,18.05,597422000
09 Aug 2022,17.25,17.45,16.72,17.09,17.04,668263000
08 Aug 2022,17.50,18.24,17.24,17.79,17.74,981859000
05 Aug 2022,18.81,19.23,18.67,18.99,18.94,386068000
04 Aug 2022,18.85,19.27,18.76,19.22,19.16,409652000
03 Aug 2022,18.18,18.97,18.14,18.89,18.84,418146000
02 Aug 2022,18.12,18.94,18.09,18.53,18.47,489527000
01 Aug 2022,18.18,18.85,17.99,18.44,18.39,476469000
29 Jul 2022,17.81,18.24,17.69,18.16,18.11,435460000
28 Jul 2022,17.98,18.14,17.44,17.98,17.93,474646000
27 Jul 2022,17.03,17.94,16.91,17.79,17.74,569776000
26 Jul 2022,16.89,16.92,16.48,16.53,16.49,397865000
25 Jul 2022,17.02,17.12,16.65,17.02,16.98,480748000
22 Jul 2022,17.89,17.97,17.14,17.32,17.27,536671000
21 Jul 2022,17.89,18.14,17.55,18.05,18.00,557049000
20 Jul 2022,16.95,17.93,16.80,17.81,17.76,760538000
19 Jul 2022,16.49,17.11,16.17,16.99,16.94,702366000
18 Jul 2022,16.30,16.90,16.00,16.10,16.06,670517000
15 Jul 2022,15.66,15.78,15.44,15.76,15.72,385935000
14 Jul 2022,15.11,15.47,14.73,15.37,15.33,456235000
13 Jul 2022,14.59,15.38,14.47,15.16,15.12,521918000
12 Jul 2022,15.27,15.43,14.88,15.08,15.04,458483000
11 Jul 2022,15.53,15.53,15.04,15.15,15.11,437321000
08 Jul 2022,15.43,16.04,15.39,15.84,15.79,467972000
07 Jul 2022,15.46,15.94,15.39,15.86,15.81,492903000
06 Jul 2022,15.01,15.32,14.79,15.13,15.09,529066000
05 Jul 2022,14.18,14.97,14.06,14.96,14.92,651397000
01 Jul 2022,14.90,15.06,14.39,14.52,14.48,577610000
30 Jun 2022,15.36,15.57,14.86,15.16,15.12,686070000
29 Jun 2022,15.81,15.82,15.17,15.54,15.50,482352000
28 Jun 2022,16.90,17.20,15.94,15.98,15.94,461149000
27 Jun 2022,17.31,17.33,16.63,16.87,16.82,427968000
24 Jun 2022,16.50,17.14,16.31,17.13,17.08,472153000
23 Jun 2022,16.52,16.58,15.85,16.23,16.18,463680000
22 Jun 2022,16.23,16.66,16.18,16.36,16.31,437135000
21 Jun 2022,16.48,17.01,16.41,16.57,16.52,483089000
17 Jun 2022,15.65,15.99,15.33,15.88,15.84,630334000
16 Jun 2022,15.86,15.94,15.40,15.60,15.56,545749000
15 Jun 2022,16.09,16.87,15.93,16.53,16.48,563936000
14 Jun 2022,15.73,16.07,15.41,15.84,15.79,469680000
13 Jun 2022,16.00,16.31,15.61,15.65,15.60,604153000
10 Jun 2022,17.60,17.70,16.87,16.97,16.93,465248000
09 Jun 2022,18.48,18.93,18.04,18.05,18.00,395574000
08 Jun 2022,18.80,19.18,18.53,18.65,18.60,363252000
07 Jun 2022,18.47,19.00,18.19,18.93,18.87,388914000
06 Jun 2022,19.14,19.34,18.56,18.79,18.73,422406000
03 Jun 2022,19.08,19.33,18.52,18.72,18.66,598779000
02 Jun 2022,18.29,19.62,18.20,19.59,19.53,648656000
01 Jun 2022,18.72,19.05,18.12,18.32,18.27,544514000
31 May 2022,18.98,19.20,18.35,18.67,18.62,664100000
27 May 2022,18.19,18.88,18.10,18.81,18.75,738379000
26 May 2022,16.04,18.09,16.02,17.85,17.80,996575000
25 May 2022,16.02,17.11,16.00,16.98,16.92,781132000
24 May 2022,16.51,16.60,15.78,16.15,16.11,588550000
23 May 2022,16.27,16.92,16.18,16.90,16.85,639889000
20 May 2022,17.33,17.41,15.76,16.69,16.64,739105000
19 May 2022,16.94,17.69,16.73,17.12,17.07,621310000
18 May 2022,17.70,18.12,16.86,16.94,16.89,545161000
17 May 2022,18.07,18.37,17.63,18.18,18.12,585830000
16 May 2022,17.51,17.79,17.11,17.26,17.21,521446000
13 May 2022,16.79,17.93,16.59,17.71,17.65,670437000
12 May 2022,16.22,16.79,15.57,16.17,16.13,708728000
11 May 2022,17.35,17.75,16.57,16.63,16.58,670167000
10 May 2022,17.69,18.20,17.02,17.59,17.54,761474000
09 May 2022,18.03,18.25,16.83,16.95,16.90,644455000
06 May 2022,18.74,19.51,17.99,18.67,18.62,633297000
05 May 2022,19.87,19.92,18.50,18.84,18.79,626331000
04 May 2022,19.92,20.40,18.75,20.33,20.27,648855000
03 May 2022,19.40,19.83,19.13,19.60,19.54,475751000
02 May 2022,18.54,19.57,18.39,19.53,19.47,572049000
29 Apr 2022,19.40,20.13,18.52,18.55,18.49,500435000
28 Apr 2022,18.97,20.04,18.49,19.78,19.72,570327000
27 Apr 2022,18.60,19.17,18.29,18.42,18.36,499460000
26 Apr 2022,19.72,19.79,18.67,18.79,18.73,653143000
25 Apr 2022,19.20,19.94,19.10,19.90,19.84,641566000
22 Apr 2022,20.30,20.49,19.50,19.51,19.46,624713000
21 Apr 2022,21.71,22.39,20.00,20.18,20.12,656209000
20 Apr 2022,22.52,22.67,21.20,21.48,21.42,468974000
19 Apr 2022,21.72,22.37,21.31,22.20,22.13,512781000
18 Apr 2022,21.20,22.09,21.08,21.78,21.72,525701000
14 Apr 2022,22.50,22.78,21.16,21.26,21.19,569097000
13 Apr 2022,21.73,22.50,21.45,22.20,22.14,516943000
12 Apr 2022,22.54,22.73,21.28,21.50,21.44,662258000
11 Apr 2022,22.21,22.32,21.66,21.92,21.85,575207000
08 Apr 2022,23.92,23.92,23.06,23.12,23.05,524781000
07 Apr 2022,24.44,24.72,23.48,24.21,24.14,557992000
06 Apr 2022,24.93,25.30,24.00,24.41,24.33,703833000
05 Apr 2022,27.25,27.32,25.82,25.93,25.85,436615000
04 Apr 2022,26.73,27.56,26.61,27.36,27.28,397120000
01 Apr 2022,27.38,27.50,26.27,26.71,26.63,517235000
31 Mar 2022,27.78,28.25,27.27,27.29,27.20,523440000
30 Mar 2022,28.30,28.50,27.50,27.69,27.61,463487000
29 Mar 2022,28.69,28.95,27.98,28.66,28.57,488984000
28 Mar 2022,27.76,28.25,27.21,28.22,28.13,425494000
25 Mar 2022,27.89,28.36,27.27,27.69,27.61,579016000
24 Mar 2022,26.17,28.32,25.91,28.15,28.07,877379000
23 Mar 2022,26.13,26.61,25.58,25.63,25.56,502120000
22 Mar 2022,26.73,27.24,26.07,26.52,26.44,547007000
21 Mar 2022,26.51,27.15,25.97,26.73,26.65,591727000
18 Mar 2022,24.80,26.57,24.62,26.45,26.37,730719000
17 Mar 2022,24.12,24.84,23.91,24.77,24.69,471941000
16 Mar 2022,23.50,24.60,23.17,24.50,24.42,671422000
15 Mar 2022,21.52,23.04,21.32,22.97,22.90,491996000
14 Mar 2022,21.87,22.26,21.16,21.33,21.27,385354000
11 Mar 2022,23.02,23.15,22.05,22.10,22.03,367209000
10 Mar 2022,22.53,22.79,21.88,22.66,22.59,428066000
09 Mar 2022,22.39,23.22,22.25,23.01,22.95,492742000
08 Mar 2022,21.31,22.37,20.65,21.51,21.45,557467000
07 Mar 2022,22.82,23.03,21.33,21.35,21.29,450821000
04 Mar 2022,23.38,23.68,22.48,22.94,22.87,431415000
03 Mar 2022,24.26,24.33,23.47,23.71,23.64,365095000
02 Mar 2022,23.76,24.41,23.42,24.22,24.15,389642000
01 Mar 2022,24.29,24.38,23.13,23.48,23.40,412056000
28 Feb 2022,23.99,24.67,23.71,24.39,24.31,477319000
25 Feb 2022,23.72,24.22,23.38,24.16,24.08,528866000
24 Feb 2022,21.01,23.80,20.89,23.75,23.67,735801000
23 Feb 2022,23.80,24.16,22.30,22.39,22.32,566511000
22 Feb 2022,23.03,24.06,23.00,23.39,23.32,633422000
18 Feb 2022,24.67,24.99,23.10,23.64,23.57,761255000
17 Feb 2022,25.63,25.78,24.17,24.51,24.43,810595000
16 Feb 2022,26.26,26.58,25.55,26.51,26.43,732676000
15 Feb 2022,24.95,26.55,24.78,26.50,26.41,699869000
14 Feb 2022,23.93,24.88,23.75,24.27,24.19,440424000
11 Feb 2022,25.92,26.15,23.77,23.95,23.87,605472000
10 Feb 2022,26.00,26.92,25.60,25.82,25.74,513200000
09 Feb 2022,25.62,26.73,25.35,26.70,26.62,524282000
08 Feb 2022,24.36,25.23,23.98,25.11,25.03,410359000
07 Feb 2022,24.37,25.18,24.20,24.73,24.65,376868000
04 Feb 2022,23.97,24.64,23.63,24.32,24.24,354829000
03 Feb 2022,24.46,25.08,23.78,23.95,23.87,410178000
02 Feb 2022,25.79,25.82,24.55,25.24,25.16,543419000
01 Feb 2022,25.10,25.15,23.89,24.64,24.56,518925000
31 Jan 2022,23.18,24.51,23.05,24.49,24.41,564680000
28 Jan 2022,22.01,22.86,21.30,22.84,22.77,543774000
27 Jan 2022,23.57,24.00,21.67,21.94,21.87,573353000
26 Jan 2022,23.24,24.06,22.30,22.77,22.70,755959000
25 Jan 2022,22.55,22.94,22.00,22.32,22.25,664616000
24 Jan 2022,22.33,23.38,20.89,23.37,23.30,913982000
21 Jan 2022,23.51,24.82,23.26,23.37,23.30,718958000
20 Jan 2022,25.30,25.58,24.08,24.15,24.07,435181000
19 Jan 2022,26.08,26.54,25.05,25.07,24.99,488315000
18 Jan 2022,26.26,26.64,25.77,25.90,25.82,424270000
14 Jan 2022,26.30,27.20,26.21,26.94,26.86,395832000
13 Jan 2022,28.38,28.48,26.50,26.58,26.49,540171000
12 Jan 2022,28.07,28.59,27.61,28.00,27.91,383413000
11 Jan 2022,27.32,28.07,26.84,27.82,27.73,404089000
10 Jan 2022,26.58,27.47,25.64,27.40,27.31,594681000
07 Jan 2022,28.14,28.42,27.06,27.25,27.16,409939000
06 Jan 2022,27.64,28.44,27.07,28.18,28.09,454186000
05 Jan 2022,28.95,29.42,27.53,27.60,27.52,498064000
04 Jan 2022,30.28,30.47,28.35,29.29,29.20,527154000
03 Jan 2022,29.82,30.71,29.78,30.12,30.03,391547000
31 Dec 2021,29.67,30.03,29.33,29.41,29.32,266530000
30 Dec 2021,29.83,30.46,29.54,29.59,29.49,308864000
29 Dec 2021,30.27,30.55,29.37,30.00,29.91,343139000
28 Dec 2021,31.31,31.33,30.01,30.32,30.23,420591000
27 Dec 2021,29.66,31.09,29.64,30.94,30.85,403686000
23 Dec 2021,29.75,30.06,29.43,29.64,29.55,343022000
22 Dec 2021,28.89,29.56,28.45,29.40,29.31,395184000
21 Dec 2021,28.37,29.12,27.40,29.08,28.98,524385000
20 Dec 2021,27.31,28.14,27.15,27.72,27.63,461847000
17 Dec 2021,27.99,28.92,27.76,27.80,27.71,713758000
16 Dec 2021,31.15,31.16,28.09,28.39,28.30,707366000
15 Dec 2021,28.40,30.50,27.84,30.46,30.36,698297000
14 Dec 2021,27.70,28.68,27.25,28.34,28.25,667035000
13 Dec 2021,30.25,30.29,28.12,28.16,28.07,598344000
10 Dec 2021,31.15,31.31,29.86,30.20,30.10,488825000
09 Dec 2021,31.73,32.21,30.43,30.49,30.39,488507000
08 Dec 2021,32.00,32.29,31.42,31.83,31.73,475551000
07 Dec 2021,30.96,32.45,30.65,32.43,32.32,593053000
06 Dec 2021,29.88,30.24,28.04,30.04,29.94,658938000
03 Dec 2021,32.00,32.13,30.13,30.69,30.60,544325000
02 Dec 2021,31.21,32.48,31.02,32.13,32.02,472890000
01 Dec 2021,33.22,33.29,31.38,31.43,31.34,484368000
30 Nov 2021,33.17,33.35,31.86,32.68,32.57,622066000
29 Nov 2021,32.37,33.41,32.04,33.38,33.27,454964000
26 Nov 2021,32.60,32.71,31.35,31.50,31.40,283069000
24 Nov 2021,31.46,32.85,30.93,32.67,32.57,435162000
23 Nov 2021,31.53,32.36,30.88,31.75,31.64,532163000
22 Nov 2021,33.52,34.65,31.90,31.96,31.85,754335000
19 Nov 2021,32.24,33.09,31.91,32.99,32.88,533867000
18 Nov 2021,32.37,32.76,31.32,31.67,31.57,781711000
17 Nov 2021,30.42,30.51,28.80,29.26,29.17,428508000
16 Nov 2021,29.76,30.39,29.71,30.20,30.10,264484000
15 Nov 2021,30.55,30.64,29.25,30.02,29.93,384909000
12 Nov 2021,30.01,30.68,29.63,30.39,30.29,413054000
11 Nov 2021,30.47,30.59,29.78,30.39,30.29,332172000
10 Nov 2021,29.36,30.85,28.78,29.46,29.36,636206000
09 Nov 2021,32.28,32.31,29.96,30.66,30.56,646746000
08 Nov 2021,30.15,31.10,29.91,30.80,30.70,503101000
05 Nov 2021,30.19,31.40,29.41,29.75,29.65,851260000
04 Nov 2021,27.23,31.36,27.12,29.80,29.70,1153631000
03 Nov 2021,26.67,26.78,26.24,26.60,26.51,239910000
02 Nov 2021,25.82,26.68,25.80,26.40,26.31,294112000
01 Nov 2021,25.65,25.89,25.23,25.83,25.74,265740000
29 Oct 2021,25.00,25.71,25.00,25.57,25.48,292503000
28 Oct 2021,24.88,24.95,24.52,24.94,24.86,234204000
27 Oct 2021,24.47,25.09,24.28,24.45,24.37,245990000
26 Oct 2021,23.99,25.26,23.92,24.72,24.64,485898000
25 Oct 2021,22.97,23.35,22.77,23.17,23.09,230235000
22 Oct 2021,22.82,23.13,22.56,22.73,22.65,249384000
21 Oct 2021,22.10,22.71,22.08,22.69,22.62,187590000
20 Oct 2021,22.31,22.43,21.98,22.10,22.03,146276000
19 Oct 2021,22.28,22.38,22.04,22.29,22.22,161473000
18 Oct 2021,21.75,22.29,21.64,22.22,22.15,189494000
15 Oct 2021,21.81,21.93,21.66,21.86,21.79,226994000
14 Oct 2021,21.29,21.75,21.12,21.75,21.67,243589000
13 Oct 2021,20.92,20.99,20.71,20.94,20.87,180652000
12 Oct 2021,20.83,21.06,20.53,20.67,20.60,162134000
11 Oct 2021,20.58,21.06,20.51,20.69,20.63,163388000
08 Oct 2021,21.10,21.21,20.77,20.83,20.76,151258000
07 Oct 2021,21.09,21.32,20.97,21.08,21.01,256919000
06 Oct 2021,20.12,20.72,20.08,20.70,20.63,297202000
05 Oct 2021,19.95,20.65,19.85,20.45,20.38,279282000
04 Oct 2021,20.50,20.54,19.56,19.73,19.67,345635000
01 Oct 2021,20.75,20.86,20.20,20.74,20.67,240978000
30 Sep 2021,20.77,21.07,20.69,20.72,20.65,221009000
29 Sep 2021,20.94,21.02,20.47,20.52,20.45,218394000
28 Sep 2021,21.21,21.42,20.65,20.70,20.63,343069000
27 Sep 2021,21.71,21.80,21.33,21.66,21.59,245215000
24 Sep 2021,22.07,22.15,21.86,22.08,22.01,217655000
23 Sep 2021,22.14,22.53,21.89,22.48,22.41,248555000
22 Sep 2021,21.37,21.96,21.20,21.94,21.87,268726000
21 Sep 2021,21.42,21.42,20.95,21.25,21.18,204688000
20 Sep 2021,21.15,21.43,20.66,21.11,21.04,349440000
17 Sep 2021,22.30,22.32,21.83,21.90,21.83,294503000
16 Sep 2021,22.18,22.28,21.93,22.24,22.17,156033000
15 Sep 2021,22.31,22.37,21.97,22.34,22.27,166538000
14 Sep 2021,22.27,22.41,22.09,22.24,22.17,199755000
13 Sep 2021,22.68,22.96,21.86,22.15,22.08,297500000
10 Sep 2021,22.35,22.63,22.27,22.48,22.40,248376000
09 Sep 2021,22.31,22.54,22.13,22.18,22.10,196856000
08 Sep 2021,22.51,22.61,21.98,22.34,22.27,254434000
07 Sep 2021,22.83,22.90,22.52,22.66,22.59,198107000
03 Sep 2021,22.33,22.99,22.20,22.84,22.77,280532000
02 Sep 2021,22.52,22.59,22.30,22.40,22.32,187834000
01 Sep 2021,22.49,22.70,22.36,22.44,22.37,201767000
31 Aug 2021,22.69,22.69,22.12,22.39,22.31,259850000
30 Aug 2021,22.83,23.04,22.55,22.69,22.61,262580000
27 Aug 2021,22.18,22.72,22.17,22.64,22.56,304722000
26 Aug 2021,22.20,22.34,21.79,22.07,21.99,237940000
25 Aug 2021,21.74,22.47,21.72,22.21,22.14,347701000
24 Aug 2021,21.75,21.96,21.53,21.79,21.72,297299000
23 Aug 2021,20.97,22.00,20.95,21.96,21.88,575807000
20 Aug 2021,19.99,20.86,19.93,20.82,20.74,675741000
19 Aug 2021,19.49,20.50,18.76,19.80,19.73,766555000
18 Aug 2021,19.50,19.63,19.00,19.04,18.97,285913000
17 Aug 2021,19.68,19.77,19.27,19.46,19.39,204585000
16 Aug 2021,20.14,20.29,19.45,19.95,19.88,210876000
13 Aug 2021,19.91,20.21,19.85,20.19,20.12,183063000
12 Aug 2021,19.87,20.03,19.62,19.91,19.84,151652000
11 Aug 2021,20.04,20.05,19.43,19.70,19.63,185925000
10 Aug 2021,20.32,20.43,19.83,19.94,19.87,179238000
09 Aug 2021,20.45,20.51,20.14,20.30,20.23,146443000
06 Aug 2021,20.52,20.57,20.21,20.37,20.30,178497000
05 Aug 2021,20.50,20.73,20.34,20.64,20.57,211435000
04 Aug 2021,19.99,20.32,19.83,20.27,20.20,231309000
03 Aug 2021,19.74,20.22,19.22,19.82,19.75,301811000
02 Aug 2021,19.70,19.96,19.36,19.75,19.68,217444000
30 Jul 2021,19.42,19.63,19.26,19.50,19.43,183497000
29 Jul 2021,19.52,19.85,19.33,19.66,19.59,190781000
28 Jul 2021,19.32,19.65,19.00,19.50,19.44,202191000
27 Jul 2021,19.26,19.62,18.74,19.21,19.14,248863000
26 Jul 2021,19.31,19.44,18.91,19.29,19.23,203943000
23 Jul 2021,19.66,19.70,19.25,19.56,19.49,195672000
22 Jul 2021,19.64,19.89,19.28,19.59,19.53,323826000
21 Jul 2021,18.88,19.53,18.74,19.41,19.34,371017000
20 Jul 2021,18.73,18.84,18.16,18.61,18.55,434687000
19 Jul 2021,17.92,19.04,17.87,18.78,18.72,749060000
16 Jul 2021,19.03,19.16,18.07,18.16,18.10,688224000
15 Jul 2021,19.81,19.85,18.86,18.97,18.90,550564000
14 Jul 2021,20.36,20.42,19.75,19.84,19.77,380100000
13 Jul 2021,20.40,20.46,20.11,20.25,20.18,290708000
12 Jul 2021,20.24,20.53,20.19,20.51,20.44,321984000
09 Jul 2021,19.96,20.08,19.75,20.05,19.98,296624000
08 Jul 2021,19.86,20.13,19.70,19.90,19.83,503300000
07 Jul 2021,20.85,20.88,20.33,20.37,20.30,418428000
06 Jul 2021,20.74,20.84,20.35,20.70,20.63,446708000
02 Jul 2021,20.44,20.51,20.29,20.49,20.42,342764000
01 Jul 2021,20.12,20.46,20.02,20.21,20.14,480136000
30 Jun 2021,20.00,20.16,19.86,20.00,19.93,326568000
29 Jun 2021,19.88,20.10,19.66,20.03,19.96,367632000
28 Jun 2021,19.36,20.08,19.32,19.99,19.92,495436000
25 Jun 2021,19.28,19.35,18.89,19.03,18.97,278364000
24 Jun 2021,19.23,19.42,19.09,19.21,19.14,320924000
23 Jun 2021,19.01,19.15,18.91,19.06,18.99,332356000
22 Jun 2021,18.47,18.96,18.39,18.89,18.82,580144000
21 Jun 2021,18.44,18.54,17.82,18.43,18.36,672384000
18 Jun 2021,18.78,19.38,18.58,18.64,18.57,968856000
17 Jun 2021,17.77,18.83,17.76,18.66,18.59,809656000
16 Jun 2021,17.79,17.95,17.58,17.81,17.75,307124000
15 Jun 2021,17.92,18.02,17.73,17.79,17.73,243032000
14 Jun 2021,17.91,18.04,17.66,18.02,17.96,321376000
11 Jun 2021,17.48,17.94,17.44,17.83,17.76,416308000
10 Jun 2021,17.35,17.49,17.18,17.42,17.36,287772000
09 Jun 2021,17.52,17.58,17.26,17.36,17.30,381656000
08 Jun 2021,17.53,17.62,17.25,17.46,17.39,323848000
07 Jun 2021,17.57,17.81,17.19,17.62,17.55,575756000
04 Jun 2021,17.11,17.66,17.10,17.58,17.51,617120000
03 Jun 2021,16.70,17.26,16.58,16.97,16.91,580008000
02 Jun 2021,16.25,16.92,16.24,16.78,16.72,594168000
01 Jun 2021,16.27,16.39,15.90,16.26,16.20,472804000
28 May 2021,15.50,16.28,15.50,16.24,16.18,644536000
27 May 2021,15.70,15.75,15.46,15.49,15.43,581476000
26 May 2021,15.73,15.79,15.59,15.70,15.64,370440000
25 May 2021,15.77,15.82,15.48,15.65,15.59,435408000
24 May 2021,15.21,15.74,15.18,15.61,15.55,554816000
21 May 2021,15.16,15.22,14.87,14.99,14.94,672992000
20 May 2021,14.30,14.68,14.27,14.61,14.56,321592000
19 May 2021,13.57,14.08,13.54,14.07,14.01,344000000
18 May 2021,14.27,14.40,14.00,14.02,13.96,186256000
17 May 2021,14.16,14.17,13.85,14.17,14.11,216980000
14 May 2021,13.89,14.33,13.75,14.24,14.19,258616000
13 May 2021,14.03,14.08,13.46,13.67,13.62,285404000
12 May 2021,14.01,14.26,13.71,13.76,13.71,303408000
11 May 2021,13.82,14.35,13.75,14.31,14.25,285584000
10 May 2021,14.79,14.81,14.25,14.27,14.21,268904000
07 May 2021,14.81,14.97,14.67,14.81,14.76,229328000
06 May 2021,14.50,14.57,14.22,14.52,14.47,193380000
05 May 2021,14.71,14.81,14.39,14.46,14.41,292024000
04 May 2021,14.64,14.64,14.01,14.35,14.30,405324000
03 May 2021,15.12,15.25,14.79,14.84,14.78,203912000
30 Apr 2021,15.17,15.36,15.00,15.01,14.95,201912000
29 Apr 2021,15.40,15.44,15.07,15.32,15.27,173196000
28 Apr 2021,15.36,15.53,15.22,15.28,15.22,209416000
27 Apr 2021,15.58,15.67,15.35,15.38,15.33,164572000
26 Apr 2021,15.19,15.48,15.12,15.48,15.42,197796000
23 Apr 2021,14.93,15.34,14.90,15.27,15.21,227500000
22 Apr 2021,15.38,15.44,14.78,14.85,14.80,277788000
21 Apr 2021,15.12,15.36,15.10,15.36,15.30,216776000
20 Apr 2021,15.32,15.50,14.96,15.17,15.12,334132000
19 Apr 2021,15.54,15.81,15.23,15.36,15.31,404420000
16 Apr 2021,16.05,16.17,15.87,15.91,15.85,335208000
15 Apr 2021,15.66,16.21,15.63,16.14,16.08,598480000
14 Apr 2021,15.62,15.72,15.23,15.28,15.22,385500000
13 Apr 2021,15.23,15.70,15.13,15.68,15.62,676212000
12 Apr 2021,14.29,15.35,14.14,15.21,15.15,869324000
09 Apr 2021,14.21,14.41,14.18,14.40,14.35,195172000
08 Apr 2021,14.25,14.47,14.25,14.32,14.26,244416000
07 Apr 2021,13.88,14.24,13.71,14.14,14.09,251284000
06 Apr 2021,14.00,14.05,13.77,13.86,13.81,191744000
05 Apr 2021,13.87,14.01,13.73,13.99,13.94,255672000
01 Apr 2021,13.57,13.87,13.51,13.81,13.76,308276000
31 Mar 2021,13.02,13.47,12.98,13.35,13.30,314776000
30 Mar 2021,12.84,12.98,12.70,12.87,12.82,200204000
29 Mar 2021,12.82,13.06,12.70,12.95,12.90,273520000
26 Mar 2021,12.55,12.86,12.37,12.84,12.79,363968000
25 Mar 2021,12.50,12.71,12.27,12.54,12.49,295144000
24 Mar 2021,13.15,13.16,12.64,12.64,12.60,245840000
23 Mar 2021,13.25,13.34,13.02,13.07,13.02,222048000
22 Mar 2021,12.91,13.39,12.91,13.19,13.14,297804000
19 Mar 2021,12.75,12.92,12.61,12.85,12.80,299208000
18 Mar 2021,13.14,13.18,12.72,12.72,12.68,293896000
17 Mar 2021,13.04,13.45,12.99,13.34,13.29,243864000
16 Mar 2021,13.36,13.51,13.12,13.29,13.24,272128000
15 Mar 2021,12.86,13.21,12.77,13.19,13.14,221988000
12 Mar 2021,12.65,12.89,12.59,12.86,12.81,243964000
11 Mar 2021,12.95,13.05,12.73,12.99,12.95,299916000
10 Mar 2021,12.84,12.98,12.46,12.47,12.42,384376000
09 Mar 2021,12.13,12.62,12.06,12.52,12.47,521824000
08 Mar 2021,12.45,12.47,11.57,11.59,11.55,543112000
05 Mar 2021,12.55,12.55,11.68,12.46,12.41,542840000
04 Mar 2021,12.80,12.98,12.08,12.37,12.32,573344000
03 Mar 2021,13.43,13.45,12.80,12.80,12.75,377592000
02 Mar 2021,13.90,13.92,13.40,13.41,13.35,264116000
01 Mar 2021,13.88,13.93,13.55,13.84,13.79,353184000
26 Feb 2021,13.75,13.85,13.36,13.71,13.66,500932000
25 Feb 2021,14.05,14.37,13.22,13.31,13.25,824436000
24 Feb 2021,14.12,14.51,13.76,14.50,14.44,448320000
23 Feb 2021,14.08,14.24,13.39,14.14,14.09,391780000
22 Feb 2021,14.77,15.13,14.32,14.36,14.30,325884000
19 Feb 2021,15.02,15.18,14.85,14.93,14.87,271724000
18 Feb 2021,14.73,14.87,14.57,14.83,14.77,233868000
17 Feb 2021,15.17,15.22,14.78,14.91,14.85,274756000
16 Feb 2021,15.06,15.37,14.95,15.33,15.27,321960000
12 Feb 2021,15.05,15.29,14.77,14.96,14.90,374756000
11 Feb 2021,14.98,15.27,14.93,15.25,15.19,450828000
10 Feb 2021,14.46,14.90,14.34,14.76,14.70,485352000
09 Feb 2021,14.34,14.58,14.22,14.26,14.21,287560000
08 Feb 2021,13.73,14.47,13.73,14.44,14.38,434624000
05 Feb 2021,13.73,13.74,13.55,13.59,13.54,169152000
04 Feb 2021,13.53,13.67,13.34,13.66,13.61,201340000
03 Feb 2021,13.64,13.93,13.52,13.53,13.48,245408000
02 Feb 2021,13.40,13.57,13.29,13.56,13.50,220440000
01 Feb 2021,13.05,13.27,12.90,13.24,13.18,217204000
29 Jan 2021,13.07,13.33,12.91,12.99,12.94,271552000
28 Jan 2021,13.00,13.34,12.96,13.05,13.00,228316000
27 Jan 2021,13.23,13.23,12.79,12.92,12.87,371272000
26 Jan 2021,13.58,13.64,13.39,13.44,13.38,163980000
25 Jan 2021,13.78,13.83,13.24,13.65,13.60,251112000
22 Jan 2021,13.74,13.84,13.63,13.71,13.66,246820000
21 Jan 2021,13.42,14.00,13.25,13.87,13.81,337780000
20 Jan 2021,13.11,13.43,13.06,13.37,13.31,258572000
19 Jan 2021,13.02,13.09,12.84,13.03,12.97,226188000
15 Jan 2021,13.23,13.33,12.85,12.86,12.81,277780000
14 Jan 2021,13.57,13.60,13.18,13.20,13.15,283120000
13 Jan 2021,13.49,13.62,13.39,13.53,13.48,210028000
12 Jan 2021,13.75,13.75,13.35,13.48,13.43,291476000
11 Jan 2021,13.42,13.96,13.36,13.62,13.57,518344000
08 Jan 2021,13.36,13.42,13.04,13.28,13.22,292528000
07 Jan 2021,12.97,13.38,12.89,13.34,13.29,461480000
06 Jan 2021,13.22,13.24,12.59,12.61,12.56,580424000
05 Jan 2021,13.10,13.44,13.09,13.40,13.35,322760000
04 Jan 2021,13.10,13.65,12.96,13.11,13.06,560640000
31 Dec 2020,13.14,13.15,12.91,13.06,13.00,192424000
30 Dec 2020,12.99,13.21,12.90,13.15,13.09,225396000
29 Dec 2020,12.93,13.07,12.84,12.94,12.89,170372000
28 Dec 2020,13.06,13.06,12.76,12.90,12.85,212564000
24 Dec 2020,13.04,13.13,12.94,12.99,12.94,97884000
23 Dec 2020,13.26,13.27,13.01,13.01,12.96,179144000
22 Dec 2020,13.32,13.34,13.05,13.28,13.22,185580000
21 Dec 2020,13.07,13.37,12.97,13.33,13.28,302332000
18 Dec 2020,13.38,13.40,13.07,13.27,13.22,342064000
17 Dec 2020,13.37,13.38,13.18,13.34,13.29,231384000
16 Dec 2020,13.42,13.44,13.21,13.24,13.19,223116000
15 Dec 2020,13.44,13.46,13.19,13.36,13.31,193016000
14 Dec 2020,13.09,13.39,13.08,13.31,13.26,270156000
11 Dec 2020,12.97,13.02,12.82,13.01,12.96,209264000
10 Dec 2020,12.87,13.07,12.85,12.97,12.92,207764000
09 Dec 2020,13.30,13.41,12.87,12.93,12.88,401300000
08 Dec 2020,13.59,13.60,13.28,13.35,13.30,271920000
07 Dec 2020,13.60,13.73,13.50,13.61,13.55,223244000
04 Dec 2020,13.45,13.56,13.39,13.56,13.50,202244000
03 Dec 2020,13.59,13.66,13.33,13.40,13.34,199520000
02 Dec 2020,13.35,13.67,13.23,13.54,13.49,283360000
01 Dec 2020,13.49,13.53,13.23,13.39,13.33,296948000
30 Nov 2020,13.27,13.41,12.97,13.40,13.34,286952000
27 Nov 2020,13.38,13.41,13.17,13.26,13.20,167276000
25 Nov 2020,13.03,13.27,13.02,13.23,13.18,259916000
24 Nov 2020,13.14,13.16,12.89,12.96,12.90,346500000
23 Nov 2020,13.17,13.38,13.02,13.14,13.08,361356000
20 Nov 2020,13.45,13.49,13.06,13.09,13.03,341088000
19 Nov 2020,13.21,13.49,13.10,13.44,13.38,565936000
18 Nov 2020,13.47,13.61,13.19,13.43,13.37,510924000
17 Nov 2020,13.55,13.60,13.30,13.42,13.36,312028000
16 Nov 2020,13.17,13.65,13.16,13.52,13.46,413776000
13 Nov 2020,13.63,13.67,13.06,13.30,13.24,346312000
12 Nov 2020,13.48,13.77,13.32,13.46,13.40,365812000
11 Nov 2020,13.05,13.44,12.95,13.42,13.36,404744000
10 Nov 2020,13.61,13.61,12.63,12.77,12.71,644068000
09 Nov 2020,14.55,14.69,13.61,13.63,13.57,582976000
06 Nov 2020,14.11,14.59,13.90,14.56,14.50,383348000
05 Nov 2020,14.16,14.34,13.99,14.16,14.10,319028000
04 Nov 2020,13.39,13.83,13.34,13.79,13.73,410228000
03 Nov 2020,12.71,13.10,12.60,13.02,12.96,272900000
02 Nov 2020,12.66,12.84,12.40,12.58,12.53,299652000
30 Oct 2020,12.85,12.94,12.30,12.53,12.48,416820000
29 Oct 2020,12.84,13.19,12.75,13.02,12.97,320080000
28 Oct 2020,13.20,13.26,12.61,12.63,12.57,376520000
27 Oct 2020,13.31,13.44,13.19,13.40,13.34,250520000
26 Oct 2020,13.43,13.69,13.04,13.14,13.08,336896000
23 Oct 2020,13.45,13.59,13.29,13.59,13.53,233484000
22 Oct 2020,13.52,13.61,13.23,13.36,13.30,290480000
21 Oct 2020,13.62,13.79,13.48,13.52,13.47,219596000
20 Oct 2020,13.58,13.80,13.51,13.65,13.59,229212000
19 Oct 2020,13.90,13.98,13.41,13.50,13.44,298068000
16 Oct 2020,14.04,14.12,13.79,13.81,13.75,242392000
15 Oct 2020,13.81,14.01,13.77,13.97,13.91,267224000
14 Oct 2020,14.29,14.34,13.96,14.10,14.03,276100000
13 Oct 2020,14.30,14.35,14.02,14.25,14.19,344604000
12 Oct 2020,13.99,14.35,13.91,14.23,14.16,434744000
09 Oct 2020,13.77,13.82,13.66,13.76,13.70,346892000
08 Oct 2020,14.07,14.08,13.76,13.84,13.78,378900000
07 Oct 2020,14.00,14.12,13.86,13.96,13.90,418084000
06 Oct 2020,13.83,14.14,13.66,13.74,13.68,784420000
05 Oct 2020,13.24,13.64,13.22,13.64,13.58,479820000
02 Oct 2020,13.23,13.52,13.05,13.06,13.01,552496000
01 Oct 2020,13.76,13.76,13.46,13.61,13.56,525004000
30 Sep 2020,13.16,13.62,13.15,13.53,13.47,689184000
29 Sep 2020,12.94,13.44,12.93,13.23,13.17,621460000
28 Sep 2020,13.04,13.05,12.75,13.03,12.98,573808000
25 Sep 2020,12.45,12.88,12.25,12.87,12.82,588016000
24 Sep 2020,12.07,12.57,12.01,12.35,12.29,731240000
23 Sep 2020,12.58,12.73,12.08,12.12,12.07,647012000
22 Sep 2020,12.57,12.65,12.16,12.64,12.58,646452000
21 Sep 2020,11.93,12.52,11.90,12.52,12.46,721044000
18 Sep 2020,12.59,12.63,11.99,12.19,12.14,698460000
17 Sep 2020,12.13,12.59,12.03,12.46,12.41,792512000
16 Sep 2020,12.96,13.09,12.51,12.51,12.46,556384000
15 Sep 2020,13.28,13.30,12.83,12.99,12.93,727556000
14 Sep 2020,13.08,13.31,12.63,12.87,12.82,1201744000
11 Sep 2020,12.49,12.65,11.90,12.16,12.11,636928000
10 Sep 2020,12.99,13.07,12.17,12.31,12.26,698684000
09 Sep 2020,12.40,12.81,12.23,12.72,12.66,736200000
08 Sep 2020,11.73,12.55,11.70,11.91,11.86,795728000
04 Sep 2020,12.78,13.18,11.70,12.62,12.57,1463684000
03 Sep 2020,13.83,13.88,12.88,13.02,12.96,945128000
02 Sep 2020,14.70,14.73,13.90,14.35,14.28,874012000
01 Sep 2020,13.48,13.99,13.44,13.82,13.76,511316000
31 Aug 2020,13.18,13.57,13.04,13.37,13.31,500840000
28 Aug 2020,12.68,13.15,12.64,13.15,13.09,537160000
27 Aug 2020,12.78,12.85,12.57,12.63,12.57,317604000
26 Aug 2020,12.80,12.87,12.68,12.77,12.71,321244000
25 Aug 2020,12.63,12.76,12.57,12.75,12.69,289076000
24 Aug 2020,12.88,12.91,12.51,12.72,12.66,490564000
21 Aug 2020,12.20,12.81,12.20,12.68,12.63,999868000
20 Aug 2020,11.98,12.38,11.88,12.14,12.09,921388000
19 Aug 2020,12.30,12.31,12.10,12.14,12.08,622624000
18 Aug 2020,12.45,12.50,12.09,12.26,12.20,503448000
17 Aug 2020,11.85,12.41,11.82,12.34,12.28,621300000
14 Aug 2020,11.53,11.70,11.44,11.56,11.51,366436000
13 Aug 2020,11.55,11.72,11.36,11.44,11.39,374460000
12 Aug 2020,10.99,11.47,10.96,11.44,11.39,464412000
11 Aug 2020,11.07,11.14,10.80,10.85,10.80,354512000
10 Aug 2020,11.33,11.41,10.86,11.16,11.11,427796000
07 Aug 2020,11.31,11.50,11.04,11.20,11.15,342516000
06 Aug 2020,11.35,11.36,11.18,11.34,11.28,244316000
05 Aug 2020,11.24,11.37,11.17,11.29,11.23,249924000
04 Aug 2020,11.05,11.23,10.91,11.23,11.18,310336000
03 Aug 2020,10.73,11.10,10.72,11.01,10.96,412720000
31 Jul 2020,10.56,10.77,10.43,10.61,10.57,386080000
30 Jul 2020,10.38,10.62,10.30,10.61,10.57,308880000
29 Jul 2020,10.39,10.52,10.35,10.47,10.42,284508000
28 Jul 2020,10.37,10.38,10.21,10.22,10.17,271636000
27 Jul 2020,10.23,10.44,10.22,10.42,10.37,292132000
24 Jul 2020,9.88,10.36,9.78,10.19,10.15,473292000
23 Jul 2020,10.45,10.55,10.03,10.13,10.08,411660000
22 Jul 2020,10.37,10.60,10.29,10.44,10.39,367292000
21 Jul 2020,10.51,10.56,10.29,10.33,10.28,277036000
20 Jul 2020,10.27,10.53,10.16,10.51,10.46,284852000
17 Jul 2020,10.23,10.25,10.09,10.20,10.15,266284000
16 Jul 2020,10.02,10.21,9.90,10.13,10.09,344964000
15 Jul 2020,10.41,10.43,10.06,10.23,10.18,403984000
14 Jul 2020,10.07,10.40,9.79,10.38,10.33,542676000
13 Jul 2020,10.60,10.79,10.02,10.05,10.01,457076000
10 Jul 2020,10.59,10.66,10.38,10.48,10.43,497676000
09 Jul 2020,10.38,10.57,10.23,10.51,10.46,494548000
08 Jul 2020,9.99,10.23,9.97,10.22,10.17,365480000
07 Jul 2020,9.95,10.07,9.85,9.87,9.83,357800000
06 Jul 2020,9.74,9.91,9.71,9.84,9.79,315892000
02 Jul 2020,9.64,9.74,9.58,9.61,9.57,364056000
01 Jul 2020,9.52,9.58,9.41,9.53,9.49,326648000
30 Jun 2020,9.31,9.53,9.27,9.50,9.45,367892000
29 Jun 2020,9.17,9.20,8.90,9.20,9.16,342248000
26 Jun 2020,9.50,9.50,9.12,9.15,9.11,592084000
25 Jun 2020,9.36,9.51,9.18,9.49,9.45,376072000
24 Jun 2020,9.48,9.56,9.14,9.24,9.19,449372000
23 Jun 2020,9.55,9.64,9.41,9.45,9.41,375108000
22 Jun 2020,9.30,9.53,9.27,9.53,9.48,398468000
19 Jun 2020,9.24,9.44,9.23,9.26,9.22,524160000
18 Jun 2020,9.23,9.28,9.11,9.22,9.18,254408000
17 Jun 2020,9.11,9.30,9.07,9.24,9.19,408304000
16 Jun 2020,9.23,9.27,8.84,9.07,9.03,535716000
15 Jun 2020,8.82,9.18,8.74,9.17,9.13,400004000
12 Jun 2020,9.16,9.19,8.70,8.93,8.89,570908000
11 Jun 2020,9.15,9.26,8.79,8.80,8.76,583652000
10 Jun 2020,9.17,9.50,9.15,9.37,9.32,632180000
09 Jun 2020,8.80,9.11,8.75,9.05,9.00,468488000
08 Jun 2020,8.88,8.89,8.69,8.81,8.76,387736000
05 Jun 2020,8.79,9.00,8.71,8.92,8.88,481748000
04 Jun 2020,8.73,8.94,8.68,8.77,8.73,424280000
03 Jun 2020,8.82,8.87,8.70,8.77,8.73,365440000
02 Jun 2020,8.80,8.84,8.66,8.83,8.78,391320000
01 Jun 2020,8.83,8.84,8.69,8.81,8.76,389876000
29 May 2020,8.55,8.88,8.48,8.88,8.83,745256000
28 May 2020,8.41,8.76,8.38,8.49,8.44,734896000
27 May 2020,8.62,8.63,8.00,8.53,8.48,1175892000
26 May 2020,9.16,9.18,8.67,8.72,8.67,770780000
22 May 2020,8.83,9.09,8.71,9.03,8.98,1038764000
21 May 2020,9.05,9.05,8.74,8.78,8.73,761068000
20 May 2020,8.99,9.04,8.89,8.97,8.92,587536000
19 May 2020,8.79,9.09,8.76,8.81,8.76,717320000
18 May 2020,8.76,8.92,8.68,8.75,8.71,774460000
15 May 2020,7.89,8.50,7.87,8.49,8.45,987660000
14 May 2020,7.84,8.04,7.69,8.03,7.99,602312000
13 May 2020,7.92,8.08,7.59,7.78,7.74,625852000
12 May 2020,8.12,8.17,7.79,7.80,7.76,493060000
11 May 2020,7.81,8.11,7.78,8.07,8.02,469060000
08 May 2020,7.69,7.82,7.66,7.81,7.77,339216000
07 May 2020,7.58,7.69,7.53,7.62,7.58,373732000
06 May 2020,7.42,7.55,7.39,7.44,7.41,323464000
05 May 2020,7.39,7.51,7.28,7.34,7.31,368896000
04 May 2020,7.02,7.30,7.02,7.28,7.25,317556000
01 May 2020,7.11,7.22,7.02,7.07,7.03,342096000
30 Apr 2020,7.41,7.46,7.29,7.31,7.27,375916000
29 Apr 2020,7.42,7.51,7.34,7.46,7.42,379160000
28 Apr 2020,7.57,7.61,7.28,7.28,7.25,442904000
27 Apr 2020,7.37,7.59,7.35,7.43,7.39,479388000
24 Apr 2020,7.09,7.24,7.01,7.24,7.20,352328000
23 Apr 2020,7.20,7.33,7.07,7.10,7.06,424160000
22 Apr 2020,6.93,7.20,6.89,7.15,7.12,483356000
21 Apr 2020,7.06,7.12,6.68,6.74,6.70,735160000
20 Apr 2020,7.18,7.34,7.13,7.18,7.14,449388000
17 Apr 2020,7.45,7.47,7.17,7.31,7.27,539120000
16 Apr 2020,7.18,7.47,7.16,7.37,7.33,745620000
15 Apr 2020,6.93,7.10,6.88,7.02,6.99,366148000
14 Apr 2020,6.88,7.13,6.85,7.10,7.06,530948000
13 Apr 2020,6.51,6.76,6.43,6.75,6.71,398408000
09 Apr 2020,6.80,6.82,6.51,6.57,6.54,525564000
08 Apr 2020,6.59,6.70,6.51,6.67,6.64,542444000
07 Apr 2020,6.93,6.96,6.43,6.48,6.44,784520000
06 Apr 2020,6.38,6.75,6.32,6.71,6.68,727884000
03 Apr 2020,6.35,6.39,5.96,6.10,6.07,663212000
02 Apr 2020,6.11,6.40,6.06,6.39,6.35,675764000
01 Apr 2020,6.39,6.54,6.03,6.08,6.05,656912000
31 Mar 2020,6.68,6.89,6.44,6.59,6.56,949960000
30 Mar 2020,6.38,6.65,6.34,6.64,6.61,602252000
27 Mar 2020,6.25,6.58,6.22,6.32,6.29,638828000
26 Mar 2020,6.35,6.56,6.25,6.43,6.40,696108000
25 Mar 2020,6.34,6.55,6.09,6.14,6.11,793432000
24 Mar 2020,5.72,6.32,5.70,6.23,6.20,1101644000
23 Mar 2020,5.14,5.41,4.96,5.32,5.29,643876000
20 Mar 2020,5.47,5.76,5.13,5.14,5.12,804636000
19 Mar 2020,5.05,5.42,4.83,5.32,5.30,765512000
18 Mar 2020,5.00,5.25,4.52,5.07,5.04,874268000
17 Mar 2020,5.02,5.52,4.78,5.43,5.40,833632000
16 Mar 2020,5.31,5.65,4.85,4.91,4.89,726972000
13 Mar 2020,5.76,6.03,5.49,6.02,5.99,634836000
12 Mar 2020,5.64,5.90,5.39,5.41,5.38,816540000
11 Mar 2020,6.39,6.41,6.06,6.16,6.13,499964000
10 Mar 2020,6.41,6.53,6.15,6.53,6.49,580648000
09 Mar 2020,6.00,6.49,5.95,6.14,6.10,614160000
06 Mar 2020,6.65,6.71,6.45,6.65,6.62,515412000
05 Mar 2020,6.91,7.08,6.79,6.83,6.80,540328000
04 Mar 2020,6.76,7.12,6.68,7.11,7.08,597408000
03 Mar 2020,6.97,7.03,6.56,6.65,6.61,652792000
02 Mar 2020,6.92,6.94,6.53,6.91,6.88,890744000
28 Feb 2020,6.06,6.81,6.04,6.75,6.72,1133252000
27 Feb 2020,6.37,6.68,6.22,6.32,6.28,906416000
26 Feb 2020,6.55,6.89,6.55,6.69,6.65,747732000
25 Feb 2020,6.91,6.97,6.45,6.55,6.51,1055496000
24 Feb 2020,6.75,7.05,6.70,6.83,6.79,856916000
21 Feb 2020,7.60,7.63,7.27,7.35,7.31,768180000
20 Feb 2020,7.82,7.91,7.41,7.72,7.67,810052000
19 Feb 2020,7.54,7.89,7.54,7.87,7.82,694332000
18 Feb 2020,7.14,7.43,7.12,7.41,7.37,620164000
14 Feb 2020,7.18,7.37,7.15,7.24,7.20,1041924000
13 Feb 2020,6.76,6.84,6.73,6.77,6.73,528016000
12 Feb 2020,6.75,6.82,6.71,6.81,6.77,374644000
11 Feb 2020,6.68,6.81,6.62,6.70,6.66,638556000
10 Feb 2020,6.31,6.57,6.31,6.57,6.54,529608000
07 Feb 2020,6.32,6.34,6.26,6.29,6.25,189752000
06 Feb 2020,6.30,6.36,6.22,6.36,6.32,218284000
05 Feb 2020,6.30,6.31,6.19,6.27,6.23,208220000
04 Feb 2020,6.15,6.20,6.10,6.18,6.14,271544000
03 Feb 2020,5.89,6.03,5.89,6.01,5.97,255564000
31 Jan 2020,6.10,6.11,5.87,5.91,5.88,370420000
30 Jan 2020,6.04,6.16,5.99,6.15,6.11,290504000
29 Jan 2020,6.18,6.22,6.10,6.14,6.10,258848000
28 Jan 2020,6.07,6.23,6.02,6.20,6.16,310976000
27 Jan 2020,5.96,6.06,5.81,6.01,5.97,470536000
24 Jan 2020,6.44,6.49,6.21,6.26,6.23,373512000
23 Jan 2020,6.29,6.33,6.20,6.32,6.29,244516000
22 Jan 2020,6.24,6.34,6.22,6.25,6.22,239240000
21 Jan 2020,6.20,6.23,6.16,6.20,6.16,217916000
17 Jan 2020,6.24,6.25,6.18,6.23,6.20,253792000
16 Jan 2020,6.19,6.23,6.17,6.22,6.19,284192000
15 Jan 2020,6.19,6.22,6.11,6.14,6.10,263104000
14 Jan 2020,6.26,6.28,6.17,6.18,6.15,359088000
13 Jan 2020,6.19,6.32,6.17,6.30,6.26,319840000
10 Jan 2020,6.18,6.21,6.09,6.11,6.07,316296000
09 Jan 2020,6.10,6.15,6.02,6.08,6.04,255112000
08 Jan 2020,5.99,6.05,5.95,6.01,5.98,277108000
07 Jan 2020,5.95,6.04,5.91,6.00,5.96,314856000
06 Jan 2020,5.81,5.93,5.78,5.93,5.89,262636000
03 Jan 2020,5.88,5.95,5.85,5.90,5.87,205384000
02 Jan 2020,5.97,6.00,5.92,6.00,5.96,237536000
31 Dec 2019,5.77,5.89,5.75,5.88,5.85,231004000
30 Dec 2019,5.90,5.91,5.78,5.81,5.78,258056000
27 Dec 2019,5.99,6.01,5.90,5.92,5.89,254644000
26 Dec 2019,5.97,6.01,5.95,5.98,5.95,182852000
24 Dec 2019,5.95,5.98,5.92,5.97,5.93,138864000
23 Dec 2019,6.01,6.05,5.96,5.97,5.94,355060000
20 Dec 2019,5.95,6.01,5.93,5.98,5.95,603044000
19 Dec 2019,5.77,5.90,5.77,5.89,5.85,445360000
18 Dec 2019,5.74,5.80,5.73,5.74,5.71,343548000
17 Dec 2019,5.65,5.73,5.64,5.71,5.67,321196000
16 Dec 2019,5.65,5.70,5.62,5.63,5.60,320976000
13 Dec 2019,5.60,5.72,5.55,5.60,5.57,454704000
12 Dec 2019,5.40,5.62,5.40,5.60,5.57,404348000
11 Dec 2019,5.36,5.44,5.36,5.43,5.40,233796000
10 Dec 2019,5.33,5.40,5.28,5.35,5.32,256388000
09 Dec 2019,5.28,5.36,5.27,5.30,5.27,211880000
06 Dec 2019,5.29,5.34,5.28,5.30,5.27,232236000
05 Dec 2019,5.26,5.27,5.19,5.22,5.19,184884000
04 Dec 2019,5.28,5.30,5.21,5.24,5.21,273424000
03 Dec 2019,5.05,5.20,5.01,5.19,5.16,465232000
02 Dec 2019,5.41,5.43,5.22,5.23,5.20,372036000
29 Nov 2019,5.43,5.45,5.39,5.42,5.39,141556000
27 Nov 2019,5.47,5.50,5.43,5.46,5.43,215784000
26 Nov 2019,5.51,5.52,5.42,5.43,5.39,385244000
25 Nov 2019,5.40,5.54,5.39,5.53,5.49,506476000
22 Nov 2019,5.28,5.32,5.25,5.27,5.24,224100000
21 Nov 2019,5.28,5.33,5.23,5.25,5.22,288388000
20 Nov 2019,5.18,5.36,5.16,5.28,5.25,472588000
19 Nov 2019,5.28,5.30,5.14,5.20,5.17,414564000
18 Nov 2019,5.10,5.33,5.09,5.31,5.27,574588000
15 Nov 2019,5.24,5.29,5.02,5.10,5.07,1053628000
14 Nov 2019,5.22,5.25,5.16,5.24,5.21,518080000
13 Nov 2019,5.21,5.24,5.15,5.21,5.18,300188000
12 Nov 2019,5.24,5.30,5.21,5.24,5.21,283504000
11 Nov 2019,5.19,5.23,5.11,5.20,5.17,243436000
08 Nov 2019,5.19,5.23,5.15,5.19,5.16,189100000
07 Nov 2019,5.28,5.29,5.16,5.21,5.18,280340000
06 Nov 2019,5.22,5.24,5.10,5.19,5.16,269012000
05 Nov 2019,5.26,5.29,5.19,5.24,5.21,300868000
04 Nov 2019,5.15,5.28,5.12,5.26,5.23,376716000
01 Nov 2019,4.99,5.10,4.96,5.06,5.03,283640000
31 Oct 2019,5.05,5.07,4.95,5.03,4.99,209732000
30 Oct 2019,5.10,5.11,5.01,5.07,5.04,205960000
29 Oct 2019,5.16,5.16,5.05,5.07,5.04,211236000
28 Oct 2019,5.16,5.22,5.13,5.17,5.14,330792000
25 Oct 2019,5.00,5.13,4.99,5.11,5.08,423092000
24 Oct 2019,4.92,4.96,4.88,4.92,4.89,232020000
23 Oct 2019,4.81,4.89,4.78,4.88,4.85,279916000
22 Oct 2019,4.96,5.06,4.88,4.89,4.86,328720000
21 Oct 2019,4.82,4.91,4.80,4.90,4.87,261868000
18 Oct 2019,4.86,4.89,4.69,4.76,4.73,307440000
17 Oct 2019,4.90,4.95,4.80,4.86,4.83,263436000
16 Oct 2019,4.88,4.98,4.84,4.86,4.82,428944000
15 Oct 2019,4.75,4.98,4.74,4.91,4.88,664124000
14 Oct 2019,4.64,4.68,4.61,4.66,4.63,200040000
11 Oct 2019,4.66,4.73,4.64,4.65,4.62,446404000
10 Oct 2019,4.52,4.63,4.51,4.58,4.55,309124000
09 Oct 2019,4.51,4.57,4.48,4.52,4.49,292412000
08 Oct 2019,4.52,4.52,4.41,4.43,4.40,444436000
07 Oct 2019,4.61,4.71,4.61,4.61,4.58,480984000
04 Oct 2019,4.53,4.58,4.47,4.55,4.52,265524000
03 Oct 2019,4.33,4.54,4.30,4.53,4.50,450588000
02 Oct 2019,4.33,4.34,4.25,4.33,4.30,293372000
01 Oct 2019,4.38,4.53,4.35,4.35,4.32,366008000
30 Sep 2019,4.32,4.36,4.29,4.35,4.32,186184000
27 Sep 2019,4.39,4.44,4.23,4.29,4.27,362056000
26 Sep 2019,4.45,4.45,4.38,4.43,4.41,234564000
25 Sep 2019,4.31,4.48,4.27,4.46,4.43,308432000
24 Sep 2019,4.40,4.43,4.28,4.31,4.29,317268000
23 Sep 2019,4.32,4.42,4.31,4.37,4.34,249712000
20 Sep 2019,4.42,4.45,4.31,4.32,4.29,350244000
19 Sep 2019,4.51,4.52,4.41,4.42,4.40,245476000
18 Sep 2019,4.52,4.54,4.41,4.50,4.47,258152000
17 Sep 2019,4.51,4.53,4.47,4.53,4.50,223048000
16 Sep 2019,4.47,4.54,4.46,4.51,4.48,231832000
13 Sep 2019,4.54,4.58,4.50,4.55,4.52,324592000
12 Sep 2019,4.66,4.71,4.60,4.61,4.58,327840000
11 Sep 2019,4.59,4.66,4.57,4.61,4.58,361512000
10 Sep 2019,4.48,4.61,4.47,4.58,4.55,352812000
09 Sep 2019,4.50,4.60,4.50,4.51,4.48,417524000
06 Sep 2019,4.47,4.53,4.43,4.47,4.44,376976000
05 Sep 2019,4.32,4.50,4.32,4.49,4.46,695676000
04 Sep 2019,4.17,4.23,4.17,4.22,4.19,227728000
03 Sep 2019,4.11,4.15,4.08,4.10,4.08,296140000
30 Aug 2019,4.22,4.27,4.17,4.19,4.16,290616000
29 Aug 2019,4.12,4.21,4.12,4.18,4.15,357976000
28 Aug 2019,4.01,4.08,3.97,4.03,4.00,255612000
27 Aug 2019,4.17,4.18,4.02,4.05,4.02,290968000
26 Aug 2019,4.14,4.16,4.10,4.14,4.11,318208000
23 Aug 2019,4.21,4.26,4.04,4.06,4.03,568056000
22 Aug 2019,4.29,4.33,4.25,4.29,4.26,303488000
21 Aug 2019,4.26,4.34,4.24,4.28,4.25,427244000
20 Aug 2019,4.26,4.26,4.18,4.20,4.17,463188000
19 Aug 2019,4.10,4.29,4.09,4.27,4.24,815112000
16 Aug 2019,3.98,4.04,3.92,3.99,3.96,1007960000
15 Aug 2019,3.77,3.79,3.68,3.72,3.69,477200000
14 Aug 2019,3.81,3.82,3.71,3.75,3.72,419880000
13 Aug 2019,3.78,3.95,3.75,3.90,3.87,351956000
12 Aug 2019,3.80,3.85,3.76,3.79,3.76,279200000
09 Aug 2019,3.92,3.92,3.80,3.85,3.83,341816000
08 Aug 2019,3.91,3.96,3.85,3.96,3.93,309300000
07 Aug 2019,3.75,3.86,3.73,3.85,3.82,372560000
06 Aug 2019,3.85,3.89,3.76,3.81,3.78,361272000
05 Aug 2019,3.85,3.85,3.72,3.77,3.74,589156000
02 Aug 2019,4.03,4.10,3.98,4.03,4.00,428348000
01 Aug 2019,4.23,4.32,4.07,4.12,4.09,421212000
31 Jul 2019,4.35,4.36,4.18,4.22,4.19,359416000
30 Jul 2019,4.32,4.40,4.31,4.39,4.35,197772000
29 Jul 2019,4.37,4.39,4.28,4.37,4.34,248160000
26 Jul 2019,4.36,4.42,4.36,4.38,4.34,274160000
25 Jul 2019,4.42,4.44,4.31,4.33,4.30,392700000
24 Jul 2019,4.43,4.47,4.36,4.47,4.43,366236000
23 Jul 2019,4.32,4.39,4.31,4.39,4.36,428176000
22 Jul 2019,4.23,4.30,4.22,4.28,4.25,315940000
19 Jul 2019,4.29,4.30,4.20,4.21,4.18,344896000
18 Jul 2019,4.25,4.32,4.20,4.25,4.22,442192000
17 Jul 2019,4.18,4.25,4.15,4.24,4.21,348204000
16 Jul 2019,4.17,4.20,4.12,4.18,4.15,341444000
15 Jul 2019,4.21,4.23,4.15,4.18,4.15,289840000
12 Jul 2019,4.18,4.26,4.18,4.19,4.16,506392000
11 Jul 2019,4.07,4.20,4.04,4.16,4.13,682560000
10 Jul 2019,3.98,4.06,3.96,4.00,3.97,452076000
09 Jul 2019,3.89,3.96,3.88,3.93,3.90,342860000
08 Jul 2019,3.95,3.96,3.90,3.93,3.90,329788000
05 Jul 2019,4.01,4.01,3.94,4.01,3.98,396552000
03 Jul 2019,4.08,4.09,4.01,4.07,4.04,246636000
02 Jul 2019,4.14,4.16,4.04,4.06,4.03,400228000
01 Jul 2019,4.31,4.35,4.12,4.15,4.12,709756000
28 Jun 2019,4.12,4.13,4.06,4.11,4.08,397668000
27 Jun 2019,4.07,4.10,4.03,4.08,4.05,445440000
26 Jun 2019,3.92,4.04,3.90,3.98,3.95,584072000
25 Jun 2019,3.82,3.90,3.78,3.79,3.76,311868000
24 Jun 2019,3.82,3.85,3.77,3.82,3.79,282948000
21 Jun 2019,3.84,3.89,3.79,3.79,3.77,434428000
20 Jun 2019,3.92,3.93,3.84,3.85,3.82,350168000
19 Jun 2019,3.86,3.87,3.80,3.83,3.80,331644000
18 Jun 2019,3.69,3.88,3.68,3.82,3.79,581920000
17 Jun 2019,3.61,3.66,3.59,3.63,3.60,276040000
14 Jun 2019,3.61,3.64,3.57,3.62,3.59,394428000
13 Jun 2019,3.68,3.72,3.66,3.71,3.68,308080000
12 Jun 2019,3.72,3.73,3.64,3.65,3.63,358892000
11 Jun 2019,3.77,3.81,3.73,3.77,3.74,383872000
10 Jun 2019,3.69,3.78,3.69,3.71,3.68,402780000
07 Jun 2019,3.60,3.67,3.58,3.64,3.61,348856000
06 Jun 2019,3.54,3.62,3.53,3.59,3.57,408140000
05 Jun 2019,3.65,3.65,3.50,3.53,3.51,511616000
04 Jun 2019,3.41,3.58,3.39,3.58,3.55,641836000
03 Jun 2019,3.40,3.44,3.32,3.34,3.32,478644000
31 May 2019,3.43,3.50,3.38,3.39,3.36,389720000
30 May 2019,3.51,3.54,3.44,3.48,3.45,394300000
29 May 2019,3.54,3.57,3.47,3.51,3.48,559800000
28 May 2019,3.65,3.68,3.58,3.58,3.55,428356000
24 May 2019,3.70,3.74,3.62,3.63,3.60,357584000
23 May 2019,3.74,3.74,3.62,3.68,3.65,591844000
22 May 2019,3.84,3.86,3.79,3.81,3.77,325868000
21 May 2019,3.86,3.89,3.82,3.88,3.84,361848000
20 May 2019,3.81,3.87,3.77,3.79,3.76,572064000
17 May 2019,3.96,4.09,3.87,3.91,3.88,1022068000
16 May 2019,3.98,4.05,3.94,4.00,3.97,781088000
15 May 2019,3.99,4.03,3.94,3.99,3.96,502320000
14 May 2019,4.00,4.09,3.96,4.05,4.02,524880000
13 May 2019,4.09,4.11,3.95,3.96,3.93,656912000
10 May 2019,4.22,4.29,4.10,4.22,4.18,569500000
09 May 2019,4.28,4.29,4.14,4.25,4.22,660248000
08 May 2019,4.30,4.43,4.29,4.35,4.31,419168000
07 May 2019,4.45,4.45,4.28,4.33,4.29,555220000
06 May 2019,4.39,4.51,4.35,4.50,4.46,422176000
03 May 2019,4.59,4.60,4.51,4.58,4.54,336824000
02 May 2019,4.52,4.62,4.48,4.58,4.54,394684000
01 May 2019,4.58,4.62,4.51,4.51,4.47,354280000
30 Apr 2019,4.45,4.55,4.43,4.53,4.49,362920000
29 Apr 2019,4.46,4.51,4.39,4.48,4.45,391920000
26 Apr 2019,4.52,4.52,4.33,4.45,4.41,868988000
25 Apr 2019,4.74,4.76,4.59,4.67,4.63,499296000
24 Apr 2019,4.78,4.82,4.72,4.78,4.74,318204000
23 Apr 2019,4.72,4.80,4.72,4.77,4.73,346856000
22 Apr 2019,4.63,4.73,4.60,4.71,4.67,279936000
18 Apr 2019,4.69,4.72,4.63,4.66,4.62,380988000
17 Apr 2019,4.74,4.76,4.66,4.68,4.64,351004000
16 Apr 2019,4.66,4.72,4.62,4.71,4.67,394964000
15 Apr 2019,4.74,4.75,4.58,4.62,4.58,440092000
12 Apr 2019,4.83,4.83,4.74,4.75,4.71,471708000
11 Apr 2019,4.80,4.84,4.74,4.79,4.75,374600000
10 Apr 2019,4.73,4.83,4.73,4.80,4.76,444772000
09 Apr 2019,4.76,4.77,4.69,4.73,4.69,439972000
08 Apr 2019,4.74,4.82,4.72,4.79,4.75,424192000
05 Apr 2019,4.75,4.79,4.71,4.77,4.73,481744000
04 Apr 2019,4.70,4.75,4.64,4.71,4.67,457376000
03 Apr 2019,4.62,4.78,4.62,4.72,4.68,783504000
02 Apr 2019,4.58,4.62,4.54,4.57,4.54,440920000
01 Apr 2019,4.58,4.59,4.51,4.56,4.52,483824000
29 Mar 2019,4.50,4.51,4.45,4.49,4.45,456896000
28 Mar 2019,4.44,4.50,4.38,4.43,4.39,480264000
27 Mar 2019,4.45,4.49,4.34,4.41,4.37,474372000
26 Mar 2019,4.49,4.54,4.36,4.42,4.38,703508000
25 Mar 2019,4.40,4.46,4.28,4.34,4.31,525212000
22 Mar 2019,4.57,4.62,4.42,4.44,4.40,747644000
21 Mar 2019,4.38,4.62,4.38,4.60,4.56,824312000
20 Mar 2019,4.42,4.48,4.32,4.36,4.32,719148000
19 Mar 2019,4.32,4.44,4.30,4.39,4.36,854972000
18 Mar 2019,4.28,4.33,4.20,4.22,4.19,486992000
15 Mar 2019,4.18,4.29,4.18,4.25,4.21,661484000
14 Mar 2019,4.22,4.24,4.13,4.14,4.10,519384000
13 Mar 2019,4.10,4.24,4.09,4.22,4.18,768900000
12 Mar 2019,4.06,4.11,3.98,4.06,4.03,579576000
11 Mar 2019,3.79,4.05,3.74,4.03,3.99,859728000
08 Mar 2019,3.64,3.78,3.62,3.77,3.73,422416000
07 Mar 2019,3.78,3.79,3.68,3.73,3.70,450104000
06 Mar 2019,3.90,3.91,3.80,3.80,3.77,403524000
05 Mar 2019,3.90,3.95,3.85,3.91,3.88,362924000
04 Mar 2019,3.95,3.97,3.86,3.92,3.89,409992000
01 Mar 2019,3.91,3.95,3.85,3.91,3.88,357188000
28 Feb 2019,3.88,3.90,3.83,3.86,3.82,324944000
27 Feb 2019,3.91,3.94,3.83,3.89,3.85,500256000
26 Feb 2019,3.96,4.02,3.89,3.93,3.89,488464000
25 Feb 2019,4.06,4.13,3.96,3.97,3.93,656020000
22 Feb 2019,3.95,4.00,3.93,3.98,3.94,401740000
21 Feb 2019,3.98,4.00,3.88,3.89,3.86,448548000
20 Feb 2019,3.95,4.03,3.93,3.96,3.93,540988000
19 Feb 2019,3.92,4.00,3.90,3.92,3.88,551892000
15 Feb 2019,4.07,4.10,3.91,3.93,3.90,1516748000
14 Feb 2019,3.82,3.89,3.78,3.86,3.83,827264000
13 Feb 2019,3.81,3.90,3.80,3.82,3.79,605372000
12 Feb 2019,3.70,3.80,3.69,3.78,3.74,591060000
11 Feb 2019,3.66,3.71,3.61,3.66,3.63,495180000
08 Feb 2019,3.62,3.71,3.60,3.70,3.67,461604000
07 Feb 2019,3.78,3.78,3.64,3.69,3.65,637120000
06 Feb 2019,3.78,3.89,3.78,3.83,3.79,702464000
05 Feb 2019,3.74,3.79,3.71,3.75,3.71,542424000
04 Feb 2019,3.63,3.77,3.61,3.73,3.69,528592000
01 Feb 2019,3.61,3.67,3.56,3.62,3.58,625048000
31 Jan 2019,3.43,3.63,3.41,3.59,3.56,842852000
30 Jan 2019,3.37,3.45,3.29,3.43,3.40,974228000
29 Jan 2019,3.40,3.45,3.28,3.29,3.26,1153932000
28 Jan 2019,3.41,3.54,3.28,3.45,3.42,2511528000
25 Jan 2019,3.89,4.02,3.78,4.00,3.97,1154572000
24 Jan 2019,3.82,3.96,3.81,3.95,3.91,708972000
23 Jan 2019,3.78,3.86,3.70,3.73,3.70,591020000
22 Jan 2019,3.89,3.90,3.69,3.72,3.68,661552000
18 Jan 2019,3.84,3.95,3.79,3.92,3.89,651336000
17 Jan 2019,3.69,3.83,3.66,3.79,3.76,493436000
16 Jan 2019,3.77,3.81,3.72,3.72,3.69,470104000
15 Jan 2019,3.79,3.83,3.73,3.75,3.71,617012000
14 Jan 2019,3.67,3.79,3.64,3.76,3.73,730168000
11 Jan 2019,3.61,3.74,3.58,3.72,3.69,874764000
10 Jan 2019,3.55,3.64,3.48,3.63,3.60,523156000
09 Jan 2019,3.55,3.61,3.50,3.56,3.53,617260000
08 Jan 2019,3.67,3.67,3.42,3.50,3.46,786016000
07 Jan 2019,3.46,3.62,3.41,3.59,3.55,709160000
04 Jan 2019,3.27,3.44,3.24,3.40,3.37,585620000
03 Jan 2019,3.34,3.38,3.19,3.20,3.17,705552000
02 Jan 2019,3.27,3.46,3.25,3.41,3.37,508752000
31 Dec 2018,3.38,3.42,3.31,3.34,3.31,465140000
28 Dec 2018,3.30,3.43,3.26,3.34,3.31,628728000
27 Dec 2018,3.27,3.31,3.13,3.28,3.25,637044000
26 Dec 2018,3.22,3.33,3.11,3.33,3.30,695100000
24 Dec 2018,3.16,3.25,3.11,3.18,3.15,463840000
21 Dec 2018,3.40,3.44,3.21,3.24,3.21,863740000
20 Dec 2018,3.45,3.55,3.32,3.38,3.35,749588000
19 Dec 2018,3.64,3.69,3.41,3.46,3.43,745364000
18 Dec 2018,3.63,3.76,3.61,3.67,3.64,564372000
17 Dec 2018,3.63,3.70,3.53,3.59,3.56,662868000
14 Dec 2018,3.68,3.76,3.64,3.66,3.63,471820000
13 Dec 2018,3.77,3.83,3.69,3.72,3.69,471384000
12 Dec 2018,3.71,3.82,3.62,3.72,3.69,654136000
11 Dec 2018,3.89,3.90,3.62,3.70,3.67,671912000
10 Dec 2018,3.64,3.82,3.64,3.80,3.76,629472000
07 Dec 2018,3.96,3.97,3.64,3.69,3.66,681676000
06 Dec 2018,3.79,3.96,3.77,3.96,3.92,692308000
04 Dec 2018,4.21,4.21,3.91,3.93,3.89,812112000
03 Dec 2018,4.32,4.37,4.18,4.25,4.21,890804000
30 Nov 2018,3.94,4.10,3.89,4.09,4.05,729564000
29 Nov 2018,4.00,4.04,3.90,3.93,3.90,549172000
28 Nov 2018,3.96,4.01,3.83,4.00,3.96,804524000
27 Nov 2018,3.80,3.93,3.76,3.84,3.80,738060000
26 Nov 2018,3.75,3.84,3.66,3.83,3.79,814832000
23 Nov 2018,3.58,3.74,3.57,3.62,3.59,411968000
21 Nov 2018,3.87,3.88,3.59,3.62,3.58,1025496000
20 Nov 2018,3.35,3.86,3.33,3.73,3.69,1692032000
19 Nov 2018,4.04,4.05,3.62,3.62,3.58,1697820000
16 Nov 2018,4.08,4.27,4.04,4.11,4.07,1963520000
15 Nov 2018,4.92,5.13,4.89,5.06,5.01,840708000
14 Nov 2018,5.16,5.17,4.82,4.93,4.88,526580000
13 Nov 2018,4.84,5.11,4.83,4.98,4.93,644712000
12 Nov 2018,5.05,5.07,4.72,4.74,4.69,617116000
09 Nov 2018,5.06,5.23,5.03,5.14,5.09,413240000
08 Nov 2018,5.28,5.29,5.10,5.15,5.10,511352000
07 Nov 2018,5.34,5.44,5.28,5.34,5.29,483812000
06 Nov 2018,5.29,5.37,5.24,5.28,5.22,299012000
05 Nov 2018,5.36,5.38,5.13,5.29,5.24,379332000
02 Nov 2018,5.44,5.55,5.26,5.37,5.32,452960000
01 Nov 2018,5.31,5.46,5.18,5.45,5.40,566528000
31 Oct 2018,5.24,5.31,5.10,5.27,5.22,745772000
30 Oct 2018,4.66,5.09,4.64,5.07,5.02,807192000
29 Oct 2018,5.10,5.10,4.40,4.64,4.59,758016000
26 Oct 2018,4.96,5.12,4.83,4.96,4.91,664784000
25 Oct 2018,4.89,5.24,4.84,5.20,5.14,951720000
24 Oct 2018,5.49,5.53,4.97,4.99,4.93,884288000
23 Oct 2018,5.51,5.60,5.42,5.53,5.47,626436000
22 Oct 2018,5.78,5.88,5.68,5.78,5.72,368844000
19 Oct 2018,6.04,6.06,5.69,5.73,5.67,613608000
18 Oct 2018,6.15,6.19,5.93,5.99,5.93,524020000
17 Oct 2018,6.21,6.25,6.03,6.08,6.01,329668000
16 Oct 2018,6.00,6.16,5.95,6.15,6.08,408712000
15 Oct 2018,6.15,6.15,5.88,5.88,5.82,449760000
12 Oct 2018,6.14,6.24,5.99,6.16,6.10,608236000
11 Oct 2018,6.05,6.19,5.86,5.88,5.82,725436000
10 Oct 2018,6.53,6.58,6.14,6.14,6.08,684940000
09 Oct 2018,6.62,6.72,6.57,6.64,6.57,273500000
08 Oct 2018,6.66,6.78,6.50,6.64,6.57,408612000
05 Oct 2018,6.96,7.02,6.69,6.75,6.68,426636000
04 Oct 2018,7.13,7.16,6.90,6.98,6.91,391220000
03 Oct 2018,7.23,7.24,7.06,7.17,7.09,320552000
02 Oct 2018,7.21,7.32,7.14,7.16,7.09,383964000
01 Oct 2018,7.10,7.30,7.07,7.23,7.16,622060000
28 Sep 2018,6.82,7.05,6.79,7.03,6.95,709396000
27 Sep 2018,6.71,6.73,6.65,6.68,6.61,214428000
26 Sep 2018,6.72,6.76,6.66,6.67,6.60,268548000
25 Sep 2018,6.71,6.74,6.62,6.71,6.64,280388000
24 Sep 2018,6.55,6.65,6.47,6.64,6.57,293912000
21 Sep 2018,6.67,6.72,6.55,6.59,6.52,435128000
20 Sep 2018,6.68,6.72,6.60,6.66,6.59,430584000
19 Sep 2018,6.76,6.82,6.71,6.80,6.73,224860000
18 Sep 2018,6.85,6.96,6.77,6.78,6.70,299520000
17 Sep 2018,6.89,6.93,6.83,6.85,6.78,205528000
14 Sep 2018,6.87,6.98,6.84,6.91,6.84,386936000
13 Sep 2018,6.77,6.88,6.75,6.78,6.71,305536000
12 Sep 2018,6.78,6.80,6.55,6.70,6.63,419092000
11 Sep 2018,6.82,6.91,6.80,6.82,6.75,243112000
10 Sep 2018,6.82,6.90,6.78,6.87,6.80,220140000
07 Sep 2018,6.72,6.92,6.68,6.80,6.73,295420000
06 Sep 2018,6.94,6.95,6.78,6.82,6.75,322796000
05 Sep 2018,7.07,7.11,6.88,6.96,6.89,393156000
04 Sep 2018,7.00,7.13,6.97,7.09,7.02,391720000
31 Aug 2018,6.93,7.03,6.91,7.02,6.94,306592000
30 Aug 2018,6.93,7.04,6.91,6.95,6.87,346608000
29 Aug 2018,6.85,6.99,6.83,6.96,6.89,420108000
28 Aug 2018,6.89,6.91,6.74,6.86,6.78,475384000
27 Aug 2018,6.84,6.97,6.80,6.90,6.82,505776000
24 Aug 2018,6.68,6.82,6.68,6.81,6.73,531512000
23 Aug 2018,6.53,6.74,6.52,6.67,6.60,720684000
22 Aug 2018,6.30,6.58,6.30,6.57,6.50,749856000
21 Aug 2018,6.21,6.34,6.19,6.33,6.26,673988000
20 Aug 2018,6.08,6.33,5.97,6.20,6.13,854388000
17 Aug 2018,6.32,6.32,6.09,6.12,6.05,1143188000
16 Aug 2018,6.55,6.55,6.38,6.44,6.36,801260000
15 Aug 2018,6.56,6.59,6.40,6.48,6.41,591136000
14 Aug 2018,6.51,6.55,6.43,6.54,6.46,466220000
13 Aug 2018,6.38,6.53,6.38,6.40,6.33,375208000
10 Aug 2018,6.33,6.40,6.32,6.37,6.30,256396000
09 Aug 2018,6.48,6.48,6.40,6.41,6.34,204280000
08 Aug 2018,6.43,6.51,6.39,6.46,6.39,262100000
07 Aug 2018,6.40,6.44,6.37,6.42,6.35,258132000
06 Aug 2018,6.29,6.35,6.24,6.35,6.28,207508000
03 Aug 2018,6.29,6.33,6.27,6.30,6.23,214288000
02 Aug 2018,6.09,6.27,6.03,6.27,6.20,269668000
01 Aug 2018,6.15,6.21,6.10,6.16,6.09,283556000
31 Jul 2018,6.09,6.20,6.05,6.12,6.05,283988000
30 Jul 2018,6.31,6.32,6.07,6.10,6.04,340340000
27 Jul 2018,6.41,6.41,6.25,6.30,6.23,295420000
26 Jul 2018,6.28,6.41,6.26,6.37,6.30,325124000
25 Jul 2018,6.23,6.31,6.17,6.30,6.23,319112000
24 Jul 2018,6.28,6.37,6.20,6.22,6.15,354620000
23 Jul 2018,6.25,6.25,6.08,6.24,6.17,301584000
20 Jul 2018,6.30,6.34,6.26,6.27,6.20,222352000
19 Jul 2018,6.27,6.33,6.26,6.30,6.23,235752000
18 Jul 2018,6.33,6.35,6.24,6.29,6.22,277640000
17 Jul 2018,6.16,6.36,6.13,6.34,6.27,362136000
16 Jul 2018,6.20,6.26,6.19,6.20,6.14,197036000
13 Jul 2018,6.30,6.30,6.19,6.23,6.16,246988000
12 Jul 2018,6.23,6.33,6.22,6.28,6.21,345508000
11 Jul 2018,6.24,6.27,6.18,6.19,6.12,367508000
10 Jul 2018,6.24,6.35,6.20,6.33,6.26,360016000
09 Jul 2018,6.26,6.27,6.15,6.23,6.16,303880000
06 Jul 2018,6.04,6.19,6.02,6.18,6.11,296352000
05 Jul 2018,5.98,6.07,5.94,6.07,6.00,306216000
03 Jul 2018,6.09,6.10,5.91,5.92,5.86,222732000
02 Jul 2018,5.85,6.06,5.83,6.06,5.99,357572000
29 Jun 2018,6.09,6.10,5.92,5.92,5.86,392300000
28 Jun 2018,5.88,6.03,5.88,6.02,5.95,338012000
27 Jun 2018,6.09,6.16,5.89,5.89,5.83,453892000
26 Jun 2018,6.09,6.14,6.00,6.05,5.98,478884000
25 Jun 2018,6.17,6.17,5.89,5.98,5.91,665816000
22 Jun 2018,6.45,6.46,6.26,6.27,6.20,434160000
21 Jun 2018,6.59,6.61,6.42,6.43,6.36,359516000
20 Jun 2018,6.55,6.61,6.51,6.56,6.49,369780000
19 Jun 2018,6.52,6.59,6.38,6.50,6.43,594932000
18 Jun 2018,6.59,6.64,6.56,6.63,6.55,356268000
15 Jun 2018,6.61,6.69,6.58,6.63,6.56,432260000
14 Jun 2018,6.61,6.73,6.59,6.67,6.60,430016000
13 Jun 2018,6.57,6.64,6.55,6.56,6.49,338208000
12 Jun 2018,6.54,6.58,6.49,6.56,6.49,319160000
11 Jun 2018,6.54,6.59,6.50,6.52,6.44,265372000
08 Jun 2018,6.50,6.60,6.48,6.56,6.48,360456000
07 Jun 2018,6.62,6.64,6.48,6.57,6.50,369448000
06 Jun 2018,6.54,6.63,6.52,6.63,6.56,371356000
05 Jun 2018,6.62,6.66,6.58,6.63,6.55,391712000
04 Jun 2018,6.47,6.64,6.44,6.62,6.55,642024000
01 Jun 2018,6.35,6.45,6.34,6.44,6.37,421968000
31 May 2018,6.29,6.38,6.28,6.30,6.24,493868000
30 May 2018,6.25,6.33,6.22,6.32,6.25,390996000
29 May 2018,6.21,6.28,6.17,6.21,6.15,352684000
25 May 2018,6.20,6.25,6.17,6.23,6.16,292112000
24 May 2018,6.18,6.24,6.13,6.19,6.12,437372000
23 May 2018,6.01,6.19,6.01,6.19,6.12,442956000
22 May 2018,6.12,6.14,6.01,6.07,6.00,518264000
21 May 2018,6.25,6.25,6.01,6.11,6.03,640624000
18 May 2018,6.25,6.31,6.14,6.15,6.08,483716000
17 May 2018,6.15,6.29,6.14,6.19,6.12,519784000
16 May 2018,6.10,6.21,6.06,6.15,6.08,553828000
15 May 2018,6.32,6.32,6.04,6.14,6.07,963528000
14 May 2018,6.40,6.46,6.36,6.38,6.31,523140000
11 May 2018,6.32,6.49,6.26,6.36,6.29,1214456000
10 May 2018,6.45,6.51,6.43,6.50,6.43,994080000
09 May 2018,6.28,6.40,6.25,6.39,6.32,596760000
08 May 2018,6.22,6.26,6.17,6.26,6.19,506616000
07 May 2018,6.08,6.27,6.07,6.22,6.14,687616000
04 May 2018,5.80,5.98,5.78,5.98,5.91,400660000
03 May 2018,5.69,5.85,5.64,5.82,5.76,443144000
02 May 2018,5.68,5.72,5.63,5.66,5.59,268248000
01 May 2018,5.61,5.68,5.55,5.68,5.61,253788000
30 Apr 2018,5.67,5.72,5.60,5.62,5.56,327844000
27 Apr 2018,5.74,5.76,5.62,5.66,5.59,400848000
26 Apr 2018,5.58,5.64,5.51,5.63,5.56,375824000
25 Apr 2018,5.50,5.54,5.26,5.42,5.35,588492000
24 Apr 2018,5.62,5.72,5.46,5.53,5.47,414596000
23 Apr 2018,5.74,5.79,5.57,5.60,5.53,427508000
20 Apr 2018,5.72,5.80,5.69,5.72,5.65,386200000
19 Apr 2018,5.79,5.83,5.67,5.73,5.66,471996000
18 Apr 2018,5.89,5.98,5.82,5.91,5.84,391364000
17 Apr 2018,5.84,5.96,5.78,5.94,5.87,447224000
16 Apr 2018,5.79,5.82,5.69,5.79,5.72,350792000
13 Apr 2018,5.93,5.94,5.74,5.79,5.72,503036000
12 Apr 2018,5.75,5.88,5.71,5.86,5.80,593920000
11 Apr 2018,5.68,5.72,5.62,5.66,5.59,460244000
10 Apr 2018,5.62,5.72,5.56,5.70,5.63,761676000
09 Apr 2018,5.42,5.55,5.36,5.39,5.32,499524000
06 Apr 2018,5.43,5.54,5.33,5.36,5.29,662988000
05 Apr 2018,5.72,5.73,5.46,5.53,5.47,701240000
04 Apr 2018,5.38,5.67,5.35,5.66,5.59,789168000
03 Apr 2018,5.70,5.76,5.53,5.63,5.57,667432000
02 Apr 2018,5.72,5.87,5.44,5.53,5.46,922092000
29 Mar 2018,5.60,5.89,5.52,5.79,5.72,916628000
28 Mar 2018,5.60,5.73,5.43,5.53,5.47,945904000
27 Mar 2018,6.19,6.25,5.50,5.64,5.57,1409000000
26 Mar 2018,5.95,6.11,5.90,6.11,6.04,611424000
23 Mar 2018,6.06,6.06,5.81,5.82,5.76,735620000
22 Mar 2018,6.15,6.20,6.01,6.05,5.98,551196000
21 Mar 2018,6.23,6.30,6.18,6.21,6.14,438688000
20 Mar 2018,6.03,6.28,6.03,6.24,6.17,554696000
19 Mar 2018,6.20,6.23,5.93,6.03,5.95,713772000
16 Mar 2018,6.25,6.28,6.21,6.26,6.19,399456000
15 Mar 2018,6.23,6.32,6.19,6.23,6.16,401952000
14 Mar 2018,6.24,6.26,6.16,6.22,6.15,505496000
13 Mar 2018,6.29,6.36,6.15,6.19,6.12,619772000
12 Mar 2018,6.18,6.32,6.17,6.24,6.17,605060000
09 Mar 2018,6.08,6.15,6.06,6.13,6.06,505524000
08 Mar 2018,6.07,6.07,5.98,6.03,5.96,411912000
07 Mar 2018,5.95,6.10,5.95,6.05,5.98,581208000
06 Mar 2018,5.98,6.07,5.93,6.05,5.98,636808000
05 Mar 2018,5.86,5.93,5.74,5.89,5.82,620776000
02 Mar 2018,5.70,5.92,5.55,5.91,5.84,913428000
01 Mar 2018,6.05,6.10,5.70,5.81,5.74,1040120000
28 Feb 2018,6.16,6.20,6.04,6.05,5.98,523116000
27 Feb 2018,6.14,6.22,6.13,6.15,6.08,455436000
26 Feb 2018,6.20,6.20,6.10,6.16,6.09,469312000
23 Feb 2018,6.11,6.15,6.06,6.15,6.08,415300000
22 Feb 2018,6.07,6.14,5.99,6.05,5.98,534364000
21 Feb 2018,6.29,6.30,6.03,6.04,5.96,892292000
20 Feb 2018,6.12,6.30,6.11,6.23,6.15,686240000
16 Feb 2018,6.14,6.25,6.09,6.10,6.02,637656000
15 Feb 2018,6.12,6.21,6.04,6.16,6.09,698900000
14 Feb 2018,5.78,6.06,5.76,6.04,5.96,744988000
13 Feb 2018,5.66,5.86,5.63,5.82,5.74,625524000
12 Feb 2018,5.88,5.89,5.63,5.70,5.63,1093172000
09 Feb 2018,5.96,5.97,5.44,5.80,5.73,1674604000
08 Feb 2018,5.85,5.88,5.44,5.44,5.37,1144000000
07 Feb 2018,5.74,5.87,5.67,5.72,5.65,802932000
06 Feb 2018,5.11,5.64,5.10,5.64,5.57,1114800000
05 Feb 2018,5.68,5.83,5.12,5.34,5.28,1165204000
02 Feb 2018,5.93,5.95,5.78,5.84,5.77,718464000
01 Feb 2018,5.96,6.17,5.95,6.01,5.94,519224000
31 Jan 2018,6.14,6.23,6.11,6.14,6.07,478576000
30 Jan 2018,6.03,6.16,5.96,6.07,5.99,570832000
29 Jan 2018,6.07,6.20,6.02,6.17,6.10,455116000
26 Jan 2018,5.95,6.08,5.94,6.08,6.01,516356000
25 Jan 2018,5.95,5.99,5.89,5.91,5.84,409884000
24 Jan 2018,5.98,6.01,5.84,5.89,5.82,579972000
23 Jan 2018,5.90,6.00,5.88,5.97,5.90,475228000
22 Jan 2018,5.76,5.84,5.70,5.84,5.77,550944000
19 Jan 2018,5.70,5.78,5.68,5.75,5.68,609380000
18 Jan 2018,5.60,5.67,5.57,5.61,5.54,408632000
17 Jan 2018,5.52,5.63,5.42,5.62,5.55,538408000
16 Jan 2018,5.60,5.69,5.42,5.50,5.44,702348000
12 Jan 2018,5.59,5.62,5.53,5.57,5.51,359916000
11 Jan 2018,5.62,5.66,5.58,5.60,5.53,406032000
10 Jan 2018,5.45,5.60,5.40,5.59,5.52,582664000
09 Jan 2018,5.56,5.60,5.47,5.55,5.48,497000000
08 Jan 2018,5.51,5.62,5.46,5.55,5.48,881216000
05 Jan 2018,5.35,5.42,5.28,5.39,5.32,580124000
04 Jan 2018,5.39,5.45,5.32,5.34,5.27,583268000
03 Jan 2018,5.10,5.34,5.09,5.31,5.25,914704000
02 Jan 2018,4.89,4.99,4.86,4.98,4.92,355616000
